   0.195322E+00  0.802468E+00
   0.196332E+00  0.804541E+00
   0.201379E+00  0.816670E+00
   0.211466E+00  0.838323E+00
   0.216509E+00  0.848017E+00
   0.221553E+00  0.857042E+00
   0.226595E+00  0.865345E+00
   0.231637E+00  0.873108E+00
   0.241717E+00  0.886979E+00
   0.251796E+00  0.899021E+00
   0.261872E+00  0.909611E+00
   0.282019E+00  0.926581E+00
   0.302161E+00  0.939921E+00
   0.310000E+00  0.944128E+00
   0.320000E+00  0.949225E+00
   0.350000E+00  0.960921E+00
   0.370000E+00  0.966729E+00
   0.400000E+00  0.973674E+00
   0.420000E+00  0.977637E+00
   0.450000E+00  0.981777E+00
   0.480000E+00  0.985013E+00
   0.500000E+00  0.986135E+00
   0.520000E+00  0.988886E+00
   0.549967E+00  0.990198E+00
   0.599964E+00  0.990220E+00
   0.649961E+00  0.990123E+00
   0.699958E+00  0.989155E+00
   0.749955E+00  0.989742E+00
   0.799952E+00  0.991055E+00
   0.849949E+00  0.990496E+00
   0.899946E+00  0.990875E+00
   0.949943E+00  0.991016E+00
   0.999940E+00  0.988627E+00
   0.101994E+01  0.989889E+00
   0.102994E+01  0.990263E+00
   0.103809E+01  0.990186E+00
   0.103829E+01  0.987410E+00
   0.103844E+01  0.986673E+00
   0.103854E+01  0.985311E+00
   0.103859E+01  0.982919E+00
   0.103874E+01  0.974699E+00
   0.103884E+01  0.968545E+00
   0.103894E+01  0.962955E+00
   0.103914E+01  0.953708E+00
   0.103929E+01  0.949066E+00
   0.103934E+01  0.948494E+00
   0.103939E+01  0.948492E+00
   0.103944E+01  0.949147E+00
   0.103969E+01  0.955840E+00
   0.103984E+01  0.961705E+00
   0.103994E+01  0.966378E+00
   0.104014E+01  0.976095E+00
   0.104024E+01  0.981947E+00
   0.104034E+01  0.986648E+00
   0.104039E+01  0.988794E+00
   0.104044E+01  0.989010E+00
   0.104064E+01  0.990665E+00
   0.105009E+01  0.990580E+00
   0.105044E+01  0.985309E+00
   0.105074E+01  0.973764E+00
   0.105084E+01  0.968338E+00
   0.105094E+01  0.962224E+00
   0.105114E+01  0.949720E+00
   0.105134E+01  0.937738E+00
   0.105144E+01  0.933746E+00
   0.105154E+01  0.930933E+00
   0.105164E+01  0.933195E+00
   0.105174E+01  0.937426E+00
   0.105194E+01  0.948821E+00
   0.105214E+01  0.960068E+00
   0.105229E+01  0.967701E+00
   0.105249E+01  0.975617E+00
   0.105259E+01  0.980827E+00
   0.105269E+01  0.983408E+00
   0.105299E+01  0.987043E+00
   0.105359E+01  0.989557E+00
   0.106652E+01  0.989672E+00
   0.106672E+01  0.986685E+00
   0.106682E+01  0.985251E+00
   0.106692E+01  0.983186E+00
   0.106702E+01  0.981622E+00
   0.106722E+01  0.978040E+00
   0.106742E+01  0.972535E+00
   0.106752E+01  0.970051E+00
   0.106762E+01  0.968300E+00
   0.106772E+01  0.970045E+00
   0.106782E+01  0.972795E+00
   0.106802E+01  0.978023E+00
   0.106822E+01  0.983315E+00
   0.106832E+01  0.985231E+00
   0.106842E+01  0.987048E+00
   0.106872E+01  0.989650E+00
   0.106994E+01  0.988701E+00
   0.109993E+01  0.990697E+00
   0.114993E+01  0.989980E+00
   0.118993E+01  0.989634E+00
   0.119133E+01  0.988203E+00
   0.119153E+01  0.985788E+00
   0.119178E+01  0.979200E+00
   0.119203E+01  0.972661E+00
   0.119228E+01  0.968788E+00
   0.119253E+01  0.966430E+00
   0.119303E+01  0.961616E+00
   0.119333E+01  0.958297E+00
   0.119353E+01  0.956875E+00
   0.119403E+01  0.957417E+00
   0.119453E+01  0.957826E+00
   0.119503E+01  0.957666E+00
   0.119553E+01  0.956874E+00
   0.119603E+01  0.956857E+00
   0.119653E+01  0.956422E+00
   0.119703E+01  0.955992E+00
   0.119753E+01  0.955228E+00
   0.119803E+01  0.954147E+00
   0.119833E+01  0.954664E+00
   0.119853E+01  0.956144E+00
   0.119873E+01  0.958769E+00
   0.119903E+01  0.964051E+00
   0.119933E+01  0.976398E+00
   0.119953E+01  0.984421E+00
   0.119963E+01  0.987343E+00
   0.119973E+01  0.987596E+00
   0.120003E+01  0.989245E+00
   0.120053E+01  0.985682E+00
   0.120103E+01  0.981953E+00
   0.120153E+01  0.978586E+00
   0.120203E+01  0.975181E+00
   0.120233E+01  0.973468E+00
   0.120253E+01  0.971315E+00
   0.120273E+01  0.969016E+00
   0.120293E+01  0.965511E+00
   0.120313E+01  0.962426E+00
   0.120333E+01  0.958912E+00
   0.120353E+01  0.954406E+00
   0.120373E+01  0.949430E+00
   0.120393E+01  0.944178E+00
   0.120413E+01  0.937443E+00
   0.120433E+01  0.929204E+00
   0.120453E+01  0.920059E+00
   0.120476E+01  0.904864E+00
   0.120496E+01  0.887977E+00
   0.120516E+01  0.868466E+00
   0.120537E+01  0.845882E+00
   0.120557E+01  0.818363E+00
   0.120567E+01  0.803137E+00
   0.120577E+01  0.785267E+00
   0.120587E+01  0.765366E+00
   0.120597E+01  0.742838E+00
   0.120607E+01  0.718181E+00
   0.120617E+01  0.697597E+00
   0.120627E+01  0.682530E+00
   0.120637E+01  0.674437E+00
   0.120647E+01  0.685054E+00
   0.120657E+01  0.699395E+00
   0.120667E+01  0.723091E+00
   0.120677E+01  0.748193E+00
   0.120687E+01  0.772175E+00
   0.120697E+01  0.797149E+00
   0.120717E+01  0.837010E+00
   0.120737E+01  0.869449E+00
   0.120757E+01  0.892359E+00
   0.120777E+01  0.907642E+00
   0.120793E+01  0.915343E+00
   0.120813E+01  0.923112E+00
   0.120833E+01  0.930061E+00
   0.120853E+01  0.934810E+00
   0.120878E+01  0.939188E+00
   0.120903E+01  0.942206E+00
   0.120928E+01  0.943403E+00
   0.120953E+01  0.943605E+00
   0.121003E+01  0.944066E+00
   0.121053E+01  0.944695E+00
   0.121103E+01  0.946624E+00
   0.121153E+01  0.948576E+00
   0.121203E+01  0.951176E+00
   0.121253E+01  0.955925E+00
   0.121278E+01  0.959971E+00
   0.121303E+01  0.963043E+00
   0.121328E+01  0.964329E+00
   0.121353E+01  0.965304E+00
   0.121403E+01  0.967155E+00
   0.121453E+01  0.969853E+00
   0.121503E+01  0.976913E+00
   0.121553E+01  0.983808E+00
   0.121603E+01  0.988806E+00
   0.121653E+01  0.988513E+00
   0.121703E+01  0.986418E+00
   0.121753E+01  0.984608E+00
   0.121803E+01  0.982612E+00
   0.121853E+01  0.980324E+00
   0.121903E+01  0.977546E+00
   0.121953E+01  0.973577E+00
   0.121978E+01  0.969202E+00
   0.122003E+01  0.962077E+00
   0.122028E+01  0.955300E+00
   0.122053E+01  0.949414E+00
   0.122073E+01  0.942939E+00
   0.122093E+01  0.932672E+00
   0.122109E+01  0.920295E+00
   0.122129E+01  0.907596E+00
   0.122149E+01  0.894346E+00
   0.122169E+01  0.880296E+00
   0.122189E+01  0.857359E+00
   0.122199E+01  0.840261E+00
   0.122209E+01  0.821951E+00
   0.122219E+01  0.800114E+00
   0.122229E+01  0.779880E+00
   0.122239E+01  0.768836E+00
   0.122249E+01  0.764305E+00
   0.122259E+01  0.769366E+00
   0.122269E+01  0.781405E+00
   0.122279E+01  0.798158E+00
   0.122289E+01  0.817556E+00
   0.122299E+01  0.837614E+00
   0.122309E+01  0.857956E+00
   0.122319E+01  0.875345E+00
   0.122329E+01  0.888747E+00
   0.122349E+01  0.911419E+00
   0.122369E+01  0.926749E+00
   0.122393E+01  0.940169E+00
   0.122413E+01  0.948902E+00
   0.122433E+01  0.956728E+00
   0.122453E+01  0.963217E+00
   0.122478E+01  0.968871E+00
   0.122503E+01  0.972382E+00
   0.122528E+01  0.975626E+00
   0.122553E+01  0.977720E+00
   0.122603E+01  0.979392E+00
   0.122653E+01  0.980363E+00
   0.123053E+01  0.981878E+00
   0.123503E+01  0.983552E+00
   0.123553E+01  0.981262E+00
   0.123573E+01  0.979231E+00
   0.123583E+01  0.977536E+00
   0.123593E+01  0.975150E+00
   0.123603E+01  0.971554E+00
   0.123612E+01  0.965607E+00
   0.123622E+01  0.956540E+00
   0.123632E+01  0.947859E+00
   0.123642E+01  0.945309E+00
   0.123652E+01  0.945247E+00
   0.123662E+01  0.947003E+00
   0.123672E+01  0.950984E+00
   0.123682E+01  0.958258E+00
   0.123692E+01  0.968256E+00
   0.123703E+01  0.974731E+00
   0.123713E+01  0.978113E+00
   0.123723E+01  0.980535E+00
   0.123733E+01  0.981414E+00
   0.123753E+01  0.982528E+00
   0.123803E+01  0.984568E+00
   0.123993E+01  0.985217E+00
   0.124993E+01  0.990659E+00
   0.125404E+01  0.990629E+00
   0.125454E+01  0.988455E+00
   0.125473E+01  0.984812E+00
   0.125493E+01  0.980260E+00
   0.125503E+01  0.977801E+00
   0.125513E+01  0.976379E+00
   0.125524E+01  0.976449E+00
   0.125534E+01  0.977565E+00
   0.125544E+01  0.980166E+00
   0.125564E+01  0.984916E+00
   0.125584E+01  0.988293E+00
   0.125654E+01  0.989891E+00
   0.126563E+01  0.989645E+00
   0.126623E+01  0.986915E+00
   0.126643E+01  0.984558E+00
   0.126663E+01  0.979473E+00
   0.126683E+01  0.973016E+00
   0.126693E+01  0.969243E+00
   0.126703E+01  0.966205E+00
   0.126713E+01  0.966921E+00
   0.126733E+01  0.967972E+00
   0.126753E+01  0.970082E+00
   0.126773E+01  0.973649E+00
   0.126793E+01  0.977113E+00
   0.126813E+01  0.979707E+00
   0.126833E+01  0.983324E+00
   0.126853E+01  0.985356E+00
   0.126903E+01  0.988633E+00
   0.126933E+01  0.989615E+00
   0.126992E+01  0.989106E+00
   0.128992E+01  0.988608E+00
   0.129296E+01  0.989079E+00
   0.129346E+01  0.985963E+00
   0.129366E+01  0.983657E+00
   0.129386E+01  0.981151E+00
   0.129406E+01  0.978689E+00
   0.129426E+01  0.975580E+00
   0.129446E+01  0.971346E+00
   0.129466E+01  0.965484E+00
   0.129486E+01  0.958423E+00
   0.129506E+01  0.948778E+00
   0.129513E+01  0.944892E+00
   0.129523E+01  0.933252E+00
   0.129543E+01  0.906805E+00
   0.129563E+01  0.885859E+00
   0.129573E+01  0.879898E+00
   0.129579E+01  0.878956E+00
   0.129583E+01  0.879618E+00
   0.129594E+01  0.886784E+00
   0.129614E+01  0.905736E+00
   0.129634E+01  0.931566E+00
   0.129639E+01  0.939048E+00
   0.129646E+01  0.945565E+00
   0.129666E+01  0.956618E+00
   0.129686E+01  0.964759E+00
   0.129706E+01  0.971480E+00
   0.129726E+01  0.976986E+00
   0.129746E+01  0.981394E+00
   0.129766E+01  0.983720E+00
   0.129796E+01  0.985915E+00
   0.130992E+01  0.990412E+00
   0.131449E+01  0.989798E+00
   0.131499E+01  0.988555E+00
   0.131549E+01  0.985331E+00
   0.131569E+01  0.983382E+00
   0.131589E+01  0.981335E+00
   0.131609E+01  0.978861E+00
   0.131629E+01  0.976494E+00
   0.131649E+01  0.973207E+00
   0.131669E+01  0.969367E+00
   0.131689E+01  0.965329E+00
   0.131709E+01  0.960089E+00
   0.131735E+01  0.951474E+00
   0.131745E+01  0.945528E+00
   0.131765E+01  0.929416E+00
   0.131776E+01  0.919286E+00
   0.131786E+01  0.906977E+00
   0.131796E+01  0.888291E+00
   0.131806E+01  0.870230E+00
   0.131826E+01  0.837826E+00
   0.131836E+01  0.830117E+00
   0.131843E+01  0.827177E+00
   0.131846E+01  0.827655E+00
   0.131856E+01  0.836363E+00
   0.131876E+01  0.864886E+00
   0.131886E+01  0.880571E+00
   0.131896E+01  0.896067E+00
   0.131906E+01  0.911604E+00
   0.131916E+01  0.923005E+00
   0.131926E+01  0.930860E+00
   0.131936E+01  0.938497E+00
   0.131956E+01  0.950764E+00
   0.131969E+01  0.957821E+00
   0.131979E+01  0.962931E+00
   0.131989E+01  0.966896E+00
   0.131997E+01  0.968750E+00
   0.132002E+01  0.970220E+00
   0.132012E+01  0.971769E+00
   0.132032E+01  0.974871E+00
   0.132052E+01  0.977237E+00
   0.132072E+01  0.979893E+00
   0.132092E+01  0.982207E+00
   0.132109E+01  0.984507E+00
   0.132129E+01  0.987380E+00
   0.132149E+01  0.987687E+00
   0.132169E+01  0.988667E+00
   0.132199E+01  0.989011E+00
   0.132992E+01  0.990679E+00
   0.133316E+01  0.989847E+00
   0.134373E+01  0.989573E+00
   0.134404E+01  0.985285E+00
   0.134409E+01  0.980941E+00
   0.134413E+01  0.969559E+00
   0.134417E+01  0.958410E+00
   0.134422E+01  0.952218E+00
   0.134426E+01  0.950135E+00
   0.134430E+01  0.947035E+00
   0.134435E+01  0.938925E+00
   0.134439E+01  0.928221E+00
   0.134443E+01  0.916999E+00
   0.134448E+01  0.903655E+00
   0.134452E+01  0.886351E+00
   0.134456E+01  0.866009E+00
   0.134461E+01  0.847228E+00
   0.134465E+01  0.835990E+00
   0.134470E+01  0.836551E+00
   0.134474E+01  0.849436E+00
   0.134478E+01  0.872339E+00
   0.134483E+01  0.901407E+00
   0.134487E+01  0.933682E+00
   0.134491E+01  0.977688E+00
   0.134500E+01  0.984230E+00
   0.134518E+01  0.986399E+00
   0.134572E+01  0.987306E+00
   0.134697E+01  0.985389E+00
   0.135365E+01  0.981445E+00
   0.135861E+01  0.978467E+00
   0.136362E+01  0.974849E+00
   0.136793E+01  0.974059E+00
   0.137300E+01  0.971432E+00
   0.137885E+01  0.969517E+00
   0.138474E+01  0.964550E+00
   0.138770E+01  0.962351E+00
   0.138845E+01  0.961420E+00
   0.138919E+01  0.959693E+00
   0.138993E+01  0.958428E+00
   0.139068E+01  0.957534E+00
   0.139143E+01  0.956799E+00
   0.139217E+01  0.956776E+00
   0.139292E+01  0.956896E+00
   0.139367E+01  0.955937E+00
   0.139442E+01  0.954369E+00
   0.139517E+01  0.952511E+00
   0.139592E+01  0.950314E+00
   0.139668E+01  0.948685E+00
   0.139743E+01  0.947412E+00
   0.139818E+01  0.946320E+00
   0.139894E+01  0.943368E+00
   0.139969E+01  0.939700E+00
   0.140045E+01  0.935387E+00
   0.140120E+01  0.931798E+00
   0.140196E+01  0.929482E+00
   0.140272E+01  0.926759E+00
   0.140348E+01  0.924011E+00
   0.140424E+01  0.920550E+00
   0.140500E+01  0.917292E+00
   0.140576E+01  0.914802E+00
   0.140653E+01  0.912784E+00
   0.140729E+01  0.911444E+00
   0.140805E+01  0.909420E+00
   0.140882E+01  0.906289E+00
   0.140959E+01  0.901591E+00
   0.141035E+01  0.895838E+00
   0.141112E+01  0.889358E+00
   0.141189E+01  0.882297E+00
   0.141266E+01  0.875363E+00
   0.141343E+01  0.868308E+00
   0.141420E+01  0.861241E+00
   0.141497E+01  0.854051E+00
   0.141574E+01  0.847075E+00
   0.141652E+01  0.840860E+00
   0.141729E+01  0.836199E+00
   0.141768E+01  0.831696E+00
   0.141807E+01  0.829633E+00
   0.141845E+01  0.826094E+00
   0.141855E+01  0.823528E+00
   0.141860E+01  0.822766E+00
   0.141865E+01  0.822487E+00
   0.141870E+01  0.822275E+00
   0.141874E+01  0.821660E+00
   0.141879E+01  0.820389E+00
   0.141884E+01  0.818397E+00
   0.141889E+01  0.815564E+00
   0.141894E+01  0.811689E+00
   0.141899E+01  0.807437E+00
   0.141904E+01  0.804007E+00
   0.141908E+01  0.801836E+00
   0.141913E+01  0.800290E+00
   0.141918E+01  0.798657E+00
   0.141923E+01  0.796821E+00
   0.141928E+01  0.795141E+00
   0.141933E+01  0.793893E+00
   0.141938E+01  0.793113E+00
   0.141942E+01  0.792064E+00
   0.141962E+01  0.786024E+00
   0.142001E+01  0.776273E+00
   0.142040E+01  0.767205E+00
   0.142079E+01  0.759892E+00
   0.142118E+01  0.755447E+00
   0.142157E+01  0.750693E+00
   0.142196E+01  0.747990E+00
   0.142274E+01  0.741791E+00
   0.142352E+01  0.736137E+00
   0.142430E+01  0.730033E+00
   0.142469E+01  0.726148E+00
   0.142508E+01  0.724916E+00
   0.142513E+01  0.724624E+00
   0.142518E+01  0.723777E+00
   0.142523E+01  0.722341E+00
   0.142528E+01  0.720792E+00
   0.142533E+01  0.719443E+00
   0.142538E+01  0.718308E+00
   0.142542E+01  0.717659E+00
   0.142547E+01  0.717535E+00
   0.142552E+01  0.717856E+00
   0.142557E+01  0.718875E+00
   0.142562E+01  0.721295E+00
   0.142567E+01  0.724941E+00
   0.142572E+01  0.728507E+00
   0.142577E+01  0.730491E+00
   0.142582E+01  0.730530E+00
   0.142587E+01  0.729799E+00
   0.142592E+01  0.729401E+00
   0.142596E+01  0.729331E+00
   0.142601E+01  0.729070E+00
   0.142606E+01  0.728933E+00
   0.142611E+01  0.729567E+00
   0.142616E+01  0.730972E+00
   0.142621E+01  0.732457E+00
   0.142626E+01  0.733420E+00
   0.142631E+01  0.734205E+00
   0.142636E+01  0.735460E+00
   0.142640E+01  0.737507E+00
   0.142645E+01  0.740569E+00
   0.142650E+01  0.744422E+00
   0.142655E+01  0.748511E+00
   0.142660E+01  0.752425E+00
   0.142665E+01  0.756112E+00
   0.142670E+01  0.758971E+00
   0.142675E+01  0.760132E+00
   0.142680E+01  0.759639E+00
   0.142685E+01  0.758498E+00
   0.142704E+01  0.754576E+00
   0.142744E+01  0.749487E+00
   0.142783E+01  0.748017E+00
   0.142822E+01  0.745693E+00
   0.142862E+01  0.740185E+00
   0.142901E+01  0.731798E+00
   0.142906E+01  0.732002E+00
   0.142911E+01  0.732486E+00
   0.142916E+01  0.733004E+00
   0.142921E+01  0.733759E+00
   0.142926E+01  0.735551E+00
   0.142931E+01  0.739625E+00
   0.142936E+01  0.747544E+00
   0.142940E+01  0.759968E+00
   0.142945E+01  0.775627E+00
   0.142950E+01  0.791862E+00
   0.142955E+01  0.805462E+00
   0.142960E+01  0.814080E+00
   0.142965E+01  0.818063E+00
   0.142970E+01  0.820276E+00
   0.142975E+01  0.823562E+00
   0.142980E+01  0.828383E+00
   0.142985E+01  0.833277E+00
   0.142990E+01  0.836692E+00
   0.142995E+01  0.838438E+00
   0.142999E+01  0.839497E+00
   0.143004E+01  0.840765E+00
   0.143009E+01  0.842436E+00
   0.143014E+01  0.843418E+00
   0.143019E+01  0.842941E+00
   0.143024E+01  0.841952E+00
   0.143029E+01  0.841547E+00
   0.143034E+01  0.841376E+00
   0.143039E+01  0.840443E+00
   0.143059E+01  0.837112E+00
   0.143098E+01  0.826685E+00
   0.143138E+01  0.810333E+00
   0.143177E+01  0.791325E+00
   0.143217E+01  0.765994E+00
   0.143256E+01  0.730301E+00
   0.143296E+01  0.688746E+00
   0.143301E+01  0.681605E+00
   0.143306E+01  0.674533E+00
   0.143310E+01  0.666973E+00
   0.143314E+01  0.658103E+00
   0.143320E+01  0.649420E+00
   0.143325E+01  0.644830E+00
   0.143329E+01  0.637292E+00
   0.143334E+01  0.629663E+00
   0.143339E+01  0.617750E+00
   0.143344E+01  0.607118E+00
   0.143349E+01  0.599331E+00
   0.143354E+01  0.587215E+00
   0.143359E+01  0.576697E+00
   0.143364E+01  0.561053E+00
   0.143369E+01  0.546987E+00
   0.143374E+01  0.532394E+00
   0.143379E+01  0.522386E+00
   0.143384E+01  0.508469E+00
   0.143389E+01  0.492540E+00
   0.143391E+01  0.487983E+00
   0.143394E+01  0.480101E+00
   0.143396E+01  0.471935E+00
   0.143399E+01  0.463538E+00
   0.143401E+01  0.455755E+00
   0.143404E+01  0.448307E+00
   0.143406E+01  0.439474E+00
   0.143409E+01  0.431180E+00
   0.143411E+01  0.423212E+00
   0.143414E+01  0.415371E+00
   0.143416E+01  0.406827E+00
   0.143419E+01  0.397990E+00
   0.143421E+01  0.389742E+00
   0.143424E+01  0.380609E+00
   0.143426E+01  0.369933E+00
   0.143429E+01  0.360265E+00
   0.143431E+01  0.348017E+00
   0.143434E+01  0.336060E+00
   0.143436E+01  0.322854E+00
   0.143439E+01  0.310313E+00
   0.143441E+01  0.296712E+00
   0.143443E+01  0.282710E+00
   0.143446E+01  0.268534E+00
   0.143449E+01  0.254536E+00
   0.143451E+01  0.239147E+00
   0.143453E+01  0.224758E+00
   0.143456E+01  0.208856E+00
   0.143458E+01  0.194785E+00
   0.143461E+01  0.179545E+00
   0.143463E+01  0.165803E+00
   0.143466E+01  0.151891E+00
   0.143468E+01  0.138727E+00
   0.143471E+01  0.125745E+00
   0.143473E+01  0.113949E+00
   0.143476E+01  0.103010E+00
   0.143478E+01  0.933410E-01
   0.143481E+01  0.841381E-01
   0.143483E+01  0.769681E-01
   0.143486E+01  0.710161E-01
   0.143488E+01  0.666380E-01
   0.143491E+01  0.643407E-01
   0.143493E+01  0.627212E-01
   0.143496E+01  0.646740E-01
   0.143498E+01  0.669043E-01
   0.143501E+01  0.722800E-01
   0.143503E+01  0.786107E-01
   0.143506E+01  0.866131E-01
   0.143508E+01  0.965207E-01
   0.143511E+01  0.106501E+00
   0.143513E+01  0.118496E+00
   0.143516E+01  0.130636E+00
   0.143518E+01  0.143934E+00
   0.143521E+01  0.157366E+00
   0.143523E+01  0.171921E+00
   0.143525E+01  0.186329E+00
   0.143528E+01  0.201295E+00
   0.143530E+01  0.214861E+00
   0.143533E+01  0.229636E+00
   0.143535E+01  0.242316E+00
   0.143538E+01  0.256230E+00
   0.143540E+01  0.268666E+00
   0.143543E+01  0.281647E+00
   0.143545E+01  0.294148E+00
   0.143548E+01  0.306567E+00
   0.143550E+01  0.318331E+00
   0.143553E+01  0.329307E+00
   0.143555E+01  0.338760E+00
   0.143558E+01  0.349330E+00
   0.143560E+01  0.358847E+00
   0.143563E+01  0.368742E+00
   0.143565E+01  0.376935E+00
   0.143568E+01  0.385497E+00
   0.143570E+01  0.394455E+00
   0.143573E+01  0.403285E+00
   0.143575E+01  0.412349E+00
   0.143578E+01  0.421380E+00
   0.143580E+01  0.429410E+00
   0.143583E+01  0.437587E+00
   0.143585E+01  0.445170E+00
   0.143588E+01  0.453208E+00
   0.143590E+01  0.459477E+00
   0.143592E+01  0.465534E+00
   0.143595E+01  0.473342E+00
   0.143597E+01  0.475664E+00
   0.143602E+01  0.487797E+00
   0.143607E+01  0.503728E+00
   0.143612E+01  0.514289E+00
   0.143617E+01  0.525109E+00
   0.143622E+01  0.535432E+00
   0.143627E+01  0.548293E+00
   0.143632E+01  0.561322E+00
   0.143637E+01  0.573099E+00
   0.143642E+01  0.584369E+00
   0.143647E+01  0.591530E+00
   0.143652E+01  0.598631E+00
   0.143657E+01  0.604542E+00
   0.143693E+01  0.663176E+00
   0.143733E+01  0.706763E+00
   0.143773E+01  0.736161E+00
   0.143813E+01  0.759120E+00
   0.143818E+01  0.760352E+00
   0.143823E+01  0.761612E+00
   0.143828E+01  0.763187E+00
   0.143833E+01  0.764789E+00
   0.143838E+01  0.766238E+00
   0.143843E+01  0.767327E+00
   0.143847E+01  0.767966E+00
   0.143853E+01  0.768191E+00
   0.143858E+01  0.767891E+00
   0.143863E+01  0.767014E+00
   0.143867E+01  0.765623E+00
   0.143873E+01  0.763790E+00
   0.143877E+01  0.761970E+00
   0.143883E+01  0.760793E+00
   0.143887E+01  0.760620E+00
   0.143892E+01  0.761596E+00
   0.143897E+01  0.764138E+00
   0.143902E+01  0.768436E+00
   0.143907E+01  0.773736E+00
   0.143912E+01  0.778916E+00
   0.143917E+01  0.783347E+00
   0.143922E+01  0.787065E+00
   0.143927E+01  0.790567E+00
   0.143932E+01  0.794409E+00
   0.143937E+01  0.798566E+00
   0.143942E+01  0.802151E+00
   0.143947E+01  0.804803E+00
   0.143952E+01  0.807176E+00
   0.143957E+01  0.809934E+00
   0.143972E+01  0.815302E+00
   0.144012E+01  0.826458E+00
   0.144052E+01  0.835713E+00
   0.144092E+01  0.843212E+00
   0.144132E+01  0.842240E+00
   0.144138E+01  0.841219E+00
   0.144142E+01  0.840463E+00
   0.144148E+01  0.839246E+00
   0.144152E+01  0.837625E+00
   0.144158E+01  0.835766E+00
   0.144163E+01  0.833797E+00
   0.144168E+01  0.831637E+00
   0.144172E+01  0.829391E+00
   0.144178E+01  0.827293E+00
   0.144182E+01  0.825725E+00
   0.144188E+01  0.825500E+00
   0.144193E+01  0.826684E+00
   0.144198E+01  0.828771E+00
   0.144203E+01  0.830873E+00
   0.144208E+01  0.832778E+00
   0.144213E+01  0.834991E+00
   0.144218E+01  0.837416E+00
   0.144223E+01  0.839769E+00
   0.144228E+01  0.841174E+00
   0.144233E+01  0.841472E+00
   0.144253E+01  0.849003E+00
   0.144293E+01  0.861445E+00
   0.144333E+01  0.865978E+00
   0.144373E+01  0.869581E+00
   0.144414E+01  0.869692E+00
   0.144454E+01  0.860995E+00
   0.144459E+01  0.860884E+00
   0.144464E+01  0.859459E+00
   0.144469E+01  0.856770E+00
   0.144474E+01  0.853816E+00
   0.144479E+01  0.850825E+00
   0.144484E+01  0.847146E+00
   0.144489E+01  0.842626E+00
   0.144494E+01  0.838155E+00
   0.144499E+01  0.834833E+00
   0.144504E+01  0.833059E+00
   0.144509E+01  0.833297E+00
   0.144514E+01  0.835485E+00
   0.144519E+01  0.839359E+00
   0.144524E+01  0.844016E+00
   0.144529E+01  0.849149E+00
   0.144534E+01  0.854478E+00
   0.144539E+01  0.859563E+00
   0.144544E+01  0.863445E+00
   0.144549E+01  0.865793E+00
   0.144554E+01  0.867239E+00
   0.144575E+01  0.873410E+00
   0.144615E+01  0.884245E+00
   0.144655E+01  0.892174E+00
   0.144696E+01  0.897279E+00
   0.144736E+01  0.901478E+00
   0.144776E+01  0.902806E+00
   0.144817E+01  0.903842E+00
   0.144898E+01  0.907173E+00
   0.144979E+01  0.910816E+00
   0.145060E+01  0.915133E+00
   0.145141E+01  0.917987E+00
   0.145222E+01  0.918630E+00
   0.145304E+01  0.917900E+00
   0.145385E+01  0.917578E+00
   0.145467E+01  0.917812E+00
   0.145549E+01  0.919202E+00
   0.145630E+01  0.922524E+00
   0.145712E+01  0.925824E+00
   0.145794E+01  0.929155E+00
   0.145876E+01  0.932109E+00
   0.145958E+01  0.934920E+00
   0.146040E+01  0.937706E+00
   0.146123E+01  0.939768E+00
   0.146205E+01  0.941727E+00
   0.146288E+01  0.942721E+00
   0.146370E+01  0.943346E+00
   0.146453E+01  0.944020E+00
   0.146536E+01  0.944464E+00
   0.146619E+01  0.945075E+00
   0.146702E+01  0.945328E+00
   0.146785E+01  0.945543E+00
   0.146868E+01  0.945923E+00
   0.146951E+01  0.946223E+00
   0.147035E+01  0.945699E+00
   0.147118E+01  0.944612E+00
   0.147201E+01  0.942686E+00
   0.147285E+01  0.939161E+00
   0.147327E+01  0.935585E+00
   0.147369E+01  0.931252E+00
   0.147411E+01  0.921924E+00
   0.147453E+01  0.904219E+00
   0.147458E+01  0.901617E+00
   0.147463E+01  0.899546E+00
   0.147468E+01  0.897806E+00
   0.147474E+01  0.895487E+00
   0.147479E+01  0.892291E+00
   0.147484E+01  0.888053E+00
   0.147489E+01  0.883339E+00
   0.147495E+01  0.877972E+00
   0.147500E+01  0.871671E+00
   0.147505E+01  0.864081E+00
   0.147510E+01  0.855501E+00
   0.147516E+01  0.845759E+00
   0.147521E+01  0.834630E+00
   0.147526E+01  0.821453E+00
   0.147531E+01  0.805414E+00
   0.147537E+01  0.785788E+00
   0.147542E+01  0.763175E+00
   0.147547E+01  0.740276E+00
   0.147552E+01  0.722134E+00
   0.147558E+01  0.714300E+00
   0.147563E+01  0.719711E+00
   0.147568E+01  0.737179E+00
   0.147573E+01  0.762183E+00
   0.147578E+01  0.789659E+00
   0.147584E+01  0.816116E+00
   0.147589E+01  0.839645E+00
   0.147594E+01  0.859510E+00
   0.147600E+01  0.875561E+00
   0.147605E+01  0.888386E+00
   0.147610E+01  0.898548E+00
   0.147615E+01  0.906266E+00
   0.147621E+01  0.911788E+00
   0.147626E+01  0.915684E+00
   0.147631E+01  0.917711E+00
   0.147636E+01  0.918442E+00
   0.147642E+01  0.918994E+00
   0.147647E+01  0.920168E+00
   0.147652E+01  0.922552E+00
   0.147657E+01  0.926104E+00
   0.147663E+01  0.929393E+00
   0.147668E+01  0.932081E+00
   0.147673E+01  0.934153E+00
   0.147678E+01  0.936894E+00
   0.147684E+01  0.938821E+00
   0.147705E+01  0.940063E+00
   0.147747E+01  0.944384E+00
   0.147789E+01  0.948979E+00
   0.147831E+01  0.955191E+00
   0.147873E+01  0.954620E+00
   0.147958E+01  0.957305E+00
   0.148042E+01  0.959159E+00
   0.148127E+01  0.960638E+00
   0.148211E+01  0.961270E+00
   0.148296E+01  0.961672E+00
   0.148381E+01  0.962574E+00
   0.148466E+01  0.963954E+00
   0.148551E+01  0.964129E+00
   0.148636E+01  0.964971E+00
   0.148722E+01  0.966113E+00
   0.148807E+01  0.968557E+00
   0.148892E+01  0.969850E+00
   0.148978E+01  0.970391E+00
   0.149064E+01  0.970294E+00
   0.149149E+01  0.969251E+00
   0.149235E+01  0.968849E+00
   0.149321E+01  0.970244E+00
   0.149407E+01  0.973199E+00
   0.149493E+01  0.972916E+00
   0.149580E+01  0.970193E+00
   0.149666E+01  0.967336E+00
   0.149752E+01  0.962872E+00
   0.149839E+01  0.958279E+00
   0.149882E+01  0.954847E+00
   0.149926E+01  0.948311E+00
   0.149969E+01  0.948342E+00
   0.150012E+01  0.947968E+00
   0.150018E+01  0.947123E+00
   0.150023E+01  0.947342E+00
   0.150029E+01  0.946075E+00
   0.150034E+01  0.942700E+00
   0.150040E+01  0.938327E+00
   0.150045E+01  0.934445E+00
   0.150050E+01  0.930476E+00
   0.150056E+01  0.925018E+00
   0.150061E+01  0.918708E+00
   0.150067E+01  0.914388E+00
   0.150072E+01  0.914901E+00
   0.150078E+01  0.919523E+00
   0.150083E+01  0.926579E+00
   0.150088E+01  0.933359E+00
   0.150094E+01  0.939357E+00
   0.150099E+01  0.945964E+00
   0.150105E+01  0.953905E+00
   0.150110E+01  0.961092E+00
   0.150116E+01  0.963301E+00
   0.150121E+01  0.960906E+00
   0.150143E+01  0.963887E+00
   0.150186E+01  0.968044E+00
   0.150273E+01  0.966986E+00
   0.150317E+01  0.968705E+00
   0.150360E+01  0.969164E+00
   0.150448E+01  0.969863E+00
   0.150535E+01  0.970088E+00
   0.150622E+01  0.969111E+00
   0.150710E+01  0.967709E+00
   0.150798E+01  0.966874E+00
   0.150886E+01  0.967150E+00
   0.150973E+01  0.967279E+00
   0.151061E+01  0.967112E+00
   0.151149E+01  0.966945E+00
   0.151238E+01  0.966197E+00
   0.151326E+01  0.964627E+00
   0.151414E+01  0.963322E+00
   0.151503E+01  0.962255E+00
   0.151591E+01  0.961594E+00
   0.151680E+01  0.961509E+00
   0.151769E+01  0.961109E+00
   0.151858E+01  0.960281E+00
   0.151947E+01  0.959290E+00
   0.152036E+01  0.958380E+00
   0.152125E+01  0.958708E+00
   0.152214E+01  0.959946E+00
   0.152304E+01  0.961292E+00
   0.152393E+01  0.962430E+00
   0.152483E+01  0.964018E+00
   0.152573E+01  0.966271E+00
   0.152662E+01  0.969023E+00
   0.152753E+01  0.970750E+00
   0.152842E+01  0.972688E+00
   0.152933E+01  0.974094E+00
   0.153023E+01  0.976760E+00
   0.153068E+01  0.981661E+00
   0.153113E+01  0.982961E+00
   0.153159E+01  0.985222E+00
   0.153204E+01  0.985393E+00
   0.153249E+01  0.978197E+00
   0.153294E+01  0.966562E+00
   0.153340E+01  0.957331E+00
   0.153379E+01  0.941059E+00
   0.153385E+01  0.936140E+00
   0.153391E+01  0.932164E+00
   0.153397E+01  0.928993E+00
   0.153402E+01  0.926387E+00
   0.153408E+01  0.924374E+00
   0.153414E+01  0.925306E+00
   0.153419E+01  0.929886E+00
   0.153425E+01  0.937066E+00
   0.153431E+01  0.944632E+00
   0.153436E+01  0.951476E+00
   0.153442E+01  0.957304E+00
   0.153476E+01  0.969187E+00
   0.153521E+01  0.981468E+00
   0.153567E+01  0.984168E+00
   0.153658E+01  0.978857E+00
   0.153749E+01  0.967303E+00
   0.153840E+01  0.960151E+00
   0.153886E+01  0.951694E+00
   0.153932E+01  0.943501E+00
   0.153977E+01  0.935010E+00
   0.154023E+01  0.919316E+00
   0.154029E+01  0.917003E+00
   0.154035E+01  0.915006E+00
   0.154040E+01  0.913515E+00
   0.154046E+01  0.912264E+00
   0.154052E+01  0.910412E+00
   0.154057E+01  0.907307E+00
   0.154063E+01  0.904104E+00
   0.154069E+01  0.901411E+00
   0.154075E+01  0.899293E+00
   0.154080E+01  0.896571E+00
   0.154086E+01  0.893111E+00
   0.154092E+01  0.889355E+00
   0.154097E+01  0.885533E+00
   0.154103E+01  0.881784E+00
   0.154109E+01  0.877994E+00
   0.154115E+01  0.873843E+00
   0.154120E+01  0.868523E+00
   0.154126E+01  0.862312E+00
   0.154132E+01  0.855936E+00
   0.154137E+01  0.849786E+00
   0.154143E+01  0.843181E+00
   0.154149E+01  0.835496E+00
   0.154155E+01  0.826903E+00
   0.154160E+01  0.817955E+00
   0.154166E+01  0.809330E+00
   0.154172E+01  0.800900E+00
   0.154178E+01  0.792865E+00
   0.154183E+01  0.785174E+00
   0.154189E+01  0.777920E+00
   0.154195E+01  0.771069E+00
   0.154201E+01  0.763875E+00
   0.154206E+01  0.755384E+00
   0.154212E+01  0.745062E+00
   0.154218E+01  0.732212E+00
   0.154224E+01  0.715768E+00
   0.154229E+01  0.694270E+00
   0.154235E+01  0.666531E+00
   0.154241E+01  0.630807E+00
   0.154246E+01  0.579089E+00
   0.154252E+01  0.540641E+00
   0.154258E+01  0.525849E+00
   0.154264E+01  0.518466E+00
   0.154269E+01  0.506687E+00
   0.154275E+01  0.507297E+00
   0.154281E+01  0.526869E+00
   0.154287E+01  0.549190E+00
   0.154292E+01  0.568459E+00
   0.154298E+01  0.592038E+00
   0.154304E+01  0.620933E+00
   0.154310E+01  0.652114E+00
   0.154315E+01  0.682804E+00
   0.154321E+01  0.711813E+00
   0.154327E+01  0.738722E+00
   0.154333E+01  0.762328E+00
   0.154338E+01  0.782175E+00
   0.154344E+01  0.798628E+00
   0.154350E+01  0.812282E+00
   0.154356E+01  0.823466E+00
   0.154361E+01  0.832786E+00
   0.154367E+01  0.840991E+00
   0.154373E+01  0.848615E+00
   0.154378E+01  0.855565E+00
   0.154384E+01  0.861947E+00
   0.154390E+01  0.867191E+00
   0.154396E+01  0.871573E+00
   0.154401E+01  0.875375E+00
   0.154407E+01  0.879598E+00
   0.154413E+01  0.883667E+00
   0.154419E+01  0.887244E+00
   0.154424E+01  0.890246E+00
   0.154430E+01  0.893624E+00
   0.154436E+01  0.897312E+00
   0.154442E+01  0.900727E+00
   0.154447E+01  0.903475E+00
   0.154453E+01  0.905877E+00
   0.154459E+01  0.908253E+00
   0.154465E+01  0.911197E+00
   0.154470E+01  0.914477E+00
   0.154476E+01  0.916297E+00
   0.154482E+01  0.917109E+00
   0.154488E+01  0.918592E+00
   0.154493E+01  0.921990E+00
   0.154499E+01  0.925087E+00
   0.154505E+01  0.926204E+00
   0.154511E+01  0.925719E+00
   0.154516E+01  0.924920E+00
   0.154522E+01  0.924728E+00
   0.154528E+01  0.924505E+00
   0.154534E+01  0.923720E+00
   0.154540E+01  0.922822E+00
   0.154545E+01  0.921421E+00
   0.154551E+01  0.921238E+00
   0.154557E+01  0.923399E+00
   0.154563E+01  0.927383E+00
   0.154568E+01  0.931594E+00
   0.154574E+01  0.935215E+00
   0.154580E+01  0.938796E+00
   0.154586E+01  0.941819E+00
   0.154591E+01  0.943527E+00
   0.154597E+01  0.943918E+00
   0.154603E+01  0.944444E+00
   0.154609E+01  0.945833E+00
   0.154614E+01  0.948065E+00
   0.154620E+01  0.950759E+00
   0.154626E+01  0.952769E+00
   0.154632E+01  0.952400E+00
   0.154637E+01  0.951929E+00
   0.154643E+01  0.951824E+00
   0.154666E+01  0.953449E+00
   0.154759E+01  0.954897E+00
   0.154851E+01  0.949001E+00
   0.154944E+01  0.945583E+00
   0.154990E+01  0.939040E+00
   0.155036E+01  0.923328E+00
   0.155083E+01  0.910104E+00
   0.155129E+01  0.906030E+00
   0.155175E+01  0.904900E+00
   0.155222E+01  0.904484E+00
   0.155268E+01  0.904773E+00
   0.155315E+01  0.906220E+00
   0.155361E+01  0.906219E+00
   0.155408E+01  0.905821E+00
   0.155455E+01  0.904690E+00
   0.155501E+01  0.903237E+00
   0.155548E+01  0.907162E+00
   0.155594E+01  0.913531E+00
   0.155688E+01  0.913975E+00
   0.155782E+01  0.915993E+00
   0.155875E+01  0.914736E+00
   0.155969E+01  0.910247E+00
   0.156016E+01  0.909880E+00
   0.156063E+01  0.910434E+00
   0.156110E+01  0.909698E+00
   0.156157E+01  0.910939E+00
   0.156204E+01  0.915155E+00
   0.156251E+01  0.915809E+00
   0.156298E+01  0.915078E+00
   0.156345E+01  0.913521E+00
   0.156392E+01  0.912509E+00
   0.156440E+01  0.912131E+00
   0.156487E+01  0.911538E+00
   0.156534E+01  0.913754E+00
   0.156581E+01  0.917252E+00
   0.156629E+01  0.920994E+00
   0.156676E+01  0.927205E+00
   0.156723E+01  0.933375E+00
   0.156771E+01  0.932505E+00
   0.156818E+01  0.930535E+00
   0.156866E+01  0.929702E+00
   0.156913E+01  0.925665E+00
   0.156961E+01  0.924791E+00
   0.157008E+01  0.922873E+00
   0.157056E+01  0.919146E+00
   0.157103E+01  0.913707E+00
   0.157151E+01  0.907591E+00
   0.157198E+01  0.903510E+00
   0.157246E+01  0.896505E+00
   0.157294E+01  0.886578E+00
   0.157300E+01  0.885483E+00
   0.157306E+01  0.884222E+00
   0.157312E+01  0.882528E+00
   0.157318E+01  0.880538E+00
   0.157324E+01  0.878736E+00
   0.157330E+01  0.877354E+00
   0.157336E+01  0.875881E+00
   0.157342E+01  0.873427E+00
   0.157348E+01  0.869940E+00
   0.157353E+01  0.865734E+00
   0.157360E+01  0.861445E+00
   0.157366E+01  0.857239E+00
   0.157371E+01  0.853613E+00
   0.157377E+01  0.851372E+00
   0.157383E+01  0.851046E+00
   0.157389E+01  0.851887E+00
   0.157395E+01  0.852719E+00
   0.157401E+01  0.852567E+00
   0.157407E+01  0.850764E+00
   0.157413E+01  0.846613E+00
   0.157419E+01  0.839101E+00
   0.157425E+01  0.827564E+00
   0.157431E+01  0.813543E+00
   0.157437E+01  0.801812E+00
   0.157443E+01  0.796964E+00
   0.157449E+01  0.800598E+00
   0.157455E+01  0.810464E+00
   0.157461E+01  0.821051E+00
   0.157467E+01  0.827656E+00
   0.157473E+01  0.828835E+00
   0.157479E+01  0.826696E+00
   0.157485E+01  0.823256E+00
   0.157491E+01  0.819687E+00
   0.157497E+01  0.816342E+00
   0.157503E+01  0.813164E+00
   0.157509E+01  0.809845E+00
   0.157515E+01  0.806212E+00
   0.157521E+01  0.802178E+00
   0.157527E+01  0.797865E+00
   0.157533E+01  0.793223E+00
   0.157539E+01  0.788285E+00
   0.157545E+01  0.783318E+00
   0.157551E+01  0.778321E+00
   0.157557E+01  0.773091E+00
   0.157563E+01  0.767535E+00
   0.157569E+01  0.761675E+00
   0.157575E+01  0.755443E+00
   0.157581E+01  0.748671E+00
   0.157587E+01  0.741239E+00
   0.157593E+01  0.733282E+00
   0.157599E+01  0.724824E+00
   0.157605E+01  0.716117E+00
   0.157611E+01  0.707043E+00
   0.157617E+01  0.697255E+00
   0.157623E+01  0.686612E+00
   0.157629E+01  0.675170E+00
   0.157635E+01  0.662595E+00
   0.157641E+01  0.648278E+00
   0.157647E+01  0.631886E+00
   0.157650E+01  0.623186E+00
   0.157653E+01  0.615954E+00
   0.157656E+01  0.608064E+00
   0.157659E+01  0.599559E+00
   0.157662E+01  0.590527E+00
   0.157665E+01  0.584510E+00
   0.157668E+01  0.578105E+00
   0.157671E+01  0.568555E+00
   0.157674E+01  0.559327E+00
   0.157677E+01  0.549961E+00
   0.157679E+01  0.540852E+00
   0.157682E+01  0.529046E+00
   0.157685E+01  0.516970E+00
   0.157689E+01  0.504803E+00
   0.157692E+01  0.492474E+00
   0.157695E+01  0.478112E+00
   0.157698E+01  0.463923E+00
   0.157700E+01  0.446844E+00
   0.157704E+01  0.430540E+00
   0.157707E+01  0.412622E+00
   0.157709E+01  0.394838E+00
   0.157713E+01  0.375659E+00
   0.157716E+01  0.357650E+00
   0.157719E+01  0.339089E+00
   0.157722E+01  0.321622E+00
   0.157725E+01  0.302078E+00
   0.157728E+01  0.283351E+00
   0.157731E+01  0.262283E+00
   0.157733E+01  0.243198E+00
   0.157736E+01  0.222968E+00
   0.157740E+01  0.204370E+00
   0.157743E+01  0.186508E+00
   0.157746E+01  0.171054E+00
   0.157749E+01  0.158781E+00
   0.157752E+01  0.149008E+00
   0.157754E+01  0.145131E+00
   0.157757E+01  0.143670E+00
   0.157761E+01  0.148437E+00
   0.157763E+01  0.155427E+00
   0.157767E+01  0.168113E+00
   0.157770E+01  0.183122E+00
   0.157773E+01  0.201571E+00
   0.157776E+01  0.222556E+00
   0.157779E+01  0.244102E+00
   0.157782E+01  0.268014E+00
   0.157784E+01  0.289387E+00
   0.157787E+01  0.312822E+00
   0.157790E+01  0.332098E+00
   0.157794E+01  0.351718E+00
   0.157797E+01  0.367260E+00
   0.157800E+01  0.383350E+00
   0.157803E+01  0.395624E+00
   0.157806E+01  0.406967E+00
   0.157809E+01  0.416723E+00
   0.157812E+01  0.425611E+00
   0.157815E+01  0.434227E+00
   0.157818E+01  0.444115E+00
   0.157821E+01  0.453500E+00
   0.157824E+01  0.462417E+00
   0.157827E+01  0.469695E+00
   0.157830E+01  0.477419E+00
   0.157833E+01  0.483401E+00
   0.157836E+01  0.487821E+00
   0.157839E+01  0.492858E+00
   0.157842E+01  0.499065E+00
   0.157845E+01  0.506594E+00
   0.157848E+01  0.514087E+00
   0.157851E+01  0.523230E+00
   0.157854E+01  0.533787E+00
   0.157857E+01  0.545789E+00
   0.157860E+01  0.559291E+00
   0.157863E+01  0.572018E+00
   0.157866E+01  0.585535E+00
   0.157871E+01  0.598654E+00
   0.157876E+01  0.620832E+00
   0.157883E+01  0.636919E+00
   0.157887E+01  0.644381E+00
   0.157893E+01  0.661827E+00
   0.157899E+01  0.677247E+00
   0.157905E+01  0.690827E+00
   0.157911E+01  0.702644E+00
   0.157917E+01  0.712977E+00
   0.157923E+01  0.722366E+00
   0.157929E+01  0.731053E+00
   0.157935E+01  0.739015E+00
   0.157941E+01  0.746406E+00
   0.157947E+01  0.753457E+00
   0.157953E+01  0.760237E+00
   0.157959E+01  0.766755E+00
   0.157965E+01  0.772634E+00
   0.157971E+01  0.777963E+00
   0.157977E+01  0.783023E+00
   0.157983E+01  0.787719E+00
   0.157989E+01  0.792125E+00
   0.157995E+01  0.796271E+00
   0.158001E+01  0.800329E+00
   0.158007E+01  0.804384E+00
   0.158013E+01  0.808525E+00
   0.158019E+01  0.812642E+00
   0.158025E+01  0.816384E+00
   0.158031E+01  0.819569E+00
   0.158037E+01  0.822294E+00
   0.158061E+01  0.832700E+00
   0.158109E+01  0.850976E+00
   0.158158E+01  0.864556E+00
   0.158206E+01  0.873556E+00
   0.158254E+01  0.879647E+00
   0.158302E+01  0.883939E+00
   0.158351E+01  0.886977E+00
   0.158399E+01  0.889801E+00
   0.158448E+01  0.891188E+00
   0.158496E+01  0.891809E+00
   0.158544E+01  0.893586E+00
   0.158593E+01  0.894902E+00
   0.158641E+01  0.896355E+00
   0.158690E+01  0.899774E+00
   0.158739E+01  0.902570E+00
   0.158787E+01  0.904371E+00
   0.158836E+01  0.907837E+00
   0.158885E+01  0.908662E+00
   0.158933E+01  0.901227E+00
   0.158982E+01  0.885608E+00
   0.159006E+01  0.879424E+00
   0.159012E+01  0.878003E+00
   0.159019E+01  0.876583E+00
   0.159025E+01  0.875145E+00
   0.159031E+01  0.873164E+00
   0.159037E+01  0.870864E+00
   0.159043E+01  0.868301E+00
   0.159049E+01  0.865950E+00
   0.159055E+01  0.864081E+00
   0.159061E+01  0.863131E+00
   0.159067E+01  0.863027E+00
   0.159073E+01  0.863369E+00
   0.159080E+01  0.863962E+00
   0.159086E+01  0.864608E+00
   0.159092E+01  0.865191E+00
   0.159098E+01  0.865591E+00
   0.159104E+01  0.866026E+00
   0.159110E+01  0.866208E+00
   0.159116E+01  0.865949E+00
   0.159122E+01  0.865606E+00
   0.159128E+01  0.865230E+00
   0.159134E+01  0.865073E+00
   0.159141E+01  0.865170E+00
   0.159147E+01  0.865452E+00
   0.159153E+01  0.865700E+00
   0.159177E+01  0.865309E+00
   0.159226E+01  0.865932E+00
   0.159275E+01  0.867588E+00
   0.159324E+01  0.870915E+00
   0.159330E+01  0.871410E+00
   0.159336E+01  0.871836E+00
   0.159342E+01  0.872137E+00
   0.159348E+01  0.872223E+00
   0.159354E+01  0.872327E+00
   0.159361E+01  0.872612E+00
   0.159367E+01  0.872934E+00
   0.159373E+01  0.872929E+00
   0.159379E+01  0.872780E+00
   0.159385E+01  0.872395E+00
   0.159391E+01  0.871598E+00
   0.159397E+01  0.870914E+00
   0.159404E+01  0.870429E+00
   0.159410E+01  0.870265E+00
   0.159416E+01  0.870030E+00
   0.159422E+01  0.869461E+00
   0.159428E+01  0.869035E+00
   0.159434E+01  0.869048E+00
   0.159440E+01  0.869676E+00
   0.159446E+01  0.870646E+00
   0.159453E+01  0.871876E+00
   0.159459E+01  0.873450E+00
   0.159465E+01  0.875308E+00
   0.159471E+01  0.877296E+00
   0.159477E+01  0.878977E+00
   0.159483E+01  0.880804E+00
   0.159489E+01  0.883310E+00
   0.159495E+01  0.886632E+00
   0.159502E+01  0.890882E+00
   0.159508E+01  0.894927E+00
   0.159514E+01  0.898471E+00
   0.159520E+01  0.901499E+00
   0.159526E+01  0.904359E+00
   0.159532E+01  0.907562E+00
   0.159538E+01  0.910264E+00
   0.159545E+01  0.911621E+00
   0.159551E+01  0.912124E+00
   0.159557E+01  0.913000E+00
   0.159563E+01  0.914204E+00
   0.159569E+01  0.915547E+00
   0.159575E+01  0.916018E+00
   0.159581E+01  0.915570E+00
   0.159587E+01  0.915420E+00
   0.159594E+01  0.916336E+00
   0.159618E+01  0.918445E+00
   0.159667E+01  0.922667E+00
   0.159716E+01  0.927805E+00
   0.159766E+01  0.932288E+00
   0.159815E+01  0.934908E+00
   0.159864E+01  0.936950E+00
   0.159914E+01  0.936358E+00
   0.159963E+01  0.934890E+00
   0.160012E+01  0.933417E+00
   0.160037E+01  0.931610E+00
   0.160043E+01  0.930672E+00
   0.160049E+01  0.929348E+00
   0.160055E+01  0.926815E+00
   0.160062E+01  0.923774E+00
   0.160068E+01  0.921120E+00
   0.160074E+01  0.919561E+00
   0.160080E+01  0.919057E+00
   0.160086E+01  0.919461E+00
   0.160093E+01  0.920215E+00
   0.160099E+01  0.921234E+00
   0.160105E+01  0.922661E+00
   0.160111E+01  0.923685E+00
   0.160117E+01  0.923615E+00
   0.160124E+01  0.922883E+00
   0.160130E+01  0.922322E+00
   0.160136E+01  0.922418E+00
   0.160142E+01  0.922219E+00
   0.160148E+01  0.921340E+00
   0.160154E+01  0.919146E+00
   0.160161E+01  0.916928E+00
   0.160167E+01  0.914422E+00
   0.160173E+01  0.911658E+00
   0.160179E+01  0.907128E+00
   0.160185E+01  0.900989E+00
   0.160192E+01  0.893909E+00
   0.160198E+01  0.887434E+00
   0.160204E+01  0.882479E+00
   0.160210E+01  0.879787E+00
   0.160216E+01  0.879803E+00
   0.160222E+01  0.882628E+00
   0.160229E+01  0.887690E+00
   0.160235E+01  0.893609E+00
   0.160241E+01  0.898926E+00
   0.160247E+01  0.902679E+00
   0.160253E+01  0.904981E+00
   0.160260E+01  0.906711E+00
   0.160266E+01  0.908236E+00
   0.160272E+01  0.909076E+00
   0.160278E+01  0.907986E+00
   0.160284E+01  0.905642E+00
   0.160291E+01  0.902578E+00
   0.160297E+01  0.899305E+00
   0.160303E+01  0.895919E+00
   0.160309E+01  0.892387E+00
   0.160315E+01  0.887676E+00
   0.160322E+01  0.879297E+00
   0.160328E+01  0.863417E+00
   0.160334E+01  0.837306E+00
   0.160340E+01  0.804689E+00
   0.160346E+01  0.775407E+00
   0.160353E+01  0.760403E+00
   0.160359E+01  0.765806E+00
   0.160365E+01  0.790154E+00
   0.160371E+01  0.825551E+00
   0.160377E+01  0.861460E+00
   0.160383E+01  0.888987E+00
   0.160390E+01  0.903974E+00
   0.160458E+01  0.907136E+00
   0.160508E+01  0.902252E+00
   0.160557E+01  0.894026E+00
   0.160607E+01  0.880938E+00
   0.160657E+01  0.863091E+00
   0.160663E+01  0.860540E+00
   0.160669E+01  0.857532E+00
   0.160675E+01  0.854165E+00
   0.160682E+01  0.850848E+00
   0.160688E+01  0.847975E+00
   0.160694E+01  0.845242E+00
   0.160700E+01  0.841753E+00
   0.160707E+01  0.837775E+00
   0.160713E+01  0.833683E+00
   0.160719E+01  0.829603E+00
   0.160725E+01  0.825388E+00
   0.160732E+01  0.820648E+00
   0.160738E+01  0.815679E+00
   0.160744E+01  0.810772E+00
   0.160750E+01  0.805861E+00
   0.160757E+01  0.800598E+00
   0.160763E+01  0.794538E+00
   0.160769E+01  0.787637E+00
   0.160775E+01  0.780201E+00
   0.160781E+01  0.772500E+00
   0.160788E+01  0.764532E+00
   0.160794E+01  0.755919E+00
   0.160800E+01  0.746486E+00
   0.160806E+01  0.736401E+00
   0.160813E+01  0.725705E+00
   0.160819E+01  0.713811E+00
   0.160825E+01  0.699843E+00
   0.160835E+01  0.672506E+00
   0.160841E+01  0.656156E+00
   0.160848E+01  0.642110E+00
   0.160851E+01  0.634846E+00
   0.160854E+01  0.623059E+00
   0.160857E+01  0.611889E+00
   0.160860E+01  0.606774E+00
   0.160863E+01  0.588394E+00
   0.160866E+01  0.576500E+00
   0.160870E+01  0.558424E+00
   0.160873E+01  0.544358E+00
   0.160876E+01  0.531018E+00
   0.160879E+01  0.509187E+00
   0.160882E+01  0.493176E+00
   0.160885E+01  0.475783E+00
   0.160888E+01  0.456928E+00
   0.160891E+01  0.440334E+00
   0.160895E+01  0.419379E+00
   0.160898E+01  0.403101E+00
   0.160901E+01  0.380069E+00
   0.160904E+01  0.358592E+00
   0.160907E+01  0.334939E+00
   0.160910E+01  0.310393E+00
   0.160913E+01  0.286878E+00
   0.160916E+01  0.264939E+00
   0.160919E+01  0.245309E+00
   0.160923E+01  0.229376E+00
   0.160926E+01  0.218311E+00
   0.160929E+01  0.211273E+00
   0.160932E+01  0.211218E+00
   0.160935E+01  0.214017E+00
   0.160938E+01  0.226410E+00
   0.160941E+01  0.240385E+00
   0.160945E+01  0.261782E+00
   0.160948E+01  0.286134E+00
   0.160951E+01  0.312586E+00
   0.160954E+01  0.343338E+00
   0.160957E+01  0.368725E+00
   0.160960E+01  0.398535E+00
   0.160963E+01  0.419920E+00
   0.160966E+01  0.442775E+00
   0.160970E+01  0.461142E+00
   0.160973E+01  0.474577E+00
   0.160976E+01  0.488465E+00
   0.160979E+01  0.498339E+00
   0.160982E+01  0.507384E+00
   0.160985E+01  0.518055E+00
   0.160988E+01  0.523766E+00
   0.160991E+01  0.535055E+00
   0.160994E+01  0.540763E+00
   0.160998E+01  0.549546E+00
   0.161001E+01  0.559602E+00
   0.161004E+01  0.561530E+00
   0.161007E+01  0.569525E+00
   0.161010E+01  0.573282E+00
   0.161013E+01  0.577824E+00
   0.161016E+01  0.583642E+00
   0.161019E+01  0.587134E+00
   0.161025E+01  0.600653E+00
   0.161031E+01  0.618151E+00
   0.161037E+01  0.640337E+00
   0.161044E+01  0.664494E+00
   0.161050E+01  0.687207E+00
   0.161056E+01  0.706842E+00
   0.161062E+01  0.723260E+00
   0.161069E+01  0.737115E+00
   0.161075E+01  0.749189E+00
   0.161081E+01  0.760246E+00
   0.161087E+01  0.770475E+00
   0.161094E+01  0.779689E+00
   0.161100E+01  0.788062E+00
   0.161106E+01  0.795626E+00
   0.161112E+01  0.802174E+00
   0.161119E+01  0.807453E+00
   0.161125E+01  0.811712E+00
   0.161131E+01  0.815519E+00
   0.161137E+01  0.819780E+00
   0.161144E+01  0.824452E+00
   0.161150E+01  0.829181E+00
   0.161156E+01  0.833495E+00
   0.161206E+01  0.859155E+00
   0.161256E+01  0.877432E+00
   0.161307E+01  0.890171E+00
   0.161357E+01  0.900383E+00
   0.161407E+01  0.908001E+00
   0.161457E+01  0.912626E+00
   0.161508E+01  0.916112E+00
   0.161558E+01  0.918347E+00
   0.161608E+01  0.919881E+00
   0.161634E+01  0.920192E+00
   0.161640E+01  0.920157E+00
   0.161646E+01  0.919319E+00
   0.161652E+01  0.918270E+00
   0.161659E+01  0.917486E+00
   0.161665E+01  0.916555E+00
   0.161671E+01  0.913927E+00
   0.161678E+01  0.909126E+00
   0.161684E+01  0.903400E+00
   0.161690E+01  0.898802E+00
   0.161697E+01  0.895614E+00
   0.161703E+01  0.894153E+00
   0.161709E+01  0.893777E+00
   0.161715E+01  0.894449E+00
   0.161722E+01  0.896289E+00
   0.161728E+01  0.898780E+00
   0.161734E+01  0.901600E+00
   0.161741E+01  0.904045E+00
   0.161747E+01  0.905948E+00
   0.161753E+01  0.907842E+00
   0.161759E+01  0.910121E+00
   0.161766E+01  0.912149E+00
   0.161772E+01  0.913197E+00
   0.161778E+01  0.913341E+00
   0.161785E+01  0.913603E+00
   0.161810E+01  0.917225E+00
   0.161861E+01  0.922722E+00
   0.161911E+01  0.927505E+00
   0.161962E+01  0.930519E+00
   0.162012E+01  0.930726E+00
   0.162063E+01  0.932403E+00
   0.162114E+01  0.934252E+00
   0.162164E+01  0.932993E+00
   0.162177E+01  0.931851E+00
   0.162183E+01  0.931461E+00
   0.162190E+01  0.931768E+00
   0.162196E+01  0.930994E+00
   0.162202E+01  0.928697E+00
   0.162209E+01  0.925242E+00
   0.162215E+01  0.922460E+00
   0.162221E+01  0.920994E+00
   0.162228E+01  0.921056E+00
   0.162234E+01  0.922049E+00
   0.162240E+01  0.923875E+00
   0.162247E+01  0.927073E+00
   0.162253E+01  0.931356E+00
   0.162259E+01  0.934846E+00
   0.162266E+01  0.936418E+00
   0.162272E+01  0.936374E+00
   0.162278E+01  0.935704E+00
   0.162285E+01  0.935494E+00
   0.162291E+01  0.936199E+00
   0.162298E+01  0.936955E+00
   0.162323E+01  0.936649E+00
   0.162418E+01  0.938111E+00
   0.162622E+01  0.940070E+00
   0.162826E+01  0.941228E+00
   0.163031E+01  0.942277E+00
   0.163082E+01  0.940909E+00
   0.163134E+01  0.941632E+00
   0.163185E+01  0.941289E+00
   0.163236E+01  0.937811E+00
   0.163288E+01  0.934739E+00
   0.163339E+01  0.928967E+00
   0.163391E+01  0.914327E+00
   0.163417E+01  0.903612E+00
   0.163423E+01  0.894929E+00
   0.163429E+01  0.883730E+00
   0.163436E+01  0.872569E+00
   0.163442E+01  0.864771E+00
   0.163449E+01  0.863080E+00
   0.163455E+01  0.867847E+00
   0.163462E+01  0.877804E+00
   0.163468E+01  0.890017E+00
   0.163474E+01  0.901818E+00
   0.163481E+01  0.911267E+00
   0.163487E+01  0.917072E+00
   0.163494E+01  0.919678E+00
   0.163500E+01  0.920235E+00
   0.163507E+01  0.920597E+00
   0.163513E+01  0.921666E+00
   0.163520E+01  0.922752E+00
   0.163526E+01  0.923647E+00
   0.163532E+01  0.923853E+00
   0.163545E+01  0.924654E+00
   0.163597E+01  0.927814E+00
   0.163649E+01  0.930480E+00
   0.163700E+01  0.933473E+00
   0.163752E+01  0.935437E+00
   0.163804E+01  0.934128E+00
   0.163855E+01  0.934521E+00
   0.163881E+01  0.934511E+00
   0.163888E+01  0.935176E+00
   0.163894E+01  0.936018E+00
   0.163901E+01  0.936442E+00
   0.163907E+01  0.936013E+00
   0.163914E+01  0.930683E+00
   0.163920E+01  0.915264E+00
   0.163927E+01  0.890899E+00
   0.163933E+01  0.867436E+00
   0.163940E+01  0.853826E+00
   0.163946E+01  0.855577E+00
   0.163953E+01  0.872503E+00
   0.163959E+01  0.899101E+00
   0.163966E+01  0.926335E+00
   0.163972E+01  0.944682E+00
   0.163979E+01  0.949728E+00
   0.163985E+01  0.947031E+00
   0.164011E+01  0.943045E+00
   0.164063E+01  0.946382E+00
   0.164115E+01  0.947253E+00
   0.164167E+01  0.948035E+00
   0.164219E+01  0.950895E+00
   0.164271E+01  0.951109E+00
   0.164323E+01  0.949626E+00
   0.164375E+01  0.949444E+00
   0.164427E+01  0.947688E+00
   0.164479E+01  0.945223E+00
   0.164688E+01  0.938838E+00
   0.164898E+01  0.933955E+00
   0.165108E+01  0.924792E+00
   0.165134E+01  0.924278E+00
   0.165160E+01  0.922014E+00
   0.165187E+01  0.920292E+00
   0.165213E+01  0.919809E+00
   0.165239E+01  0.917909E+00
   0.165266E+01  0.912631E+00
   0.165292E+01  0.902490E+00
   0.165318E+01  0.891040E+00
   0.165325E+01  0.886133E+00
   0.165332E+01  0.880366E+00
   0.165338E+01  0.873729E+00
   0.165345E+01  0.865798E+00
   0.165351E+01  0.856275E+00
   0.165358E+01  0.845375E+00
   0.165364E+01  0.833921E+00
   0.165371E+01  0.823262E+00
   0.165378E+01  0.813181E+00
   0.165384E+01  0.802189E+00
   0.165391E+01  0.788286E+00
   0.165397E+01  0.770418E+00
   0.165404E+01  0.748750E+00
   0.165411E+01  0.724968E+00
   0.165417E+01  0.701217E+00
   0.165424E+01  0.680516E+00
   0.165430E+01  0.667373E+00
   0.165437E+01  0.666241E+00
   0.165444E+01  0.678261E+00
   0.165450E+01  0.700256E+00
   0.165457E+01  0.727043E+00
   0.165463E+01  0.754224E+00
   0.165470E+01  0.778845E+00
   0.165477E+01  0.799156E+00
   0.165483E+01  0.814452E+00
   0.165490E+01  0.825677E+00
   0.165496E+01  0.834669E+00
   0.165503E+01  0.843883E+00
   0.165510E+01  0.854665E+00
   0.165516E+01  0.866662E+00
   0.165523E+01  0.878402E+00
   0.165529E+01  0.888217E+00
   0.165536E+01  0.895645E+00
   0.165543E+01  0.901151E+00
   0.165549E+01  0.905578E+00
   0.165556E+01  0.908910E+00
   0.165562E+01  0.911362E+00
   0.165569E+01  0.913214E+00
   0.165576E+01  0.915525E+00
   0.165582E+01  0.917714E+00
   0.165609E+01  0.926817E+00
   0.165635E+01  0.933797E+00
   0.165662E+01  0.938310E+00
   0.165688E+01  0.941467E+00
   0.165715E+01  0.943513E+00
   0.165741E+01  0.945436E+00
   0.165768E+01  0.947276E+00
   0.165794E+01  0.948799E+00
   0.165821E+01  0.950489E+00
   0.165847E+01  0.951061E+00
   0.165874E+01  0.951112E+00
   0.165900E+01  0.951046E+00
   0.165953E+01  0.951383E+00
   0.166166E+01  0.951797E+00
   0.166379E+01  0.950618E+00
   0.166593E+01  0.948227E+00
   0.166620E+01  0.948720E+00
   0.166647E+01  0.947714E+00
   0.166674E+01  0.946997E+00
   0.166700E+01  0.946827E+00
   0.166727E+01  0.946229E+00
   0.166754E+01  0.944596E+00
   0.166781E+01  0.942962E+00
   0.166808E+01  0.942505E+00
   0.166834E+01  0.942844E+00
   0.166861E+01  0.943438E+00
   0.166888E+01  0.943784E+00
   0.166915E+01  0.944699E+00
   0.166942E+01  0.944950E+00
   0.166969E+01  0.944734E+00
   0.166996E+01  0.944466E+00
   0.167023E+01  0.944355E+00
   0.167049E+01  0.944295E+00
   0.167076E+01  0.944389E+00
   0.167103E+01  0.943765E+00
   0.167130E+01  0.943098E+00
   0.167157E+01  0.942092E+00
   0.167184E+01  0.940286E+00
   0.167211E+01  0.938490E+00
   0.167238E+01  0.938112E+00
   0.167265E+01  0.939216E+00
   0.167292E+01  0.940584E+00
   0.167319E+01  0.942087E+00
   0.167346E+01  0.943432E+00
   0.167373E+01  0.944294E+00
   0.167400E+01  0.944079E+00
   0.167427E+01  0.943253E+00
   0.167454E+01  0.943143E+00
   0.167481E+01  0.943235E+00
   0.167508E+01  0.942372E+00
   0.167535E+01  0.941131E+00
   0.167542E+01  0.940210E+00
   0.167549E+01  0.937043E+00
   0.167555E+01  0.932851E+00
   0.167562E+01  0.929726E+00
   0.167569E+01  0.928849E+00
   0.167576E+01  0.929761E+00
   0.167582E+01  0.931962E+00
   0.167589E+01  0.934331E+00
   0.167596E+01  0.937298E+00
   0.167603E+01  0.940094E+00
   0.167610E+01  0.942189E+00
   0.167616E+01  0.942536E+00
   0.167643E+01  0.941732E+00
   0.167671E+01  0.942268E+00
   0.167698E+01  0.942610E+00
   0.167725E+01  0.942601E+00
   0.167752E+01  0.941597E+00
   0.167779E+01  0.940563E+00
   0.167806E+01  0.939976E+00
   0.167833E+01  0.940207E+00
   0.167861E+01  0.939910E+00
   0.167888E+01  0.938671E+00
   0.167915E+01  0.936100E+00
   0.167929E+01  0.935828E+00
   0.167935E+01  0.934331E+00
   0.167942E+01  0.932365E+00
   0.167949E+01  0.930747E+00
   0.167956E+01  0.929891E+00
   0.167963E+01  0.928966E+00
   0.167969E+01  0.927509E+00
   0.167976E+01  0.926046E+00
   0.167983E+01  0.925664E+00
   0.167990E+01  0.927152E+00
   0.167997E+01  0.929915E+00
   0.168024E+01  0.934646E+00
   0.168051E+01  0.937685E+00
   0.168078E+01  0.938510E+00
   0.168105E+01  0.938454E+00
   0.168133E+01  0.938164E+00
   0.168160E+01  0.939472E+00
   0.168187E+01  0.941550E+00
   0.168215E+01  0.943920E+00
   0.168242E+01  0.945064E+00
   0.168269E+01  0.945161E+00
   0.168297E+01  0.945633E+00
   0.168324E+01  0.946327E+00
   0.168543E+01  0.951554E+00
   0.168762E+01  0.953747E+00
   0.168982E+01  0.954207E+00
   0.169010E+01  0.952538E+00
   0.169016E+01  0.949332E+00
   0.169023E+01  0.947217E+00
   0.169030E+01  0.947103E+00
   0.169037E+01  0.948515E+00
   0.169044E+01  0.950989E+00
   0.169051E+01  0.953670E+00
   0.169058E+01  0.955712E+00
   0.169065E+01  0.956737E+00
   0.169092E+01  0.955704E+00
   0.169203E+01  0.957685E+00
   0.169424E+01  0.960510E+00
   0.169646E+01  0.963419E+00
   0.169868E+01  0.966430E+00
   0.170091E+01  0.967986E+00
   0.170314E+01  0.969840E+00
   0.170538E+01  0.971502E+00
   0.170566E+01  0.971718E+00
   0.170595E+01  0.971383E+00
   0.170623E+01  0.971709E+00
   0.170651E+01  0.972490E+00
   0.170679E+01  0.972829E+00
   0.170707E+01  0.972710E+00
   0.170735E+01  0.972249E+00
   0.170763E+01  0.971686E+00
   0.170791E+01  0.970596E+00
   0.170819E+01  0.969960E+00
   0.170848E+01  0.968139E+00
   0.170876E+01  0.965417E+00
   0.170904E+01  0.961594E+00
   0.170932E+01  0.956413E+00
   0.170939E+01  0.954356E+00
   0.170946E+01  0.952650E+00
   0.170953E+01  0.951947E+00
   0.170960E+01  0.952454E+00
   0.170967E+01  0.953817E+00
   0.170974E+01  0.956192E+00
   0.170981E+01  0.959543E+00
   0.170988E+01  0.960233E+00
   0.171016E+01  0.965210E+00
   0.171045E+01  0.966949E+00
   0.171073E+01  0.968196E+00
   0.171101E+01  0.970016E+00
   0.171129E+01  0.970753E+00
   0.171158E+01  0.970641E+00
   0.171186E+01  0.970106E+00
   0.171214E+01  0.970101E+00
   0.171243E+01  0.970202E+00
   0.171271E+01  0.970837E+00
   0.171299E+01  0.971268E+00
   0.171327E+01  0.971594E+00
   0.171356E+01  0.970288E+00
   0.171384E+01  0.968337E+00
   0.171412E+01  0.967841E+00
   0.171441E+01  0.969958E+00
   0.171668E+01  0.970024E+00
   0.171895E+01  0.968545E+00
   0.172124E+01  0.967321E+00
   0.172353E+01  0.965766E+00
   0.172582E+01  0.964274E+00
   0.172812E+01  0.963440E+00
   0.173043E+01  0.962283E+00
   0.173072E+01  0.963041E+00
   0.173100E+01  0.962271E+00
   0.173129E+01  0.961107E+00
   0.173158E+01  0.959508E+00
   0.173187E+01  0.958805E+00
   0.173216E+01  0.959573E+00
   0.173245E+01  0.961000E+00
   0.173274E+01  0.960751E+00
   0.173506E+01  0.961025E+00
   0.173738E+01  0.960568E+00
   0.173972E+01  0.958241E+00
   0.174001E+01  0.957555E+00
   0.174030E+01  0.957473E+00
   0.174059E+01  0.957094E+00
   0.174089E+01  0.956063E+00
   0.174118E+01  0.954776E+00
   0.174147E+01  0.955261E+00
   0.174176E+01  0.957438E+00
   0.174205E+01  0.960303E+00
   0.174235E+01  0.962199E+00
   0.174264E+01  0.962621E+00
   0.174293E+01  0.962443E+00
   0.174323E+01  0.962867E+00
   0.174352E+01  0.962775E+00
   0.174381E+01  0.963116E+00
   0.174411E+01  0.963373E+00
   0.174440E+01  0.963632E+00
   0.174675E+01  0.964485E+00
   0.174911E+01  0.966028E+00
   0.175147E+01  0.968583E+00
   0.175384E+01  0.970710E+00
   0.175622E+01  0.973025E+00
   0.175860E+01  0.976279E+00
   0.176099E+01  0.979191E+00
   0.176338E+01  0.981035E+00
   0.176579E+01  0.983714E+00
   0.176820E+01  0.987100E+00
   0.177061E+01  0.987629E+00
   0.177303E+01  0.983028E+00
   0.177318E+01  0.983542E+00
   0.177379E+01  0.983123E+00
   0.177440E+01  0.979699E+00
   0.177501E+01  0.976785E+00
   0.177561E+01  0.975421E+00
   0.177622E+01  0.969892E+00
   0.177630E+01  0.969445E+00
   0.177637E+01  0.969388E+00
   0.177645E+01  0.968895E+00
   0.177653E+01  0.966748E+00
   0.177660E+01  0.964976E+00
   0.177668E+01  0.964405E+00
   0.177675E+01  0.964309E+00
   0.177683E+01  0.964168E+00
   0.177691E+01  0.962747E+00
   0.177698E+01  0.961381E+00
   0.177706E+01  0.960568E+00
   0.177713E+01  0.960440E+00
   0.177721E+01  0.960355E+00
   0.177729E+01  0.960143E+00
   0.177736E+01  0.959975E+00
   0.177744E+01  0.960772E+00
   0.177752E+01  0.963141E+00
   0.177759E+01  0.966177E+00
   0.177767E+01  0.969588E+00
   0.177774E+01  0.973332E+00
   0.177782E+01  0.977195E+00
   0.177790E+01  0.981617E+00
   0.177797E+01  0.984471E+00
   0.177805E+01  0.982481E+00
   0.177813E+01  0.978587E+00
   0.177820E+01  0.975248E+00
   0.177828E+01  0.973133E+00
   0.177835E+01  0.972198E+00
   0.177843E+01  0.972258E+00
   0.177851E+01  0.972815E+00
   0.177858E+01  0.974229E+00
   0.177866E+01  0.977640E+00
   0.177874E+01  0.980165E+00
   0.177881E+01  0.981607E+00
   0.177889E+01  0.980781E+00
   0.177896E+01  0.980249E+00
   0.177904E+01  0.982373E+00
   0.177912E+01  0.984686E+00
   0.178034E+01  0.982165E+00
   0.178279E+01  0.982336E+00
   0.178524E+01  0.979833E+00
   0.178771E+01  0.975609E+00
   0.179017E+01  0.973537E+00
   0.179265E+01  0.971431E+00
   0.179513E+01  0.968740E+00
   0.179762E+01  0.966619E+00
   0.180012E+01  0.965408E+00
   0.180262E+01  0.964186E+00
   0.180513E+01  0.963281E+00
   0.180765E+01  0.963752E+00
   0.181017E+01  0.963181E+00
   0.181271E+01  0.962430E+00
   0.181524E+01  0.963508E+00
   0.181779E+01  0.964578E+00
   0.182034E+01  0.963552E+00
   0.182290E+01  0.964184E+00
   0.182547E+01  0.964681E+00
   0.182804E+01  0.962542E+00
   0.183062E+01  0.959981E+00
   0.183321E+01  0.957405E+00
   0.183464E+01  0.954573E+00
   0.183565E+01  0.953178E+00
   0.183632E+01  0.952161E+00
   0.183700E+01  0.951201E+00
   0.183767E+01  0.950259E+00
   0.183801E+01  0.949656E+00
   0.183835E+01  0.949163E+00
   0.183869E+01  0.949017E+00
   0.183903E+01  0.948734E+00
   0.183936E+01  0.948555E+00
   0.183970E+01  0.948478E+00
   0.184140E+01  0.948636E+00
   0.184309E+01  0.948454E+00
   0.184479E+01  0.948476E+00
   0.184582E+01  0.948414E+00
   0.184616E+01  0.948405E+00
   0.184650E+01  0.948430E+00
   0.184684E+01  0.948489E+00
   0.184718E+01  0.948139E+00
   0.184752E+01  0.948198E+00
   0.184786E+01  0.947345E+00
   0.184821E+01  0.947036E+00
   0.184855E+01  0.946497E+00
   0.184889E+01  0.945769E+00
   0.184923E+01  0.945372E+00
   0.184957E+01  0.944691E+00
   0.184991E+01  0.943955E+00
   0.185026E+01  0.943385E+00
   0.185060E+01  0.942697E+00
   0.185094E+01  0.942049E+00
   0.185128E+01  0.941318E+00
   0.185163E+01  0.940508E+00
   0.185231E+01  0.938951E+00
   0.185266E+01  0.938117E+00
   0.185300E+01  0.937268E+00
   0.185334E+01  0.936484E+00
   0.185369E+01  0.935549E+00
   0.185403E+01  0.934602E+00
   0.185438E+01  0.933747E+00
   0.185472E+01  0.932800E+00
   0.185506E+01  0.931791E+00
   0.185541E+01  0.930848E+00
   0.185575E+01  0.929820E+00
   0.185610E+01  0.928712E+00
   0.185627E+01  0.928224E+00
   0.185644E+01  0.927716E+00
   0.185661E+01  0.927070E+00
   0.185679E+01  0.926384E+00
   0.185713E+01  0.925032E+00
   0.185748E+01  0.923661E+00
   0.185782E+01  0.921901E+00
   0.185817E+01  0.920226E+00
   0.185851E+01  0.918505E+00
   0.185920E+01  0.915218E+00
   0.185938E+01  0.914202E+00
   0.185955E+01  0.913471E+00
   0.185972E+01  0.912477E+00
   0.185989E+01  0.911325E+00
   0.186024E+01  0.909126E+00
   0.186059E+01  0.906662E+00
   0.186093E+01  0.904219E+00
   0.186128E+01  0.901692E+00
   0.186163E+01  0.899059E+00
   0.186197E+01  0.896280E+00
   0.186232E+01  0.893477E+00
   0.186267E+01  0.890505E+00
   0.186301E+01  0.887710E+00
   0.186336E+01  0.884910E+00
   0.186371E+01  0.882093E+00
   0.186405E+01  0.879340E+00
   0.186440E+01  0.876658E+00
   0.186475E+01  0.873994E+00
   0.186545E+01  0.868965E+00
   0.186614E+01  0.864123E+00
   0.186684E+01  0.859458E+00
   0.186754E+01  0.854868E+00
   0.186771E+01  0.853773E+00
   0.186789E+01  0.852627E+00
   0.186806E+01  0.851481E+00
   0.186823E+01  0.850314E+00
   0.186841E+01  0.849160E+00
   0.186858E+01  0.847986E+00
   0.186893E+01  0.845632E+00
   0.186928E+01  0.843178E+00
   0.186963E+01  0.840620E+00
   0.186981E+01  0.839300E+00
   0.186998E+01  0.837910E+00
   0.187016E+01  0.836481E+00
   0.187033E+01  0.835049E+00
   0.187051E+01  0.833491E+00
   0.187068E+01  0.831829E+00
   0.187086E+01  0.830066E+00
   0.187103E+01  0.828326E+00
   0.187121E+01  0.826483E+00
   0.187138E+01  0.824606E+00
   0.187156E+01  0.822698E+00
   0.187173E+01  0.820807E+00
   0.187191E+01  0.819006E+00
   0.187208E+01  0.817205E+00
   0.187226E+01  0.815450E+00
   0.187243E+01  0.813663E+00
   0.187261E+01  0.811996E+00
   0.187270E+01  0.811249E+00
   0.187278E+01  0.810484E+00
   0.187287E+01  0.809774E+00
   0.187296E+01  0.809157E+00
   0.187305E+01  0.808616E+00
   0.187313E+01  0.808129E+00
   0.187320E+01  0.807806E+00
   0.187327E+01  0.807565E+00
   0.187334E+01  0.807295E+00
   0.187341E+01  0.807120E+00
   0.187349E+01  0.807019E+00
   0.187356E+01  0.806961E+00
   0.187363E+01  0.807116E+00
   0.187370E+01  0.807461E+00
   0.187376E+01  0.807903E+00
   0.187384E+01  0.808552E+00
   0.187391E+01  0.809346E+00
   0.187398E+01  0.810294E+00
   0.187405E+01  0.811399E+00
   0.187412E+01  0.812643E+00
   0.187419E+01  0.813983E+00
   0.187426E+01  0.815515E+00
   0.187433E+01  0.817088E+00
   0.187440E+01  0.818703E+00
   0.187447E+01  0.820355E+00
   0.187454E+01  0.822133E+00
   0.187461E+01  0.824077E+00
   0.187468E+01  0.826126E+00
   0.187475E+01  0.828190E+00
   0.187482E+01  0.830218E+00
   0.187496E+01  0.834303E+00
   0.187510E+01  0.838256E+00
   0.187524E+01  0.842130E+00
   0.187531E+01  0.844089E+00
   0.187538E+01  0.846101E+00
   0.187545E+01  0.848078E+00
   0.187552E+01  0.849914E+00
   0.187559E+01  0.851656E+00
   0.187566E+01  0.853277E+00
   0.187573E+01  0.854794E+00
   0.187580E+01  0.856148E+00
   0.187587E+01  0.857421E+00
   0.187594E+01  0.858763E+00
   0.187602E+01  0.860010E+00
   0.187609E+01  0.861272E+00
   0.187616E+01  0.862525E+00
   0.187623E+01  0.863747E+00
   0.187630E+01  0.864983E+00
   0.187637E+01  0.866209E+00
   0.187644E+01  0.867546E+00
   0.187651E+01  0.868779E+00
   0.187658E+01  0.869965E+00
   0.187665E+01  0.871153E+00
   0.187672E+01  0.872229E+00
   0.187679E+01  0.873367E+00
   0.187686E+01  0.874276E+00
   0.187693E+01  0.875026E+00
   0.187700E+01  0.875601E+00
   0.187707E+01  0.876062E+00
   0.187714E+01  0.876383E+00
   0.187721E+01  0.876639E+00
   0.187728E+01  0.876674E+00
   0.187735E+01  0.876565E+00
   0.187739E+01  0.876485E+00
   0.187742E+01  0.876470E+00
   0.187746E+01  0.876194E+00
   0.187749E+01  0.875868E+00
   0.187753E+01  0.875633E+00
   0.187756E+01  0.875334E+00
   0.187760E+01  0.874844E+00
   0.187764E+01  0.874368E+00
   0.187767E+01  0.873743E+00
   0.187771E+01  0.873070E+00
   0.187778E+01  0.871266E+00
   0.187785E+01  0.869189E+00
   0.187792E+01  0.867056E+00
   0.187799E+01  0.864801E+00
   0.187802E+01  0.863904E+00
   0.187806E+01  0.863141E+00
   0.187810E+01  0.862486E+00
   0.187813E+01  0.862050E+00
   0.187820E+01  0.861648E+00
   0.187827E+01  0.861620E+00
   0.187834E+01  0.861945E+00
   0.187841E+01  0.862111E+00
   0.187848E+01  0.861947E+00
   0.187855E+01  0.861194E+00
   0.187862E+01  0.860010E+00
   0.187869E+01  0.858761E+00
   0.187873E+01  0.858240E+00
   0.187876E+01  0.857755E+00
   0.187880E+01  0.857457E+00
   0.187884E+01  0.857323E+00
   0.187887E+01  0.857485E+00
   0.187891E+01  0.857767E+00
   0.187894E+01  0.858302E+00
   0.187898E+01  0.858974E+00
   0.187901E+01  0.859916E+00
   0.187905E+01  0.861014E+00
   0.187908E+01  0.862316E+00
   0.187912E+01  0.863681E+00
   0.187915E+01  0.865297E+00
   0.187919E+01  0.867021E+00
   0.187926E+01  0.870505E+00
   0.187933E+01  0.874084E+00
   0.187940E+01  0.877516E+00
   0.187947E+01  0.880837E+00
   0.187951E+01  0.882319E+00
   0.187954E+01  0.883740E+00
   0.187958E+01  0.884996E+00
   0.187961E+01  0.886227E+00
   0.187968E+01  0.888161E+00
   0.187975E+01  0.889895E+00
   0.187983E+01  0.891556E+00
   0.187990E+01  0.893140E+00
   0.187997E+01  0.894641E+00
   0.188004E+01  0.896056E+00
   0.188011E+01  0.897282E+00
   0.188018E+01  0.898460E+00
   0.188025E+01  0.899453E+00
   0.188036E+01  0.901102E+00
   0.188053E+01  0.903461E+00
   0.188071E+01  0.905764E+00
   0.188080E+01  0.906904E+00
   0.188089E+01  0.908247E+00
   0.188097E+01  0.909292E+00
   0.188106E+01  0.910581E+00
   0.188124E+01  0.912711E+00
   0.188159E+01  0.913989E+00
   0.188195E+01  0.918889E+00
   0.188213E+01  0.921460E+00
   0.188230E+01  0.923717E+00
   0.188237E+01  0.924408E+00
   0.188244E+01  0.925107E+00
   0.188251E+01  0.925528E+00
   0.188258E+01  0.926096E+00
   0.188266E+01  0.926356E+00
   0.188273E+01  0.926570E+00
   0.188280E+01  0.926543E+00
   0.188287E+01  0.926781E+00
   0.188294E+01  0.926634E+00
   0.188301E+01  0.926511E+00
   0.188305E+01  0.926294E+00
   0.188308E+01  0.926006E+00
   0.188312E+01  0.925743E+00
   0.188315E+01  0.925221E+00
   0.188319E+01  0.924797E+00
   0.188322E+01  0.924213E+00
   0.188330E+01  0.922968E+00
   0.188336E+01  0.921880E+00
   0.188344E+01  0.920479E+00
   0.188351E+01  0.919018E+00
   0.188358E+01  0.917334E+00
   0.188365E+01  0.915543E+00
   0.188372E+01  0.913696E+00
   0.188379E+01  0.911833E+00
   0.188386E+01  0.909766E+00
   0.188393E+01  0.907642E+00
   0.188400E+01  0.905355E+00
   0.188408E+01  0.902886E+00
   0.188415E+01  0.900132E+00
   0.188422E+01  0.897038E+00
   0.188429E+01  0.893720E+00
   0.188436E+01  0.889974E+00
   0.188443E+01  0.886055E+00
   0.188450E+01  0.881640E+00
   0.188454E+01  0.879275E+00
   0.188457E+01  0.876979E+00
   0.188461E+01  0.874604E+00
   0.188464E+01  0.872144E+00
   0.188468E+01  0.869471E+00
   0.188471E+01  0.866683E+00
   0.188475E+01  0.863560E+00
   0.188479E+01  0.860150E+00
   0.188482E+01  0.856524E+00
   0.188486E+01  0.852651E+00
   0.188489E+01  0.848597E+00
   0.188493E+01  0.844293E+00
   0.188496E+01  0.839453E+00
   0.188500E+01  0.834324E+00
   0.188503E+01  0.828480E+00
   0.188507E+01  0.821887E+00
   0.188511E+01  0.814961E+00
   0.188514E+01  0.807370E+00
   0.188518E+01  0.799100E+00
   0.188522E+01  0.789233E+00
   0.188532E+01  0.758353E+00
   0.188542E+01  0.721357E+00
   0.188552E+01  0.679175E+00
   0.188562E+01  0.638894E+00
   0.188567E+01  0.625233E+00
   0.188572E+01  0.619197E+00
   0.188577E+01  0.617882E+00
   0.188582E+01  0.624240E+00
   0.188587E+01  0.633036E+00
   0.188592E+01  0.644192E+00
   0.188597E+01  0.664336E+00
   0.188602E+01  0.687342E+00
   0.188612E+01  0.732849E+00
   0.188622E+01  0.772003E+00
   0.188632E+01  0.803631E+00
   0.188642E+01  0.828125E+00
   0.188652E+01  0.846346E+00
   0.188662E+01  0.860308E+00
   0.188677E+01  0.875378E+00
   0.188687E+01  0.883318E+00
   0.188702E+01  0.893528E+00
   0.188722E+01  0.904933E+00
   0.188732E+01  0.909305E+00
   0.188742E+01  0.912816E+00
   0.188752E+01  0.915688E+00
   0.188762E+01  0.917950E+00
   0.188782E+01  0.921480E+00
   0.188802E+01  0.924519E+00
   0.188827E+01  0.928097E+00
   0.188831E+01  0.928443E+00
   0.188835E+01  0.928917E+00
   0.188842E+01  0.929798E+00
   0.188849E+01  0.930615E+00
   0.188856E+01  0.931416E+00
   0.188863E+01  0.931938E+00
   0.188870E+01  0.932518E+00
   0.188877E+01  0.933049E+00
   0.188885E+01  0.933613E+00
   0.188892E+01  0.933773E+00
   0.188906E+01  0.934451E+00
   0.188924E+01  0.935164E+00
   0.188933E+01  0.935524E+00
   0.188942E+01  0.935801E+00
   0.188950E+01  0.936165E+00
   0.188959E+01  0.936418E+00
   0.188968E+01  0.936786E+00
   0.188977E+01  0.936869E+00
   0.188986E+01  0.937124E+00
   0.188995E+01  0.937468E+00
   0.189004E+01  0.937581E+00
   0.189013E+01  0.937782E+00
   0.189022E+01  0.937925E+00
   0.189031E+01  0.937951E+00
   0.189049E+01  0.938209E+00
   0.189067E+01  0.938469E+00
   0.189076E+01  0.938466E+00
   0.189085E+01  0.938463E+00
   0.189093E+01  0.938372E+00
   0.189102E+01  0.938192E+00
   0.189120E+01  0.937923E+00
   0.189138E+01  0.937742E+00
   0.189156E+01  0.937533E+00
   0.189165E+01  0.937385E+00
   0.189174E+01  0.937064E+00
   0.189183E+01  0.936774E+00
   0.189192E+01  0.936456E+00
   0.189201E+01  0.935971E+00
   0.189210E+01  0.935349E+00
   0.189219E+01  0.934817E+00
   0.189228E+01  0.934372E+00
   0.189237E+01  0.933957E+00
   0.189246E+01  0.933573E+00
   0.189255E+01  0.933272E+00
   0.189263E+01  0.933080E+00
   0.189272E+01  0.932996E+00
   0.189281E+01  0.932858E+00
   0.189290E+01  0.932882E+00
   0.189299E+01  0.932772E+00
   0.189317E+01  0.932792E+00
   0.189335E+01  0.932733E+00
   0.189353E+01  0.932727E+00
   0.189371E+01  0.932560E+00
   0.189389E+01  0.932580E+00
   0.189407E+01  0.932387E+00
   0.189425E+01  0.932168E+00
   0.189443E+01  0.932109E+00
   0.189461E+01  0.931811E+00
   0.189479E+01  0.931515E+00
   0.189488E+01  0.931433E+00
   0.189497E+01  0.931351E+00
   0.189506E+01  0.931164E+00
   0.189515E+01  0.930978E+00
   0.189532E+01  0.930477E+00
   0.189551E+01  0.930084E+00
   0.189586E+01  0.928948E+00
   0.189622E+01  0.927832E+00
   0.189640E+01  0.927232E+00
   0.189649E+01  0.926885E+00
   0.189658E+01  0.926369E+00
   0.189667E+01  0.926026E+00
   0.189676E+01  0.925516E+00
   0.189685E+01  0.925058E+00
   0.189694E+01  0.924888E+00
   0.189703E+01  0.924600E+00
   0.189712E+01  0.924290E+00
   0.189721E+01  0.924121E+00
   0.189730E+01  0.923977E+00
   0.189739E+01  0.923833E+00
   0.189748E+01  0.923689E+00
   0.189766E+01  0.923542E+00
   0.189775E+01  0.923398E+00
   0.189784E+01  0.923279E+00
   0.189793E+01  0.922835E+00
   0.189802E+01  0.922394E+00
   0.189820E+01  0.921566E+00
   0.189838E+01  0.920747E+00
   0.189846E+01  0.920319E+00
   0.189853E+01  0.919916E+00
   0.189860E+01  0.919582E+00
   0.189867E+01  0.919030E+00
   0.189871E+01  0.918679E+00
   0.189874E+01  0.918460E+00
   0.189878E+01  0.918090E+00
   0.189882E+01  0.917701E+00
   0.189885E+01  0.917464E+00
   0.189889E+01  0.917291E+00
   0.189892E+01  0.917140E+00
   0.189896E+01  0.917160E+00
   0.189900E+01  0.917201E+00
   0.189903E+01  0.917285E+00
   0.189907E+01  0.917369E+00
   0.189911E+01  0.917346E+00
   0.189919E+01  0.917492E+00
   0.189928E+01  0.917489E+00
   0.189947E+01  0.917696E+00
   0.189965E+01  0.917603E+00
   0.189983E+01  0.917617E+00
   0.190001E+01  0.917438E+00
   0.190010E+01  0.917369E+00
   0.190019E+01  0.917301E+00
   0.190028E+01  0.917041E+00
   0.190037E+01  0.916804E+00
   0.190046E+01  0.916503E+00
   0.190055E+01  0.916288E+00
   0.190064E+01  0.915821E+00
   0.190073E+01  0.915440E+00
   0.190091E+01  0.914706E+00
   0.190127E+01  0.913196E+00
   0.190163E+01  0.911675E+00
   0.190200E+01  0.910222E+00
   0.190236E+01  0.908717E+00
   0.190272E+01  0.907259E+00
   0.190308E+01  0.905751E+00
   0.190344E+01  0.904325E+00
   0.190362E+01  0.903558E+00
   0.190381E+01  0.902904E+00
   0.190417E+01  0.901348E+00
   0.190453E+01  0.899853E+00
   0.190489E+01  0.898417E+00
   0.190526E+01  0.896787E+00
   0.190562E+01  0.895283E+00
   0.190598E+01  0.893837E+00
   0.190671E+01  0.890789E+00
   0.190744E+01  0.887759E+00
   0.190817E+01  0.884893E+00
   0.190853E+01  0.883302E+00
   0.190889E+01  0.881793E+00
   0.190926E+01  0.880278E+00
   0.190962E+01  0.878715E+00
   0.190999E+01  0.877135E+00
   0.191035E+01  0.875445E+00
   0.191072E+01  0.873689E+00
   0.191108E+01  0.871922E+00
   0.191145E+01  0.870157E+00
   0.191181E+01  0.868433E+00
   0.191218E+01  0.866625E+00
   0.191254E+01  0.864894E+00
   0.191291E+01  0.863212E+00
   0.191328E+01  0.861472E+00
   0.191346E+01  0.860641E+00
   0.191364E+01  0.859793E+00
   0.191383E+01  0.858870E+00
   0.191401E+01  0.858057E+00
   0.191419E+01  0.857114E+00
   0.191438E+01  0.856145E+00
   0.191474E+01  0.854130E+00
   0.191511E+01  0.852007E+00
   0.191548E+01  0.849826E+00
   0.191566E+01  0.848575E+00
   0.191584E+01  0.847358E+00
   0.191603E+01  0.846071E+00
   0.191621E+01  0.844664E+00
   0.191639E+01  0.843223E+00
   0.191658E+01  0.841659E+00
   0.191676E+01  0.840044E+00
   0.191694E+01  0.838364E+00
   0.191713E+01  0.836609E+00
   0.191731E+01  0.834633E+00
   0.191750E+01  0.832613E+00
   0.191768E+01  0.830332E+00
   0.191786E+01  0.827973E+00
   0.191805E+01  0.825463E+00
   0.191823E+01  0.822681E+00
   0.191842E+01  0.819804E+00
   0.191860E+01  0.816862E+00
   0.191878E+01  0.813772E+00
   0.191897E+01  0.810718E+00
   0.191915E+01  0.807443E+00
   0.191934E+01  0.804121E+00
   0.191952E+01  0.800742E+00
   0.191971E+01  0.797338E+00
   0.191989E+01  0.793899E+00
   0.192007E+01  0.790442E+00
   0.192026E+01  0.786754E+00
   0.192044E+01  0.783094E+00
   0.192063E+01  0.779308E+00
   0.192081E+01  0.775693E+00
   0.192100E+01  0.772214E+00
   0.192118E+01  0.769130E+00
   0.192137E+01  0.766139E+00
   0.192155E+01  0.763295E+00
   0.192174E+01  0.760509E+00
   0.192192E+01  0.757843E+00
   0.192202E+01  0.756481E+00
   0.192302E+01  0.744007E+00
   0.192402E+01  0.732565E+00
   0.192502E+01  0.720397E+00
   0.192602E+01  0.708014E+00
   0.192702E+01  0.696048E+00
   0.192752E+01  0.690997E+00
   0.192802E+01  0.686496E+00
   0.192852E+01  0.681995E+00
   0.192902E+01  0.677803E+00
   0.192952E+01  0.674874E+00
   0.192982E+01  0.674016E+00
   0.193002E+01  0.674023E+00
   0.193022E+01  0.674544E+00
   0.193042E+01  0.675475E+00
   0.193062E+01  0.676642E+00
   0.193102E+01  0.679916E+00
   0.193202E+01  0.689702E+00
   0.193302E+01  0.700151E+00
   0.193402E+01  0.711732E+00
   0.193422E+01  0.713940E+00
   0.193442E+01  0.715956E+00
   0.193462E+01  0.717939E+00
   0.193482E+01  0.719517E+00
   0.193502E+01  0.720692E+00
   0.193522E+01  0.721267E+00
   0.193532E+01  0.721264E+00
   0.193542E+01  0.721030E+00
   0.193552E+01  0.720640E+00
   0.193562E+01  0.719915E+00
   0.193582E+01  0.717374E+00
   0.193602E+01  0.712845E+00
   0.193612E+01  0.709457E+00
   0.193622E+01  0.705247E+00
   0.193632E+01  0.700468E+00
   0.193652E+01  0.689072E+00
   0.193672E+01  0.676698E+00
   0.193692E+01  0.665364E+00
   0.193712E+01  0.655018E+00
   0.193732E+01  0.645690E+00
   0.193752E+01  0.636985E+00
   0.193762E+01  0.632891E+00
   0.193782E+01  0.624855E+00
   0.193802E+01  0.617168E+00
   0.193822E+01  0.610024E+00
   0.193842E+01  0.603768E+00
   0.193862E+01  0.597743E+00
   0.193882E+01  0.593053E+00
   0.193902E+01  0.589420E+00
   0.193922E+01  0.586560E+00
   0.193942E+01  0.584368E+00
   0.193962E+01  0.582483E+00
   0.194002E+01  0.579700E+00
   0.194102E+01  0.573287E+00
   0.194152E+01  0.569553E+00
   0.194202E+01  0.565044E+00
   0.194302E+01  0.556051E+00
   0.194352E+01  0.551904E+00
   0.194402E+01  0.548369E+00
   0.194422E+01  0.547278E+00
   0.194442E+01  0.546173E+00
   0.194462E+01  0.545325E+00
   0.194502E+01  0.544431E+00
   0.194552E+01  0.543798E+00
   0.194602E+01  0.543616E+00
   0.194622E+01  0.543704E+00
   0.194642E+01  0.543925E+00
   0.194662E+01  0.544287E+00
   0.194702E+01  0.545276E+00
   0.194722E+01  0.545951E+00
   0.194742E+01  0.546769E+00
   0.194762E+01  0.547309E+00
   0.194782E+01  0.546660E+00
   0.194802E+01  0.545386E+00
   0.194822E+01  0.543862E+00
   0.194832E+01  0.543411E+00
   0.194842E+01  0.543642E+00
   0.194852E+01  0.544587E+00
   0.194862E+01  0.545774E+00
   0.194882E+01  0.547797E+00
   0.194892E+01  0.548142E+00
   0.194902E+01  0.547855E+00
   0.194912E+01  0.546993E+00
   0.194922E+01  0.545856E+00
   0.194932E+01  0.544470E+00
   0.194952E+01  0.541979E+00
   0.194962E+01  0.540989E+00
   0.194982E+01  0.539424E+00
   0.195002E+01  0.538257E+00
   0.195022E+01  0.538004E+00
   0.195042E+01  0.537606E+00
   0.195052E+01  0.536837E+00
   0.195062E+01  0.535639E+00
   0.195072E+01  0.533949E+00
   0.195082E+01  0.532004E+00
   0.195102E+01  0.528205E+00
   0.195152E+01  0.518336E+00
   0.195202E+01  0.510635E+00
   0.195222E+01  0.507943E+00
   0.195252E+01  0.504352E+00
   0.195282E+01  0.500828E+00
   0.195302E+01  0.498165E+00
   0.195322E+01  0.494955E+00
   0.195332E+01  0.492786E+00
   0.195342E+01  0.490305E+00
   0.195352E+01  0.487372E+00
   0.195372E+01  0.479016E+00
   0.195392E+01  0.471494E+00
   0.195402E+01  0.468155E+00
   0.195412E+01  0.466104E+00
   0.195422E+01  0.465419E+00
   0.195432E+01  0.466314E+00
   0.195442E+01  0.468169E+00
   0.195462E+01  0.473339E+00
   0.195482E+01  0.479391E+00
   0.195502E+01  0.486340E+00
   0.195522E+01  0.493773E+00
   0.195542E+01  0.502689E+00
   0.195552E+01  0.508358E+00
   0.195602E+01  0.540267E+00
   0.195652E+01  0.559681E+00
   0.195672E+01  0.571919E+00
   0.195692E+01  0.580986E+00
   0.195702E+01  0.583392E+00
   0.195712E+01  0.584615E+00
   0.195722E+01  0.585223E+00
   0.195732E+01  0.585236E+00
   0.195742E+01  0.584623E+00
   0.195752E+01  0.583245E+00
   0.195772E+01  0.579959E+00
   0.195782E+01  0.578002E+00
   0.195802E+01  0.573607E+00
   0.195822E+01  0.568480E+00
   0.195842E+01  0.562804E+00
   0.195862E+01  0.556386E+00
   0.195882E+01  0.549502E+00
   0.195902E+01  0.542208E+00
   0.195952E+01  0.521906E+00
   0.196002E+01  0.498601E+00
   0.196022E+01  0.488818E+00
   0.196042E+01  0.478514E+00
   0.196062E+01  0.467722E+00
   0.196082E+01  0.456424E+00
   0.196102E+01  0.444327E+00
   0.196122E+01  0.431433E+00
   0.196132E+01  0.424753E+00
   0.196142E+01  0.417797E+00
   0.196152E+01  0.410672E+00
   0.196162E+01  0.403263E+00
   0.196172E+01  0.395601E+00
   0.196194E+01  0.378204E+00
   0.196205E+01  0.368274E+00
   0.196213E+01  0.361407E+00
   0.196221E+01  0.354289E+00
   0.196236E+01  0.339435E+00
   0.196244E+01  0.331721E+00
   0.196251E+01  0.323689E+00
   0.196259E+01  0.315407E+00
   0.196267E+01  0.306764E+00
   0.196274E+01  0.297685E+00
   0.196282E+01  0.287459E+00
   0.196290E+01  0.276139E+00
   0.196298E+01  0.264534E+00
   0.196305E+01  0.253733E+00
   0.196313E+01  0.244508E+00
   0.196321E+01  0.237311E+00
   0.196328E+01  0.231389E+00
   0.196336E+01  0.225774E+00
   0.196344E+01  0.219600E+00
   0.196351E+01  0.212307E+00
   0.196359E+01  0.203398E+00
   0.196367E+01  0.193430E+00
   0.196375E+01  0.182554E+00
   0.196382E+01  0.171362E+00
   0.196390E+01  0.160228E+00
   0.196398E+01  0.149361E+00
   0.196406E+01  0.138859E+00
   0.196413E+01  0.128721E+00
   0.196421E+01  0.118665E+00
   0.196433E+01  0.103987E+00
   0.196452E+01  0.794027E-01
   0.196460E+01  0.698959E-01
   0.196471E+01  0.558701E-01
   0.196479E+01  0.467336E-01
   0.196487E+01  0.382848E-01
   0.196494E+01  0.308075E-01
   0.196502E+01  0.241174E-01
   0.196515E+01  0.146599E-01
   0.196535E+01  0.649627E-02
   0.196556E+01  0.401413E-02
   0.196575E+01  0.305428E-02
   0.196595E+01  0.286187E-02
   0.196606E+01  0.287261E-02
   0.196616E+01  0.299568E-02
   0.196626E+01  0.345117E-02
   0.196636E+01  0.455958E-02
   0.196656E+01  0.105474E-01
   0.196660E+01  0.149257E-01
   0.196664E+01  0.177214E-01
   0.196668E+01  0.208921E-01
   0.196672E+01  0.242803E-01
   0.196676E+01  0.277495E-01
   0.196680E+01  0.313707E-01
   0.196684E+01  0.351891E-01
   0.196691E+01  0.432348E-01
   0.196699E+01  0.517033E-01
   0.196707E+01  0.604965E-01
   0.196715E+01  0.694842E-01
   0.196722E+01  0.786476E-01
   0.196730E+01  0.878172E-01
   0.196742E+01  0.101953E+00
   0.196753E+01  0.116475E+00
   0.196762E+01  0.127129E+00
   0.196770E+01  0.136549E+00
   0.196777E+01  0.145866E+00
   0.196785E+01  0.155172E+00
   0.196804E+01  0.178516E+00
   0.196824E+01  0.201074E+00
   0.196843E+01  0.222452E+00
   0.196863E+01  0.242620E+00
   0.196872E+01  0.252134E+00
   0.196882E+01  0.261343E+00
   0.196901E+01  0.278896E+00
   0.196911E+01  0.287168E+00
   0.196921E+01  0.295156E+00
   0.196930E+01  0.302896E+00
   0.196940E+01  0.310351E+00
   0.196960E+01  0.324537E+00
   0.196979E+01  0.337669E+00
   0.196989E+01  0.343923E+00
   0.196998E+01  0.350003E+00
   0.197008E+01  0.355888E+00
   0.197018E+01  0.361520E+00
   0.197037E+01  0.371885E+00
   0.197056E+01  0.381353E+00
   0.197076E+01  0.390208E+00
   0.197095E+01  0.398530E+00
   0.197115E+01  0.406255E+00
   0.197134E+01  0.413614E+00
   0.197154E+01  0.420456E+00
   0.197165E+01  0.424268E+00
   0.197173E+01  0.426644E+00
   0.197181E+01  0.428871E+00
   0.197193E+01  0.431906E+00
   0.197204E+01  0.434733E+00
   0.197212E+01  0.436607E+00
   0.197220E+01  0.438393E+00
   0.197228E+01  0.440044E+00
   0.197235E+01  0.441534E+00
   0.197243E+01  0.442832E+00
   0.197251E+01  0.443916E+00
   0.197255E+01  0.444416E+00
   0.197263E+01  0.445298E+00
   0.197270E+01  0.446025E+00
   0.197278E+01  0.446605E+00
   0.197290E+01  0.447168E+00
   0.197298E+01  0.447376E+00
   0.197305E+01  0.447439E+00
   0.197313E+01  0.447313E+00
   0.197321E+01  0.446818E+00
   0.197325E+01  0.446405E+00
   0.197329E+01  0.445838E+00
   0.197333E+01  0.445135E+00
   0.197337E+01  0.444212E+00
   0.197344E+01  0.442009E+00
   0.197352E+01  0.439261E+00
   0.197360E+01  0.436038E+00
   0.197368E+01  0.432666E+00
   0.197372E+01  0.431115E+00
   0.197375E+01  0.429696E+00
   0.197379E+01  0.428466E+00
   0.197383E+01  0.427406E+00
   0.197387E+01  0.426650E+00
   0.197391E+01  0.426201E+00
   0.197395E+01  0.426349E+00
   0.197399E+01  0.426934E+00
   0.197403E+01  0.427987E+00
   0.197407E+01  0.429743E+00
   0.197415E+01  0.434592E+00
   0.197418E+01  0.437355E+00
   0.197426E+01  0.443205E+00
   0.197446E+01  0.457089E+00
   0.197453E+01  0.462191E+00
   0.197461E+01  0.467053E+00
   0.197469E+01  0.471428E+00
   0.197477E+01  0.475359E+00
   0.197485E+01  0.478711E+00
   0.197493E+01  0.481432E+00
   0.197500E+01  0.483579E+00
   0.197508E+01  0.485458E+00
   0.197516E+01  0.487103E+00
   0.197524E+01  0.488142E+00
   0.197532E+01  0.488687E+00
   0.197539E+01  0.488849E+00
   0.197543E+01  0.488685E+00
   0.197547E+01  0.488384E+00
   0.197551E+01  0.487991E+00
   0.197555E+01  0.487408E+00
   0.197563E+01  0.485773E+00
   0.197571E+01  0.483603E+00
   0.197578E+01  0.480979E+00
   0.197586E+01  0.477961E+00
   0.197594E+01  0.474772E+00
   0.197602E+01  0.471433E+00
   0.197621E+01  0.462928E+00
   0.197641E+01  0.454256E+00
   0.197660E+01  0.446168E+00
   0.197672E+01  0.441628E+00
   0.197680E+01  0.438803E+00
   0.197699E+01  0.432448E+00
   0.197711E+01  0.428982E+00
   0.197719E+01  0.426803E+00
   0.197727E+01  0.424737E+00
   0.197758E+01  0.417500E+00
   0.197797E+01  0.408941E+00
   0.197817E+01  0.403153E+00
   0.197829E+01  0.399841E+00
   0.197836E+01  0.398090E+00
   0.197840E+01  0.397468E+00
   0.197844E+01  0.397042E+00
   0.197848E+01  0.396907E+00
   0.197856E+01  0.397380E+00
   0.197864E+01  0.398696E+00
   0.197868E+01  0.399603E+00
   0.197872E+01  0.400571E+00
   0.197876E+01  0.401425E+00
   0.197883E+01  0.402648E+00
   0.197891E+01  0.403616E+00
   0.197899E+01  0.404309E+00
   0.197907E+01  0.404770E+00
   0.197915E+01  0.405134E+00
   0.197919E+01  0.405286E+00
   0.197922E+01  0.405407E+00
   0.197930E+01  0.405595E+00
   0.197938E+01  0.405658E+00
   0.197946E+01  0.405615E+00
   0.197954E+01  0.405471E+00
   0.197962E+01  0.405277E+00
   0.197969E+01  0.405050E+00
   0.197977E+01  0.404769E+00
   0.197985E+01  0.404434E+00
   0.197993E+01  0.404087E+00
   0.198001E+01  0.403710E+00
   0.198013E+01  0.403113E+00
   0.198032E+01  0.402008E+00
   0.198072E+01  0.399718E+00
   0.198111E+01  0.396973E+00
   0.198121E+01  0.396095E+00
   0.198130E+01  0.395005E+00
   0.198140E+01  0.393730E+00
   0.198150E+01  0.392266E+00
   0.198160E+01  0.390515E+00
   0.198170E+01  0.388287E+00
   0.198180E+01  0.385409E+00
   0.198189E+01  0.382267E+00
   0.198209E+01  0.375561E+00
   0.198229E+01  0.369216E+00
   0.198238E+01  0.366273E+00
   0.198248E+01  0.363537E+00
   0.198268E+01  0.358698E+00
   0.198278E+01  0.356511E+00
   0.198287E+01  0.354587E+00
   0.198297E+01  0.352978E+00
   0.198307E+01  0.351592E+00
   0.198327E+01  0.349344E+00
   0.198337E+01  0.348432E+00
   0.198347E+01  0.347632E+00
   0.198356E+01  0.347030E+00
   0.198366E+01  0.346669E+00
   0.198376E+01  0.346485E+00
   0.198386E+01  0.346433E+00
   0.198406E+01  0.346507E+00
   0.198415E+01  0.346610E+00
   0.198425E+01  0.346774E+00
   0.198435E+01  0.346989E+00
   0.198445E+01  0.347248E+00
   0.198465E+01  0.347853E+00
   0.198475E+01  0.348208E+00
   0.198484E+01  0.348572E+00
   0.198504E+01  0.349397E+00
   0.198544E+01  0.351052E+00
   0.198583E+01  0.352609E+00
   0.198593E+01  0.352965E+00
   0.198603E+01  0.353303E+00
   0.198622E+01  0.353941E+00
   0.198632E+01  0.354253E+00
   0.198642E+01  0.354578E+00
   0.198652E+01  0.354925E+00
   0.198662E+01  0.355295E+00
   0.198701E+01  0.356896E+00
   0.198741E+01  0.358527E+00
   0.198780E+01  0.360073E+00
   0.198788E+01  0.360319E+00
   0.198796E+01  0.360531E+00
   0.198804E+01  0.360706E+00
   0.198812E+01  0.360826E+00
   0.198820E+01  0.360861E+00
   0.198824E+01  0.360853E+00
   0.198828E+01  0.360823E+00
   0.198832E+01  0.360765E+00
   0.198836E+01  0.360686E+00
   0.198840E+01  0.360575E+00
   0.198844E+01  0.360430E+00
   0.198851E+01  0.360014E+00
   0.198859E+01  0.359322E+00
   0.198867E+01  0.358201E+00
   0.198875E+01  0.356497E+00
   0.198883E+01  0.354155E+00
   0.198887E+01  0.352737E+00
   0.198891E+01  0.351128E+00
   0.198899E+01  0.347452E+00
   0.198907E+01  0.342867E+00
   0.198915E+01  0.337630E+00
   0.198923E+01  0.333441E+00
   0.198927E+01  0.332340E+00
   0.198931E+01  0.331900E+00
   0.198935E+01  0.332186E+00
   0.198939E+01  0.333349E+00
   0.198943E+01  0.335404E+00
   0.198946E+01  0.338200E+00
   0.198954E+01  0.345154E+00
   0.198962E+01  0.352481E+00
   0.198970E+01  0.359231E+00
   0.198978E+01  0.364828E+00
   0.198986E+01  0.369225E+00
   0.198994E+01  0.372662E+00
   0.199002E+01  0.375309E+00
   0.199010E+01  0.377499E+00
   0.199018E+01  0.379470E+00
   0.199026E+01  0.381275E+00
   0.199034E+01  0.382950E+00
   0.199042E+01  0.384462E+00
   0.199049E+01  0.385815E+00
   0.199057E+01  0.386954E+00
   0.199065E+01  0.387914E+00
   0.199077E+01  0.389093E+00
   0.199089E+01  0.390062E+00
   0.199097E+01  0.390677E+00
   0.199105E+01  0.391297E+00
   0.199117E+01  0.392199E+00
   0.199137E+01  0.393655E+00
   0.199156E+01  0.395071E+00
   0.199176E+01  0.396435E+00
   0.199196E+01  0.397752E+00
   0.199216E+01  0.399073E+00
   0.199256E+01  0.401691E+00
   0.199295E+01  0.404123E+00
   0.199315E+01  0.405117E+00
   0.199335E+01  0.405987E+00
   0.199345E+01  0.406374E+00
   0.199355E+01  0.406700E+00
   0.199365E+01  0.406948E+00
   0.199375E+01  0.407104E+00
   0.199385E+01  0.407159E+00
   0.199391E+01  0.407132E+00
   0.199399E+01  0.406893E+00
   0.199403E+01  0.406697E+00
   0.199407E+01  0.406439E+00
   0.199415E+01  0.405637E+00
   0.199419E+01  0.405182E+00
   0.199423E+01  0.404760E+00
   0.199427E+01  0.404421E+00
   0.199430E+01  0.404124E+00
   0.199439E+01  0.403769E+00
   0.199446E+01  0.403429E+00
   0.199454E+01  0.403456E+00
   0.199462E+01  0.403926E+00
   0.199466E+01  0.404400E+00
   0.199470E+01  0.405224E+00
   0.199474E+01  0.406386E+00
   0.199478E+01  0.407781E+00
   0.199486E+01  0.410714E+00
   0.199494E+01  0.412703E+00
   0.199498E+01  0.413322E+00
   0.199502E+01  0.413698E+00
   0.199506E+01  0.413882E+00
   0.199510E+01  0.413891E+00
   0.199518E+01  0.413137E+00
   0.199526E+01  0.411967E+00
   0.199534E+01  0.410602E+00
   0.199544E+01  0.408839E+00
   0.199554E+01  0.407149E+00
   0.199574E+01  0.404453E+00
   0.199584E+01  0.403666E+00
   0.199594E+01  0.403124E+00
   0.199604E+01  0.402804E+00
   0.199614E+01  0.402679E+00
   0.199624E+01  0.402729E+00
   0.199634E+01  0.402896E+00
   0.199653E+01  0.403059E+00
   0.199663E+01  0.402574E+00
   0.199674E+01  0.401486E+00
   0.199683E+01  0.399954E+00
   0.199693E+01  0.398063E+00
   0.199713E+01  0.393699E+00
   0.199733E+01  0.389109E+00
   0.199743E+01  0.386817E+00
   0.199753E+01  0.384553E+00
   0.199773E+01  0.380194E+00
   0.199783E+01  0.378139E+00
   0.199793E+01  0.376226E+00
   0.199803E+01  0.374479E+00
   0.199813E+01  0.372807E+00
   0.199833E+01  0.369767E+00
   0.199853E+01  0.367118E+00
   0.199873E+01  0.364684E+00
   0.199893E+01  0.362555E+00
   0.199903E+01  0.361561E+00
   0.199913E+01  0.360655E+00
   0.199933E+01  0.359091E+00
   0.199953E+01  0.357782E+00
   0.199963E+01  0.357226E+00
   0.199973E+01  0.356748E+00
   0.199983E+01  0.356348E+00
   0.199993E+01  0.356031E+00
   0.200003E+01  0.355856E+00
   0.200013E+01  0.355779E+00
   0.200023E+01  0.355848E+00
   0.200033E+01  0.356071E+00
   0.200043E+01  0.356468E+00
   0.200053E+01  0.357058E+00
   0.200063E+01  0.357857E+00
   0.200073E+01  0.358827E+00
   0.200083E+01  0.359976E+00
   0.200093E+01  0.361289E+00
   0.200103E+01  0.362821E+00
   0.200113E+01  0.364479E+00
   0.200123E+01  0.366361E+00
   0.200133E+01  0.368598E+00
   0.200143E+01  0.371368E+00
   0.200153E+01  0.374700E+00
   0.200163E+01  0.378373E+00
   0.200165E+01  0.379176E+00
   0.200173E+01  0.382552E+00
   0.200181E+01  0.386544E+00
   0.200189E+01  0.390948E+00
   0.200197E+01  0.395979E+00
   0.200205E+01  0.401587E+00
   0.200213E+01  0.407781E+00
   0.200221E+01  0.414645E+00
   0.200229E+01  0.422116E+00
   0.200237E+01  0.429789E+00
   0.200241E+01  0.433336E+00
   0.200245E+01  0.436594E+00
   0.200249E+01  0.439202E+00
   0.200253E+01  0.440637E+00
   0.200261E+01  0.440566E+00
   0.200269E+01  0.438462E+00
   0.200277E+01  0.436694E+00
   0.200285E+01  0.437232E+00
   0.200289E+01  0.438423E+00
   0.200293E+01  0.440799E+00
   0.200302E+01  0.447193E+00
   0.200310E+01  0.455531E+00
   0.200318E+01  0.463848E+00
   0.200322E+01  0.467225E+00
   0.200325E+01  0.470280E+00
   0.200334E+01  0.475611E+00
   0.200338E+01  0.477659E+00
   0.200342E+01  0.479217E+00
   0.200346E+01  0.480176E+00
   0.200350E+01  0.480901E+00
   0.200354E+01  0.481208E+00
   0.200358E+01  0.481290E+00
   0.200362E+01  0.481218E+00
   0.200366E+01  0.480780E+00
   0.200374E+01  0.479231E+00
   0.200378E+01  0.478171E+00
   0.200382E+01  0.476961E+00
   0.200386E+01  0.475643E+00
   0.200390E+01  0.474214E+00
   0.200398E+01  0.470864E+00
   0.200406E+01  0.466745E+00
   0.200414E+01  0.461829E+00
   0.200422E+01  0.456217E+00
   0.200430E+01  0.449948E+00
   0.200438E+01  0.443183E+00
   0.200446E+01  0.435472E+00
   0.200454E+01  0.426750E+00
   0.200462E+01  0.416947E+00
   0.200470E+01  0.405995E+00
   0.200478E+01  0.393985E+00
   0.200486E+01  0.380206E+00
   0.200490E+01  0.372634E+00
   0.200494E+01  0.364502E+00
   0.200498E+01  0.355505E+00
   0.200502E+01  0.345530E+00
   0.200510E+01  0.321363E+00
   0.200518E+01  0.293565E+00
   0.200526E+01  0.262517E+00
   0.200535E+01  0.229178E+00
   0.200542E+01  0.197455E+00
   0.200547E+01  0.185060E+00
   0.200551E+01  0.175723E+00
   0.200555E+01  0.169970E+00
   0.200559E+01  0.168385E+00
   0.200563E+01  0.171248E+00
   0.200567E+01  0.177926E+00
   0.200571E+01  0.187679E+00
   0.200575E+01  0.199726E+00
   0.200579E+01  0.213177E+00
   0.200583E+01  0.227277E+00
   0.200591E+01  0.254583E+00
   0.200599E+01  0.277524E+00
   0.200607E+01  0.294768E+00
   0.200615E+01  0.306739E+00
   0.200623E+01  0.314643E+00
   0.200631E+01  0.319398E+00
   0.200639E+01  0.322436E+00
   0.200643E+01  0.323477E+00
   0.200647E+01  0.324339E+00
   0.200655E+01  0.325585E+00
   0.200663E+01  0.326400E+00
   0.200667E+01  0.326648E+00
   0.200671E+01  0.326803E+00
   0.200675E+01  0.326807E+00
   0.200679E+01  0.326556E+00
   0.200683E+01  0.325908E+00
   0.200687E+01  0.324716E+00
   0.200696E+01  0.320684E+00
   0.200704E+01  0.314002E+00
   0.200712E+01  0.305529E+00
   0.200720E+01  0.296208E+00
   0.200728E+01  0.289158E+00
   0.200736E+01  0.286331E+00
   0.200751E+01  0.285958E+00
   0.200759E+01  0.284716E+00
   0.200767E+01  0.281935E+00
   0.200775E+01  0.277576E+00
   0.200783E+01  0.272535E+00
   0.200791E+01  0.266888E+00
   0.200799E+01  0.260858E+00
   0.200807E+01  0.254535E+00
   0.200815E+01  0.247994E+00
   0.200823E+01  0.241329E+00
   0.200831E+01  0.234437E+00
   0.200840E+01  0.227312E+00
   0.200852E+01  0.216324E+00
   0.200864E+01  0.205103E+00
   0.200872E+01  0.197499E+00
   0.200880E+01  0.189760E+00
   0.200892E+01  0.177863E+00
   0.200904E+01  0.165816E+00
   0.200912E+01  0.157750E+00
   0.200924E+01  0.145649E+00
   0.200932E+01  0.137583E+00
   0.200940E+01  0.129460E+00
   0.200953E+01  0.117235E+00
   0.200973E+01  0.969400E-01
   0.200993E+01  0.766326E-01
   0.201001E+01  0.690129E-01
   0.201009E+01  0.616757E-01
   0.201017E+01  0.546668E-01
   0.201025E+01  0.479662E-01
   0.201080E+01  0.183898E-01
   0.201126E+01  0.536510E-02
   0.201156E+01  0.266273E-02
   0.201186E+01  0.230380E-02
   0.201196E+01  0.230198E-02
   0.201206E+01  0.231114E-02
   0.201216E+01  0.235085E-02
   0.201226E+01  0.256100E-02
   0.201236E+01  0.353897E-02
   0.201256E+01  0.715765E-02
   0.201276E+01  0.127558E-01
   0.201288E+01  0.175680E-01
   0.201292E+01  0.198298E-01
   0.201300E+01  0.247202E-01
   0.201308E+01  0.297813E-01
   0.201317E+01  0.350062E-01
   0.201325E+01  0.406311E-01
   0.201337E+01  0.498613E-01
   0.201349E+01  0.594637E-01
   0.201357E+01  0.661259E-01
   0.201377E+01  0.836171E-01
   0.201398E+01  0.101191E+00
   0.201418E+01  0.119424E+00
   0.201438E+01  0.137673E+00
   0.201446E+01  0.144843E+00
   0.201459E+01  0.155570E+00
   0.201471E+01  0.166167E+00
   0.201479E+01  0.173220E+00
   0.201487E+01  0.180271E+00
   0.201499E+01  0.190693E+00
   0.201511E+01  0.200583E+00
   0.201519E+01  0.207215E+00
   0.201528E+01  0.213577E+00
   0.201540E+01  0.222947E+00
   0.201552E+01  0.231952E+00
   0.201560E+01  0.237750E+00
   0.201568E+01  0.243244E+00
   0.201580E+01  0.250734E+00
   0.201589E+01  0.254858E+00
   0.201593E+01  0.256599E+00
   0.201597E+01  0.258164E+00
   0.201601E+01  0.259469E+00
   0.201605E+01  0.260501E+00
   0.201609E+01  0.261279E+00
   0.201617E+01  0.262063E+00
   0.201621E+01  0.262080E+00
   0.201629E+01  0.261598E+00
   0.201637E+01  0.261296E+00
   0.201644E+01  0.261861E+00
   0.201652E+01  0.263319E+00
   0.201660E+01  0.266281E+00
   0.201667E+01  0.270330E+00
   0.201675E+01  0.274927E+00
   0.201683E+01  0.279899E+00
   0.201690E+01  0.285431E+00
   0.201698E+01  0.291251E+00
   0.201705E+01  0.297171E+00
   0.201713E+01  0.303268E+00
   0.201721E+01  0.309574E+00
   0.201728E+01  0.315768E+00
   0.201736E+01  0.321710E+00
   0.201744E+01  0.327660E+00
   0.201751E+01  0.333253E+00
   0.201759E+01  0.338610E+00
   0.201767E+01  0.344001E+00
   0.201774E+01  0.349170E+00
   0.201782E+01  0.354312E+00
   0.201792E+01  0.360972E+00
   0.201802E+01  0.367456E+00
   0.201812E+01  0.373798E+00
   0.201822E+01  0.380081E+00
   0.201842E+01  0.392237E+00
   0.201862E+01  0.404135E+00
   0.201882E+01  0.415469E+00
   0.201902E+01  0.425893E+00
   0.201922E+01  0.435340E+00
   0.201942E+01  0.443688E+00
   0.201962E+01  0.450548E+00
   0.201972E+01  0.453633E+00
   0.201982E+01  0.456252E+00
   0.201992E+01  0.458380E+00
   0.202002E+01  0.460035E+00
   0.202012E+01  0.461254E+00
   0.202022E+01  0.462035E+00
   0.202032E+01  0.462413E+00
   0.202042E+01  0.462543E+00
   0.202052E+01  0.462356E+00
   0.202062E+01  0.461250E+00
   0.202072E+01  0.458577E+00
   0.202082E+01  0.454250E+00
   0.202092E+01  0.447654E+00
   0.202097E+01  0.443437E+00
   0.202102E+01  0.438656E+00
   0.202107E+01  0.433751E+00
   0.202112E+01  0.429005E+00
   0.202117E+01  0.424420E+00
   0.202122E+01  0.420396E+00
   0.202127E+01  0.417598E+00
   0.202132E+01  0.417046E+00
   0.202137E+01  0.418135E+00
   0.202142E+01  0.420940E+00
   0.202147E+01  0.425301E+00
   0.202152E+01  0.431012E+00
   0.202157E+01  0.437897E+00
   0.202162E+01  0.445310E+00
   0.202167E+01  0.452929E+00
   0.202172E+01  0.460398E+00
   0.202182E+01  0.473896E+00
   0.202192E+01  0.485095E+00
   0.202202E+01  0.494119E+00
   0.202222E+01  0.508716E+00
   0.202242E+01  0.521158E+00
   0.202262E+01  0.531594E+00
   0.202282E+01  0.540776E+00
   0.202302E+01  0.548387E+00
   0.202322E+01  0.554741E+00
   0.202342E+01  0.560241E+00
   0.202362E+01  0.564896E+00
   0.202382E+01  0.568997E+00
   0.202402E+01  0.572603E+00
   0.202422E+01  0.575915E+00
   0.202442E+01  0.579059E+00
   0.202462E+01  0.581868E+00
   0.202482E+01  0.584585E+00
   0.202502E+01  0.587073E+00
   0.202522E+01  0.589469E+00
   0.202542E+01  0.591389E+00
   0.202562E+01  0.592992E+00
   0.202582E+01  0.594339E+00
   0.202592E+01  0.594708E+00
   0.202602E+01  0.594797E+00
   0.202612E+01  0.594412E+00
   0.202622E+01  0.593472E+00
   0.202632E+01  0.591767E+00
   0.202642E+01  0.588902E+00
   0.202652E+01  0.584741E+00
   0.202657E+01  0.582140E+00
   0.202662E+01  0.579225E+00
   0.202667E+01  0.575671E+00
   0.202672E+01  0.571660E+00
   0.202677E+01  0.567026E+00
   0.202682E+01  0.561889E+00
   0.202687E+01  0.555376E+00
   0.202692E+01  0.548217E+00
   0.202697E+01  0.540948E+00
   0.202702E+01  0.533790E+00
   0.202707E+01  0.527725E+00
   0.202712E+01  0.522898E+00
   0.202717E+01  0.519518E+00
   0.202722E+01  0.518428E+00
   0.202727E+01  0.520342E+00
   0.202732E+01  0.524875E+00
   0.202737E+01  0.530962E+00
   0.202742E+01  0.538095E+00
   0.202747E+01  0.546077E+00
   0.202752E+01  0.554613E+00
   0.202757E+01  0.562632E+00
   0.202762E+01  0.569771E+00
   0.202767E+01  0.576027E+00
   0.202772E+01  0.581301E+00
   0.202777E+01  0.586091E+00
   0.202782E+01  0.590427E+00
   0.202792E+01  0.597860E+00
   0.202802E+01  0.603327E+00
   0.202812E+01  0.607430E+00
   0.202822E+01  0.610788E+00
   0.202832E+01  0.613574E+00
   0.202842E+01  0.615920E+00
   0.202852E+01  0.617876E+00
   0.202862E+01  0.619573E+00
   0.202872E+01  0.621113E+00
   0.202882E+01  0.622457E+00
   0.202902E+01  0.624789E+00
   0.202922E+01  0.626889E+00
   0.202942E+01  0.628722E+00
   0.202962E+01  0.630328E+00
   0.202982E+01  0.631789E+00
   0.203002E+01  0.633140E+00
   0.203022E+01  0.634511E+00
   0.203052E+01  0.636458E+00
   0.203102E+01  0.639355E+00
   0.203152E+01  0.641721E+00
   0.203172E+01  0.642543E+00
   0.203192E+01  0.643320E+00
   0.203202E+01  0.643672E+00
   0.203212E+01  0.644031E+00
   0.203232E+01  0.644711E+00
   0.203252E+01  0.645374E+00
   0.203302E+01  0.646937E+00
   0.203322E+01  0.647488E+00
   0.203342E+01  0.648002E+00
   0.203352E+01  0.648238E+00
   0.203362E+01  0.648418E+00
   0.203372E+01  0.648550E+00
   0.203382E+01  0.648621E+00
   0.203392E+01  0.648631E+00
   0.203402E+01  0.648542E+00
   0.203412E+01  0.648265E+00
   0.203422E+01  0.647923E+00
   0.203432E+01  0.647653E+00
   0.203442E+01  0.647672E+00
   0.203447E+01  0.647878E+00
   0.203452E+01  0.648375E+00
   0.203457E+01  0.649060E+00
   0.203462E+01  0.649769E+00
   0.203472E+01  0.651233E+00
   0.203482E+01  0.652542E+00
   0.203492E+01  0.653807E+00
   0.203502E+01  0.654943E+00
   0.203512E+01  0.655927E+00
   0.203522E+01  0.656705E+00
   0.203532E+01  0.657415E+00
   0.203542E+01  0.658045E+00
   0.203552E+01  0.658596E+00
   0.203577E+01  0.659890E+00
   0.203592E+01  0.660703E+00
   0.203602E+01  0.661218E+00
   0.203612E+01  0.661753E+00
   0.203622E+01  0.662238E+00
   0.203632E+01  0.662648E+00
   0.203642E+01  0.662935E+00
   0.203652E+01  0.663046E+00
   0.203662E+01  0.663072E+00
   0.203672E+01  0.662890E+00
   0.203682E+01  0.662449E+00
   0.203692E+01  0.661784E+00
   0.203702E+01  0.660943E+00
   0.203712E+01  0.659691E+00
   0.203722E+01  0.658206E+00
   0.203732E+01  0.656506E+00
   0.203742E+01  0.654705E+00
   0.203752E+01  0.652764E+00
   0.203772E+01  0.648291E+00
   0.203792E+01  0.643102E+00
   0.203812E+01  0.636505E+00
   0.203832E+01  0.627035E+00
   0.203842E+01  0.620458E+00
   0.203852E+01  0.612169E+00
   0.203862E+01  0.603966E+00
   0.203872E+01  0.595160E+00
   0.203882E+01  0.586686E+00
   0.203892E+01  0.578964E+00
   0.203902E+01  0.571735E+00
   0.203912E+01  0.565380E+00
   0.203922E+01  0.559465E+00
   0.203952E+01  0.543576E+00
   0.203982E+01  0.529116E+00
   0.203992E+01  0.524085E+00
   0.204002E+01  0.518860E+00
   0.204012E+01  0.513384E+00
   0.204022E+01  0.507224E+00
   0.204032E+01  0.500248E+00
   0.204042E+01  0.491921E+00
   0.204052E+01  0.482429E+00
   0.204062E+01  0.471495E+00
   0.204072E+01  0.458825E+00
   0.204079E+01  0.447162E+00
   0.204083E+01  0.439319E+00
   0.204087E+01  0.430969E+00
   0.204096E+01  0.411104E+00
   0.204100E+01  0.400092E+00
   0.204108E+01  0.377691E+00
   0.204116E+01  0.354524E+00
   0.204125E+01  0.332190E+00
   0.204129E+01  0.322076E+00
   0.204133E+01  0.313441E+00
   0.204137E+01  0.306553E+00
   0.204142E+01  0.302473E+00
   0.204146E+01  0.301209E+00
   0.204148E+01  0.301635E+00
   0.204150E+01  0.302787E+00
   0.204154E+01  0.307613E+00
   0.204158E+01  0.315404E+00
   0.204162E+01  0.325426E+00
   0.204167E+01  0.336909E+00
   0.204171E+01  0.348955E+00
   0.204175E+01  0.361166E+00
   0.204183E+01  0.385714E+00
   0.204192E+01  0.407965E+00
   0.204200E+01  0.425971E+00
   0.204204E+01  0.433672E+00
   0.204208E+01  0.440625E+00
   0.204212E+01  0.447106E+00
   0.204217E+01  0.453104E+00
   0.204221E+01  0.458689E+00
   0.204229E+01  0.468621E+00
   0.204237E+01  0.477111E+00
   0.204246E+01  0.484226E+00
   0.204254E+01  0.490299E+00
   0.204263E+01  0.495559E+00
   0.204271E+01  0.500053E+00
   0.204279E+01  0.503803E+00
   0.204288E+01  0.507014E+00
   0.204296E+01  0.509820E+00
   0.204304E+01  0.512224E+00
   0.204313E+01  0.514460E+00
   0.204321E+01  0.516550E+00
   0.204329E+01  0.518452E+00
   0.204338E+01  0.520247E+00
   0.204346E+01  0.521834E+00
   0.204354E+01  0.523263E+00
   0.204371E+01  0.525793E+00
   0.204388E+01  0.528022E+00
   0.204409E+01  0.530415E+00
   0.204430E+01  0.532382E+00
   0.204438E+01  0.533073E+00
   0.204446E+01  0.533722E+00
   0.204455E+01  0.534332E+00
   0.204463E+01  0.534889E+00
   0.204471E+01  0.535403E+00
   0.204480E+01  0.535898E+00
   0.204492E+01  0.536555E+00
   0.204501E+01  0.536967E+00
   0.204513E+01  0.537606E+00
   0.204526E+01  0.538324E+00
   0.204534E+01  0.538812E+00
   0.204538E+01  0.539039E+00
   0.204542E+01  0.539247E+00
   0.204547E+01  0.539416E+00
   0.204555E+01  0.539535E+00
   0.204563E+01  0.539381E+00
   0.204597E+01  0.536712E+00
   0.204605E+01  0.535813E+00
   0.204618E+01  0.534320E+00
   0.204630E+01  0.532637E+00
   0.204639E+01  0.531394E+00
   0.204647E+01  0.530233E+00
   0.204651E+01  0.529793E+00
   0.204656E+01  0.529484E+00
   0.204660E+01  0.529290E+00
   0.204664E+01  0.529278E+00
   0.204668E+01  0.529593E+00
   0.204672E+01  0.530180E+00
   0.204676E+01  0.530952E+00
   0.204681E+01  0.532033E+00
   0.204685E+01  0.533394E+00
   0.204689E+01  0.535246E+00
   0.204693E+01  0.537410E+00
   0.204697E+01  0.539702E+00
   0.204702E+01  0.541927E+00
   0.204723E+01  0.549327E+00
   0.204744E+01  0.552687E+00
   0.204748E+01  0.553479E+00
   0.204756E+01  0.555662E+00
   0.204765E+01  0.559376E+00
   0.204773E+01  0.564421E+00
   0.204781E+01  0.569203E+00
   0.204785E+01  0.571134E+00
   0.204790E+01  0.572802E+00
   0.204798E+01  0.575188E+00
   0.204806E+01  0.576578E+00
   0.204815E+01  0.577116E+00
   0.204823E+01  0.576496E+00
   0.204827E+01  0.575685E+00
   0.204832E+01  0.574608E+00
   0.204840E+01  0.571672E+00
   0.204848E+01  0.567665E+00
   0.204857E+01  0.562460E+00
   0.204861E+01  0.559360E+00
   0.204865E+01  0.555912E+00
   0.204869E+01  0.552167E+00
   0.204874E+01  0.548085E+00
   0.204878E+01  0.543650E+00
   0.204882E+01  0.538944E+00
   0.204890E+01  0.528104E+00
   0.204894E+01  0.522167E+00
   0.204899E+01  0.515453E+00
   0.204907E+01  0.500059E+00
   0.204911E+01  0.491234E+00
   0.204915E+01  0.481465E+00
   0.204920E+01  0.470945E+00
   0.204924E+01  0.459491E+00
   0.204928E+01  0.447205E+00
   0.204932E+01  0.433339E+00
   0.204936E+01  0.418203E+00
   0.204941E+01  0.401644E+00
   0.204945E+01  0.383749E+00
   0.204949E+01  0.364357E+00
   0.204953E+01  0.343675E+00
   0.204957E+01  0.322458E+00
   0.204962E+01  0.301287E+00
   0.204966E+01  0.281026E+00
   0.204970E+01  0.262402E+00
   0.204974E+01  0.246244E+00
   0.204979E+01  0.233469E+00
   0.204983E+01  0.225401E+00
   0.204987E+01  0.222835E+00
   0.204991E+01  0.226134E+00
   0.204995E+01  0.235838E+00
   0.205000E+01  0.249637E+00
   0.205004E+01  0.267212E+00
   0.205008E+01  0.287168E+00
   0.205012E+01  0.308305E+00
   0.205016E+01  0.329463E+00
   0.205021E+01  0.350250E+00
   0.205025E+01  0.370130E+00
   0.205029E+01  0.389002E+00
   0.205033E+01  0.406500E+00
   0.205037E+01  0.422586E+00
   0.205042E+01  0.437018E+00
   0.205046E+01  0.450017E+00
   0.205050E+01  0.461414E+00
   0.205054E+01  0.472004E+00
   0.205058E+01  0.481821E+00
   0.205063E+01  0.491003E+00
   0.205067E+01  0.499604E+00
   0.205071E+01  0.507642E+00
   0.205075E+01  0.515259E+00
   0.205079E+01  0.522439E+00
   0.205084E+01  0.529212E+00
   0.205088E+01  0.535602E+00
   0.205092E+01  0.541770E+00
   0.205096E+01  0.547377E+00
   0.205101E+01  0.552588E+00
   0.205105E+01  0.557428E+00
   0.205109E+01  0.561891E+00
   0.205113E+01  0.565917E+00
   0.205117E+01  0.568775E+00
   0.205122E+01  0.571699E+00
   0.205127E+01  0.573556E+00
   0.205132E+01  0.574509E+00
   0.205142E+01  0.574887E+00
   0.205147E+01  0.574849E+00
   0.205152E+01  0.574822E+00
   0.205157E+01  0.575198E+00
   0.205162E+01  0.576494E+00
   0.205167E+01  0.579148E+00
   0.205172E+01  0.582908E+00
   0.205182E+01  0.592552E+00
   0.205192E+01  0.601569E+00
   0.205197E+01  0.605139E+00
   0.205202E+01  0.607926E+00
   0.205212E+01  0.612037E+00
   0.205222E+01  0.615400E+00
   0.205237E+01  0.619715E+00
   0.205242E+01  0.621127E+00
   0.205252E+01  0.623513E+00
   0.205262E+01  0.625571E+00
   0.205272E+01  0.627277E+00
   0.205282E+01  0.628591E+00
   0.205292E+01  0.629552E+00
   0.205302E+01  0.630159E+00
   0.205312E+01  0.630551E+00
   0.205322E+01  0.630813E+00
   0.205332E+01  0.630986E+00
   0.205342E+01  0.631080E+00
   0.205352E+01  0.631063E+00
   0.205362E+01  0.630836E+00
   0.205367E+01  0.630482E+00
   0.205372E+01  0.629919E+00
   0.205377E+01  0.629013E+00
   0.205387E+01  0.626776E+00
   0.205392E+01  0.625518E+00
   0.205397E+01  0.624274E+00
   0.205402E+01  0.623143E+00
   0.205407E+01  0.622219E+00
   0.205412E+01  0.621726E+00
   0.205417E+01  0.621590E+00
   0.205422E+01  0.621901E+00
   0.205427E+01  0.622541E+00
   0.205432E+01  0.623629E+00
   0.205437E+01  0.625056E+00
   0.205442E+01  0.626368E+00
   0.205447E+01  0.627531E+00
   0.205452E+01  0.628559E+00
   0.205462E+01  0.630403E+00
   0.205472E+01  0.631850E+00
   0.205477E+01  0.632434E+00
   0.205487E+01  0.633362E+00
   0.205492E+01  0.633758E+00
   0.205502E+01  0.634515E+00
   0.205512E+01  0.635191E+00
   0.205522E+01  0.635805E+00
   0.205532E+01  0.636372E+00
   0.205542E+01  0.636892E+00
   0.205552E+01  0.637387E+00
   0.205562E+01  0.637824E+00
   0.205582E+01  0.638617E+00
   0.205592E+01  0.638982E+00
   0.205602E+01  0.639344E+00
   0.205612E+01  0.639671E+00
   0.205622E+01  0.639763E+00
   0.205627E+01  0.639607E+00
   0.205632E+01  0.639322E+00
   0.205642E+01  0.638156E+00
   0.205647E+01  0.637519E+00
   0.205652E+01  0.636999E+00
   0.205657E+01  0.636683E+00
   0.205662E+01  0.636598E+00
   0.205672E+01  0.637119E+00
   0.205677E+01  0.637845E+00
   0.205682E+01  0.638870E+00
   0.205692E+01  0.641659E+00
   0.205702E+01  0.645121E+00
   0.205712E+01  0.648145E+00
   0.205732E+01  0.652673E+00
   0.205752E+01  0.656599E+00
   0.205772E+01  0.660949E+00
   0.205782E+01  0.663549E+00
   0.205792E+01  0.666472E+00
   0.205802E+01  0.669631E+00
   0.205812E+01  0.673281E+00
   0.205822E+01  0.677117E+00
   0.205842E+01  0.686016E+00
   0.205852E+01  0.691177E+00
   0.205862E+01  0.697325E+00
   0.205872E+01  0.703811E+00
   0.205877E+01  0.706717E+00
   0.205882E+01  0.708985E+00
   0.205887E+01  0.710625E+00
   0.205892E+01  0.711755E+00
   0.205897E+01  0.712105E+00
   0.205902E+01  0.711915E+00
   0.205907E+01  0.711441E+00
   0.205912E+01  0.710993E+00
   0.205917E+01  0.710881E+00
   0.205922E+01  0.711365E+00
   0.205932E+01  0.713845E+00
   0.205942E+01  0.718650E+00
   0.205952E+01  0.725309E+00
   0.205962E+01  0.732179E+00
   0.205972E+01  0.737501E+00
   0.205977E+01  0.739558E+00
   0.205982E+01  0.741323E+00
   0.205992E+01  0.743981E+00
   0.206002E+01  0.745575E+00
   0.206007E+01  0.746175E+00
   0.206012E+01  0.746663E+00
   0.206022E+01  0.747479E+00
   0.206037E+01  0.748631E+00
   0.206052E+01  0.749529E+00
   0.206062E+01  0.749926E+00
   0.206072E+01  0.750178E+00
   0.206082E+01  0.750259E+00
   0.206092E+01  0.750383E+00
   0.206102E+01  0.750330E+00
   0.206122E+01  0.749778E+00
   0.206142E+01  0.748744E+00
   0.206162E+01  0.747043E+00
   0.206182E+01  0.744750E+00
   0.206202E+01  0.742160E+00
   0.206222E+01  0.739258E+00
   0.206242E+01  0.736479E+00
   0.206262E+01  0.733443E+00
   0.206282E+01  0.730264E+00
   0.206302E+01  0.726815E+00
   0.206322E+01  0.723020E+00
   0.206342E+01  0.718524E+00
   0.206362E+01  0.713303E+00
   0.206382E+01  0.707510E+00
   0.206402E+01  0.700958E+00
   0.206422E+01  0.693840E+00
   0.206442E+01  0.685857E+00
   0.206462E+01  0.677080E+00
   0.206482E+01  0.667452E+00
   0.206502E+01  0.656952E+00
   0.206522E+01  0.645444E+00
   0.206542E+01  0.632667E+00
   0.206562E+01  0.619474E+00
   0.206582E+01  0.605192E+00
   0.206602E+01  0.589699E+00
   0.206622E+01  0.571898E+00
   0.206642E+01  0.552474E+00
   0.206662E+01  0.530533E+00
   0.206682E+01  0.506029E+00
   0.206692E+01  0.493251E+00
   0.206702E+01  0.480073E+00
   0.206712E+01  0.465940E+00
   0.206719E+01  0.455588E+00
   0.206727E+01  0.442703E+00
   0.206736E+01  0.429384E+00
   0.206744E+01  0.415423E+00
   0.206753E+01  0.400390E+00
   0.206762E+01  0.384596E+00
   0.206770E+01  0.368233E+00
   0.206779E+01  0.351400E+00
   0.206787E+01  0.333622E+00
   0.206796E+01  0.314889E+00
   0.206804E+01  0.295973E+00
   0.206813E+01  0.276331E+00
   0.206821E+01  0.256363E+00
   0.206830E+01  0.235986E+00
   0.206838E+01  0.214420E+00
   0.206847E+01  0.191719E+00
   0.206855E+01  0.167985E+00
   0.206864E+01  0.143302E+00
   0.206873E+01  0.119666E+00
   0.206877E+01  0.108185E+00
   0.206881E+01  0.966756E-01
   0.206890E+01  0.746592E-01
   0.206898E+01  0.551516E-01
   0.206907E+01  0.384557E-01
   0.206915E+01  0.246111E-01
   0.206922E+01  0.199680E-01
   0.206942E+01  0.107983E-01
   0.206952E+01  0.100679E-01
   0.206962E+01  0.104284E-01
   0.206972E+01  0.123407E-01
   0.206982E+01  0.163561E-01
   0.206997E+01  0.334283E-01
   0.207001E+01  0.407805E-01
   0.207005E+01  0.500117E-01
   0.207010E+01  0.604379E-01
   0.207018E+01  0.820266E-01
   0.207027E+01  0.101034E+00
   0.207035E+01  0.118213E+00
   0.207044E+01  0.138093E+00
   0.207053E+01  0.158744E+00
   0.207076E+01  0.215606E+00
   0.207086E+01  0.241024E+00
   0.207097E+01  0.265758E+00
   0.207108E+01  0.288829E+00
   0.207119E+01  0.310413E+00
   0.207129E+01  0.330807E+00
   0.207140E+01  0.350113E+00
   0.207151E+01  0.368403E+00
   0.207162E+01  0.386007E+00
   0.207172E+01  0.402846E+00
   0.207183E+01  0.418980E+00
   0.207192E+01  0.431358E+00
   0.207200E+01  0.443182E+00
   0.207209E+01  0.454527E+00
   0.207217E+01  0.465286E+00
   0.207226E+01  0.475683E+00
   0.207234E+01  0.485620E+00
   0.207247E+01  0.499730E+00
   0.207260E+01  0.513086E+00
   0.207269E+01  0.521589E+00
   0.207277E+01  0.529840E+00
   0.207290E+01  0.541705E+00
   0.207299E+01  0.549347E+00
   0.207312E+01  0.560416E+00
   0.207320E+01  0.567472E+00
   0.207329E+01  0.574018E+00
   0.207338E+01  0.580244E+00
   0.207346E+01  0.586081E+00
   0.207355E+01  0.591627E+00
   0.207376E+01  0.604863E+00
   0.207398E+01  0.617652E+00
   0.207419E+01  0.630060E+00
   0.207442E+01  0.641908E+00
   0.207462E+01  0.651329E+00
   0.207482E+01  0.660345E+00
   0.207502E+01  0.668834E+00
   0.207522E+01  0.677009E+00
   0.207542E+01  0.684627E+00
   0.207562E+01  0.691652E+00
   0.207582E+01  0.698298E+00
   0.207602E+01  0.704685E+00
   0.207622E+01  0.710667E+00
   0.207642E+01  0.716437E+00
   0.207662E+01  0.721784E+00
   0.207682E+01  0.726657E+00
   0.207702E+01  0.730930E+00
   0.207712E+01  0.732725E+00
   0.207722E+01  0.734241E+00
   0.207732E+01  0.735565E+00
   0.207742E+01  0.736546E+00
   0.207752E+01  0.737222E+00
   0.207762E+01  0.737654E+00
   0.207772E+01  0.737947E+00
   0.207782E+01  0.738046E+00
   0.207792E+01  0.737927E+00
   0.207802E+01  0.737330E+00
   0.207812E+01  0.735934E+00
   0.207822E+01  0.733299E+00
   0.207827E+01  0.731442E+00
   0.207832E+01  0.729295E+00
   0.207837E+01  0.726792E+00
   0.207842E+01  0.723930E+00
   0.207847E+01  0.721024E+00
   0.207852E+01  0.717975E+00
   0.207862E+01  0.712095E+00
   0.207872E+01  0.707052E+00
   0.207877E+01  0.705266E+00
   0.207882E+01  0.704592E+00
   0.207887E+01  0.705297E+00
   0.207892E+01  0.707435E+00
   0.207897E+01  0.710598E+00
   0.207902E+01  0.714613E+00
   0.207912E+01  0.724335E+00
   0.207922E+01  0.734176E+00
   0.207932E+01  0.742981E+00
   0.207942E+01  0.750356E+00
   0.207947E+01  0.752893E+00
   0.207952E+01  0.754933E+00
   0.207957E+01  0.755973E+00
   0.207962E+01  0.756360E+00
   0.207967E+01  0.756079E+00
   0.207977E+01  0.754614E+00
   0.207982E+01  0.753794E+00
   0.207987E+01  0.753637E+00
   0.207992E+01  0.754740E+00
   0.208002E+01  0.758855E+00
   0.208012E+01  0.765558E+00
   0.208022E+01  0.772936E+00
   0.208032E+01  0.779131E+00
   0.208037E+01  0.781475E+00
   0.208042E+01  0.783266E+00
   0.208052E+01  0.785913E+00
   0.208062E+01  0.787832E+00
   0.208072E+01  0.789456E+00
   0.208082E+01  0.790722E+00
   0.208092E+01  0.791827E+00
   0.208102E+01  0.792647E+00
   0.208112E+01  0.793071E+00
   0.208122E+01  0.793267E+00
   0.208132E+01  0.792873E+00
   0.208142E+01  0.791823E+00
   0.208152E+01  0.790113E+00
   0.208162E+01  0.787679E+00
   0.208172E+01  0.784007E+00
   0.208177E+01  0.781497E+00
   0.208182E+01  0.778270E+00
   0.208192E+01  0.770070E+00
   0.208202E+01  0.760302E+00
   0.208207E+01  0.755385E+00
   0.208212E+01  0.751457E+00
   0.208217E+01  0.748907E+00
   0.208222E+01  0.747646E+00
   0.208227E+01  0.747868E+00
   0.208232E+01  0.749833E+00
   0.208237E+01  0.753363E+00
   0.208242E+01  0.758235E+00
   0.208247E+01  0.764185E+00
   0.208252E+01  0.770619E+00
   0.208257E+01  0.776716E+00
   0.208262E+01  0.781685E+00
   0.208272E+01  0.789974E+00
   0.208282E+01  0.795988E+00
   0.208292E+01  0.800234E+00
   0.208302E+01  0.803382E+00
   0.208312E+01  0.805661E+00
   0.208322E+01  0.807550E+00
   0.208332E+01  0.809045E+00
   0.208342E+01  0.810398E+00
   0.208352E+01  0.811691E+00
   0.208362E+01  0.812788E+00
   0.208382E+01  0.814580E+00
   0.208402E+01  0.815973E+00
   0.208422E+01  0.817069E+00
   0.208432E+01  0.817460E+00
   0.208442E+01  0.817755E+00
   0.208452E+01  0.817854E+00
   0.208462E+01  0.817739E+00
   0.208472E+01  0.817526E+00
   0.208492E+01  0.816442E+00
   0.208512E+01  0.814897E+00
   0.208522E+01  0.813850E+00
   0.208532E+01  0.812369E+00
   0.208542E+01  0.810504E+00
   0.208552E+01  0.808243E+00
   0.208562E+01  0.805506E+00
   0.208572E+01  0.802077E+00
   0.208582E+01  0.797790E+00
   0.208592E+01  0.792551E+00
   0.208602E+01  0.786119E+00
   0.208612E+01  0.778495E+00
   0.208622E+01  0.768938E+00
   0.208632E+01  0.756345E+00
   0.208642E+01  0.742900E+00
   0.208652E+01  0.728025E+00
   0.208662E+01  0.713544E+00
   0.208667E+01  0.707717E+00
   0.208672E+01  0.703191E+00
   0.208677E+01  0.699803E+00
   0.208682E+01  0.697767E+00
   0.208687E+01  0.696488E+00
   0.208692E+01  0.696211E+00
   0.208697E+01  0.696858E+00
   0.208702E+01  0.698026E+00
   0.208707E+01  0.699674E+00
   0.208712E+01  0.701643E+00
   0.208722E+01  0.706129E+00
   0.208732E+01  0.711364E+00
   0.208742E+01  0.717005E+00
   0.208752E+01  0.722933E+00
   0.208762E+01  0.729000E+00
   0.208772E+01  0.734670E+00
   0.208782E+01  0.739281E+00
   0.208792E+01  0.743133E+00
   0.208802E+01  0.746431E+00
   0.208822E+01  0.752203E+00
   0.208842E+01  0.758146E+00
   0.208862E+01  0.764345E+00
   0.208882E+01  0.771145E+00
   0.208902E+01  0.778002E+00
   0.208922E+01  0.784471E+00
   0.208942E+01  0.790072E+00
   0.208952E+01  0.792596E+00
   0.208962E+01  0.794822E+00
   0.208972E+01  0.796855E+00
   0.208982E+01  0.798599E+00
   0.209002E+01  0.801627E+00
   0.209022E+01  0.804249E+00
   0.209042E+01  0.806504E+00
   0.209062E+01  0.808420E+00
   0.209082E+01  0.809880E+00
   0.209102E+01  0.811075E+00
   0.209122E+01  0.811668E+00
   0.209142E+01  0.812104E+00
   0.209162E+01  0.812230E+00
   0.209182E+01  0.811827E+00
   0.209202E+01  0.810873E+00
   0.209222E+01  0.809423E+00
   0.209242E+01  0.807093E+00
   0.209252E+01  0.805446E+00
   0.209262E+01  0.803533E+00
   0.209272E+01  0.801268E+00
   0.209282E+01  0.798634E+00
   0.209292E+01  0.795566E+00
   0.209302E+01  0.791821E+00
   0.209312E+01  0.786742E+00
   0.209322E+01  0.780247E+00
   0.209332E+01  0.772152E+00
   0.209342E+01  0.762825E+00
   0.209352E+01  0.751440E+00
   0.209362E+01  0.736906E+00
   0.209372E+01  0.718107E+00
   0.209382E+01  0.695351E+00
   0.209392E+01  0.670012E+00
   0.209402E+01  0.641997E+00
   0.209407E+01  0.628622E+00
   0.209412E+01  0.616801E+00
   0.209417E+01  0.607302E+00
   0.209422E+01  0.599069E+00
   0.209427E+01  0.592203E+00
   0.209432E+01  0.588444E+00
   0.209437E+01  0.588739E+00
   0.209442E+01  0.592769E+00
   0.209447E+01  0.600684E+00
   0.209452E+01  0.610264E+00
   0.209457E+01  0.622329E+00
   0.209462E+01  0.637890E+00
   0.209472E+01  0.669940E+00
   0.209478E+01  0.687124E+00
   0.209486E+01  0.711228E+00
   0.209495E+01  0.731212E+00
   0.209504E+01  0.747448E+00
   0.209508E+01  0.754724E+00
   0.209513E+01  0.761263E+00
   0.209517E+01  0.766649E+00
   0.209522E+01  0.771540E+00
   0.209526E+01  0.775803E+00
   0.209530E+01  0.779692E+00
   0.209535E+01  0.783162E+00
   0.209539E+01  0.786420E+00
   0.209544E+01  0.789467E+00
   0.209548E+01  0.792313E+00
   0.209552E+01  0.795039E+00
   0.209557E+01  0.797577E+00
   0.209561E+01  0.799926E+00
   0.209565E+01  0.802164E+00
   0.209570E+01  0.804150E+00
   0.209574E+01  0.806057E+00
   0.209583E+01  0.809446E+00
   0.209592E+01  0.812378E+00
   0.209601E+01  0.814996E+00
   0.209609E+01  0.817124E+00
   0.209618E+01  0.818947E+00
   0.209629E+01  0.820955E+00
   0.209640E+01  0.822636E+00
   0.209646E+01  0.823371E+00
   0.209651E+01  0.824070E+00
   0.209657E+01  0.824678E+00
   0.209662E+01  0.825205E+00
   0.209668E+01  0.825693E+00
   0.209673E+01  0.826129E+00
   0.209679E+01  0.826505E+00
   0.209684E+01  0.826838E+00
   0.209695E+01  0.827339E+00
   0.209701E+01  0.827505E+00
   0.209706E+01  0.827639E+00
   0.209717E+01  0.827812E+00
   0.209728E+01  0.827932E+00
   0.209739E+01  0.827859E+00
   0.209750E+01  0.827862E+00
   0.209756E+01  0.827922E+00
   0.209761E+01  0.828121E+00
   0.209767E+01  0.828524E+00
   0.209772E+01  0.829046E+00
   0.209783E+01  0.830358E+00
   0.209794E+01  0.831761E+00
   0.209805E+01  0.833124E+00
   0.209816E+01  0.834435E+00
   0.209827E+01  0.835442E+00
   0.209838E+01  0.836149E+00
   0.209849E+01  0.836598E+00
   0.209860E+01  0.837037E+00
   0.209871E+01  0.837408E+00
   0.209882E+01  0.837677E+00
   0.209893E+01  0.838016E+00
   0.209904E+01  0.838240E+00
   0.209915E+01  0.838394E+00
   0.209926E+01  0.838502E+00
   0.209937E+01  0.838588E+00
   0.209948E+01  0.838708E+00
   0.209959E+01  0.838782E+00
   0.209970E+01  0.838902E+00
   0.209981E+01  0.839035E+00
   0.209992E+01  0.839284E+00
   0.210003E+01  0.839557E+00
   0.210014E+01  0.839949E+00
   0.210026E+01  0.840401E+00
   0.210037E+01  0.840878E+00
   0.210047E+01  0.841453E+00
   0.210059E+01  0.842030E+00
   0.210070E+01  0.842694E+00
   0.210081E+01  0.843266E+00
   0.210092E+01  0.843925E+00
   0.210103E+01  0.844674E+00
   0.210114E+01  0.845329E+00
   0.210125E+01  0.846087E+00
   0.210147E+01  0.847543E+00
   0.210169E+01  0.849258E+00
   0.210180E+01  0.850093E+00
   0.210191E+01  0.850948E+00
   0.210202E+01  0.851757E+00
   0.210213E+01  0.852532E+00
   0.210224E+01  0.853286E+00
   0.210235E+01  0.854059E+00
   0.210257E+01  0.855460E+00
   0.210279E+01  0.856566E+00
   0.210290E+01  0.857062E+00
   0.210302E+01  0.857520E+00
   0.210313E+01  0.857924E+00
   0.210324E+01  0.858302E+00
   0.210335E+01  0.858626E+00
   0.210346E+01  0.859049E+00
   0.210368E+01  0.859633E+00
   0.210390E+01  0.860221E+00
   0.210401E+01  0.860481E+00
   0.210412E+01  0.860629E+00
   0.210423E+01  0.860890E+00
   0.210434E+01  0.861152E+00
   0.210445E+01  0.861259E+00
   0.210457E+01  0.861536E+00
   0.210479E+01  0.861849E+00
   0.210501E+01  0.862107E+00
   0.210523E+01  0.862451E+00
   0.210534E+01  0.862444E+00
   0.210545E+01  0.862523E+00
   0.210556E+01  0.862560E+00
   0.210567E+01  0.862582E+00
   0.210578E+01  0.862547E+00
   0.210589E+01  0.862526E+00
   0.210601E+01  0.862490E+00
   0.210612E+01  0.862455E+00
   0.210623E+01  0.862319E+00
   0.210634E+01  0.862255E+00
   0.210656E+01  0.861928E+00
   0.210678E+01  0.861686E+00
   0.210700E+01  0.861459E+00
   0.210711E+01  0.861296E+00
   0.210723E+01  0.861062E+00
   0.210734E+01  0.860942E+00
   0.210745E+01  0.860723E+00
   0.210756E+01  0.860476E+00
   0.210767E+01  0.860216E+00
   0.210789E+01  0.859668E+00
   0.210812E+01  0.859151E+00
   0.210834E+01  0.858623E+00
   0.210856E+01  0.858097E+00
   0.210878E+01  0.857655E+00
   0.210900E+01  0.857092E+00
   0.210945E+01  0.856244E+00
   0.210967E+01  0.855741E+00
   0.210978E+01  0.855504E+00
   0.210989E+01  0.855213E+00
   0.211001E+01  0.855018E+00
   0.211012E+01  0.854688E+00
   0.211025E+01  0.854344E+00
   0.211034E+01  0.854151E+00
   0.211043E+01  0.853945E+00
   0.211047E+01  0.853849E+00
   0.211052E+01  0.853713E+00
   0.211056E+01  0.853603E+00
   0.211061E+01  0.853494E+00
   0.211065E+01  0.853358E+00
   0.211070E+01  0.853302E+00
   0.211074E+01  0.853127E+00
   0.211078E+01  0.853031E+00
   0.211083E+01  0.852883E+00
   0.211087E+01  0.852668E+00
   0.211092E+01  0.852481E+00
   0.211096E+01  0.852161E+00
   0.211101E+01  0.851647E+00
   0.211105E+01  0.850809E+00
   0.211110E+01  0.849783E+00
   0.211114E+01  0.848243E+00
   0.211119E+01  0.846358E+00
   0.211123E+01  0.844121E+00
   0.211128E+01  0.841865E+00
   0.211132E+01  0.839766E+00
   0.211136E+01  0.838101E+00
   0.211141E+01  0.836944E+00
   0.211145E+01  0.836351E+00
   0.211150E+01  0.836544E+00
   0.211154E+01  0.837213E+00
   0.211159E+01  0.838508E+00
   0.211163E+01  0.840364E+00
   0.211168E+01  0.842369E+00
   0.211172E+01  0.844273E+00
   0.211177E+01  0.846032E+00
   0.211181E+01  0.847488E+00
   0.211185E+01  0.848642E+00
   0.211190E+01  0.849563E+00
   0.211194E+01  0.850400E+00
   0.211199E+01  0.851126E+00
   0.211203E+01  0.851685E+00
   0.211208E+01  0.852103E+00
   0.211212E+01  0.852536E+00
   0.211217E+01  0.852797E+00
   0.211221E+01  0.853033E+00
   0.211226E+01  0.853229E+00
   0.211230E+01  0.853439E+00
   0.211234E+01  0.853530E+00
   0.211239E+01  0.853674E+00
   0.211248E+01  0.854096E+00
   0.211257E+01  0.854425E+00
   0.211266E+01  0.854742E+00
   0.211275E+01  0.854966E+00
   0.211284E+01  0.855123E+00
   0.211293E+01  0.855171E+00
   0.211301E+01  0.855166E+00
   0.211310E+01  0.855133E+00
   0.211319E+01  0.854871E+00
   0.211328E+01  0.854622E+00
   0.211337E+01  0.854388E+00
   0.211346E+01  0.854060E+00
   0.211355E+01  0.853773E+00
   0.211364E+01  0.853420E+00
   0.211373E+01  0.853082E+00
   0.211382E+01  0.852797E+00
   0.211391E+01  0.852540E+00
   0.211400E+01  0.852257E+00
   0.211409E+01  0.852053E+00
   0.211418E+01  0.852008E+00
   0.211427E+01  0.851883E+00
   0.211436E+01  0.851957E+00
   0.211444E+01  0.852043E+00
   0.211453E+01  0.852117E+00
   0.211462E+01  0.852190E+00
   0.211471E+01  0.852264E+00
   0.211480E+01  0.852205E+00
   0.211489E+01  0.852226E+00
   0.211498E+01  0.852101E+00
   0.211507E+01  0.851753E+00
   0.211516E+01  0.851183E+00
   0.211525E+01  0.850342E+00
   0.211534E+01  0.849377E+00
   0.211543E+01  0.848203E+00
   0.211552E+01  0.846889E+00
   0.211561E+01  0.845439E+00
   0.211570E+01  0.843759E+00
   0.211579E+01  0.841884E+00
   0.211583E+01  0.840854E+00
   0.211588E+01  0.839749E+00
   0.211592E+01  0.838513E+00
   0.211597E+01  0.837242E+00
   0.211606E+01  0.834337E+00
   0.211614E+01  0.830673E+00
   0.211624E+01  0.825993E+00
   0.211628E+01  0.823057E+00
   0.211632E+01  0.819807E+00
   0.211637E+01  0.816344E+00
   0.211641E+01  0.812655E+00
   0.211652E+01  0.802883E+00
   0.211657E+01  0.797604E+00
   0.211662E+01  0.791276E+00
   0.211667E+01  0.784462E+00
   0.211672E+01  0.776175E+00
   0.211677E+01  0.765767E+00
   0.211682E+01  0.754371E+00
   0.211692E+01  0.728002E+00
   0.211702E+01  0.698364E+00
   0.211707E+01  0.682727E+00
   0.211712E+01  0.668218E+00
   0.211717E+01  0.655203E+00
   0.211722E+01  0.645600E+00
   0.211727E+01  0.640096E+00
   0.211729E+01  0.639490E+00
   0.211732E+01  0.640393E+00
   0.211737E+01  0.645661E+00
   0.211742E+01  0.655780E+00
   0.211747E+01  0.668660E+00
   0.211752E+01  0.683509E+00
   0.211762E+01  0.712439E+00
   0.211771E+01  0.736098E+00
   0.211780E+01  0.753977E+00
   0.211789E+01  0.768374E+00
   0.211798E+01  0.778115E+00
   0.211803E+01  0.781994E+00
   0.211807E+01  0.785113E+00
   0.211812E+01  0.787986E+00
   0.211816E+01  0.790549E+00
   0.211821E+01  0.792853E+00
   0.211825E+01  0.794953E+00
   0.211830E+01  0.796875E+00
   0.211834E+01  0.798628E+00
   0.211839E+01  0.800172E+00
   0.211843E+01  0.801535E+00
   0.211848E+01  0.802730E+00
   0.211852E+01  0.803781E+00
   0.211857E+01  0.804701E+00
   0.211861E+01  0.805453E+00
   0.211866E+01  0.806152E+00
   0.211870E+01  0.806780E+00
   0.211875E+01  0.807290E+00
   0.211879E+01  0.807689E+00
   0.211884E+01  0.808051E+00
   0.211888E+01  0.808302E+00
   0.211893E+01  0.808581E+00
   0.211902E+01  0.808819E+00
   0.211910E+01  0.809058E+00
   0.211919E+01  0.809127E+00
   0.211929E+01  0.809158E+00
   0.211937E+01  0.809093E+00
   0.211946E+01  0.808935E+00
   0.211956E+01  0.808653E+00
   0.211964E+01  0.808221E+00
   0.211973E+01  0.807650E+00
   0.211982E+01  0.806997E+00
   0.211991E+01  0.806189E+00
   0.212000E+01  0.805320E+00
   0.212009E+01  0.804338E+00
   0.212018E+01  0.803170E+00
   0.212027E+01  0.801913E+00
   0.212036E+01  0.800203E+00
   0.212045E+01  0.798283E+00
   0.212054E+01  0.796153E+00
   0.212063E+01  0.793936E+00
   0.212072E+01  0.791581E+00
   0.212081E+01  0.789049E+00
   0.212090E+01  0.786509E+00
   0.212099E+01  0.783980E+00
   0.212108E+01  0.781601E+00
   0.212117E+01  0.779483E+00
   0.212126E+01  0.777769E+00
   0.212131E+01  0.777060E+00
   0.212135E+01  0.776568E+00
   0.212140E+01  0.776206E+00
   0.212144E+01  0.776034E+00
   0.212149E+01  0.776077E+00
   0.212153E+01  0.776391E+00
   0.212158E+01  0.776799E+00
   0.212162E+01  0.777291E+00
   0.212167E+01  0.778009E+00
   0.212171E+01  0.778845E+00
   0.212176E+01  0.779741E+00
   0.212180E+01  0.780813E+00
   0.212185E+01  0.781950E+00
   0.212189E+01  0.783308E+00
   0.212198E+01  0.786301E+00
   0.212207E+01  0.789485E+00
   0.212216E+01  0.792571E+00
   0.212225E+01  0.795222E+00
   0.212234E+01  0.797361E+00
   0.212243E+01  0.798893E+00
   0.212252E+01  0.800209E+00
   0.212261E+01  0.802026E+00
   0.212270E+01  0.804574E+00
   0.212275E+01  0.806144E+00
   0.212280E+01  0.808015E+00
   0.212284E+01  0.810140E+00
   0.212289E+01  0.812533E+00
   0.212293E+01  0.815038E+00
   0.212297E+01  0.817781E+00
   0.212307E+01  0.823242E+00
   0.212316E+01  0.828476E+00
   0.212324E+01  0.833074E+00
   0.212334E+01  0.837103E+00
   0.212343E+01  0.840443E+00
   0.212352E+01  0.842900E+00
   0.212356E+01  0.843986E+00
   0.212361E+01  0.844818E+00
   0.212365E+01  0.845480E+00
   0.212370E+01  0.846045E+00
   0.212374E+01  0.846396E+00
   0.212379E+01  0.846762E+00
   0.212388E+01  0.847253E+00
   0.212397E+01  0.847592E+00
   0.212406E+01  0.847715E+00
   0.212415E+01  0.847772E+00
   0.212424E+01  0.847574E+00
   0.212433E+01  0.847210E+00
   0.212442E+01  0.846796E+00
   0.212451E+01  0.846231E+00
   0.212460E+01  0.845367E+00
   0.212469E+01  0.844408E+00
   0.212480E+01  0.843023E+00
   0.212492E+01  0.841348E+00
   0.212503E+01  0.839514E+00
   0.212514E+01  0.837543E+00
   0.212525E+01  0.835473E+00
   0.212537E+01  0.833185E+00
   0.212548E+01  0.830859E+00
   0.212559E+01  0.828341E+00
   0.212571E+01  0.825506E+00
   0.212582E+01  0.822613E+00
   0.212593E+01  0.819710E+00
   0.212604E+01  0.816585E+00
   0.212616E+01  0.813323E+00
   0.212627E+01  0.809905E+00
   0.212638E+01  0.806315E+00
   0.212650E+01  0.802559E+00
   0.212661E+01  0.798773E+00
   0.212672E+01  0.794849E+00
   0.212684E+01  0.790808E+00
   0.212695E+01  0.786407E+00
   0.212704E+01  0.782729E+00
   0.212713E+01  0.778756E+00
   0.212722E+01  0.774691E+00
   0.212731E+01  0.770436E+00
   0.212740E+01  0.765954E+00
   0.212749E+01  0.761101E+00
   0.212758E+01  0.755923E+00
   0.212767E+01  0.750590E+00
   0.212776E+01  0.745046E+00
   0.212785E+01  0.739097E+00
   0.212795E+01  0.732904E+00
   0.212804E+01  0.726930E+00
   0.212808E+01  0.724315E+00
   0.212813E+01  0.721902E+00
   0.212817E+01  0.720017E+00
   0.212822E+01  0.718401E+00
   0.212826E+01  0.717400E+00
   0.212831E+01  0.716719E+00
   0.212835E+01  0.716372E+00
   0.212840E+01  0.716297E+00
   0.212844E+01  0.716543E+00
   0.212849E+01  0.716967E+00
   0.212853E+01  0.717617E+00
   0.212858E+01  0.718399E+00
   0.212862E+01  0.719212E+00
   0.212867E+01  0.720088E+00
   0.212872E+01  0.721018E+00
   0.212876E+01  0.721909E+00
   0.212881E+01  0.722850E+00
   0.212885E+01  0.723812E+00
   0.212894E+01  0.725787E+00
   0.212903E+01  0.727761E+00
   0.212912E+01  0.729834E+00
   0.212921E+01  0.731931E+00
   0.212930E+01  0.734062E+00
   0.212940E+01  0.736249E+00
   0.212949E+01  0.738466E+00
   0.212958E+01  0.740816E+00
   0.212967E+01  0.743456E+00
   0.212976E+01  0.746349E+00
   0.212980E+01  0.748059E+00
   0.212985E+01  0.749890E+00
   0.212989E+01  0.751888E+00
   0.212994E+01  0.754016E+00
   0.212999E+01  0.756382E+00
   0.213003E+01  0.758899E+00
   0.213012E+01  0.764731E+00
   0.213021E+01  0.770548E+00
   0.213030E+01  0.776320E+00
   0.213039E+01  0.781935E+00
   0.213048E+01  0.787252E+00
   0.213057E+01  0.792136E+00
   0.213067E+01  0.796824E+00
   0.213076E+01  0.801162E+00
   0.213085E+01  0.805281E+00
   0.213094E+01  0.809245E+00
   0.213103E+01  0.812980E+00
   0.213112E+01  0.816577E+00
   0.213121E+01  0.819836E+00
   0.213130E+01  0.822985E+00
   0.213139E+01  0.826016E+00
   0.213148E+01  0.829008E+00
   0.213157E+01  0.831798E+00
   0.213166E+01  0.834407E+00
   0.213176E+01  0.837143E+00
   0.213185E+01  0.839674E+00
   0.213194E+01  0.842172E+00
   0.213203E+01  0.844584E+00
   0.213212E+01  0.846929E+00
   0.213221E+01  0.849296E+00
   0.213230E+01  0.851592E+00
   0.213239E+01  0.853756E+00
   0.213248E+01  0.855824E+00
   0.213257E+01  0.857860E+00
   0.213266E+01  0.859761E+00
   0.213276E+01  0.861476E+00
   0.213285E+01  0.863071E+00
   0.213294E+01  0.864660E+00
   0.213303E+01  0.865968E+00
   0.213312E+01  0.867369E+00
   0.213321E+01  0.868664E+00
   0.213330E+01  0.869677E+00
   0.213339E+01  0.870525E+00
   0.213348E+01  0.871204E+00
   0.213353E+01  0.871409E+00
   0.213364E+01  0.872173E+00
   0.213376E+01  0.873595E+00
   0.213387E+01  0.875735E+00
   0.213399E+01  0.878280E+00
   0.213410E+01  0.880454E+00
   0.213421E+01  0.882320E+00
   0.213433E+01  0.883752E+00
   0.213444E+01  0.885168E+00
   0.213456E+01  0.886438E+00
   0.213467E+01  0.887669E+00
   0.213478E+01  0.888841E+00
   0.213490E+01  0.889892E+00
   0.213501E+01  0.890917E+00
   0.213512E+01  0.891736E+00
   0.213524E+01  0.892603E+00
   0.213535E+01  0.893457E+00
   0.213547E+01  0.894280E+00
   0.213558E+01  0.895050E+00
   0.213581E+01  0.896650E+00
   0.213604E+01  0.898049E+00
   0.213626E+01  0.899600E+00
   0.213638E+01  0.900353E+00
   0.213649E+01  0.901092E+00
   0.213672E+01  0.902612E+00
   0.213695E+01  0.903911E+00
   0.213718E+01  0.905184E+00
   0.213741E+01  0.906291E+00
   0.213786E+01  0.908553E+00
   0.213832E+01  0.910958E+00
   0.213878E+01  0.913315E+00
   0.213924E+01  0.915802E+00
   0.213946E+01  0.917079E+00
   0.213969E+01  0.918104E+00
   0.213992E+01  0.919256E+00
   0.214015E+01  0.920485E+00
   0.214020E+01  0.920767E+00
   0.214024E+01  0.920880E+00
   0.214029E+01  0.921193E+00
   0.214033E+01  0.921363E+00
   0.214043E+01  0.921734E+00
   0.214052E+01  0.921905E+00
   0.214056E+01  0.921874E+00
   0.214061E+01  0.921901E+00
   0.214066E+01  0.921352E+00
   0.214070E+01  0.920267E+00
   0.214075E+01  0.919032E+00
   0.214079E+01  0.917355E+00
   0.214084E+01  0.915609E+00
   0.214088E+01  0.914034E+00
   0.214093E+01  0.912796E+00
   0.214098E+01  0.912007E+00
   0.214102E+01  0.912360E+00
   0.214107E+01  0.913073E+00
   0.214111E+01  0.914651E+00
   0.214116E+01  0.916451E+00
   0.214120E+01  0.918517E+00
   0.214125E+01  0.920389E+00
   0.214130E+01  0.922138E+00
   0.214134E+01  0.923547E+00
   0.214139E+01  0.924532E+00
   0.214144E+01  0.925501E+00
   0.214153E+01  0.926545E+00
   0.214162E+01  0.927417E+00
   0.214171E+01  0.927825E+00
   0.214180E+01  0.928044E+00
   0.214189E+01  0.928232E+00
   0.214194E+01  0.928454E+00
   0.214199E+01  0.928517E+00
   0.214203E+01  0.928772E+00
   0.214208E+01  0.928610E+00
   0.214212E+01  0.928898E+00
   0.214222E+01  0.929056E+00
   0.214233E+01  0.929117E+00
   0.214244E+01  0.929470E+00
   0.214267E+01  0.929626E+00
   0.214290E+01  0.929651E+00
   0.214313E+01  0.929873E+00
   0.214325E+01  0.929869E+00
   0.214336E+01  0.929767E+00
   0.214348E+01  0.929698E+00
   0.214359E+01  0.929597E+00
   0.214382E+01  0.929492E+00
   0.214428E+01  0.928861E+00
   0.214474E+01  0.928172E+00
   0.214520E+01  0.927553E+00
   0.214566E+01  0.926909E+00
   0.214612E+01  0.926238E+00
   0.214635E+01  0.925890E+00
   0.214658E+01  0.925698E+00
   0.214681E+01  0.925383E+00
   0.214704E+01  0.925008E+00
   0.214728E+01  0.924879E+00
   0.214751E+01  0.924537E+00
   0.214760E+01  0.924352E+00
   0.214769E+01  0.924289E+00
   0.214774E+01  0.924257E+00
   0.214778E+01  0.924225E+00
   0.214783E+01  0.924617E+00
   0.214788E+01  0.924828E+00
   0.214792E+01  0.925192E+00
   0.214797E+01  0.925621E+00
   0.214801E+01  0.925897E+00
   0.214806E+01  0.926237E+00
   0.214811E+01  0.926329E+00
   0.214815E+01  0.926577E+00
   0.214820E+01  0.926607E+00
   0.214824E+01  0.926793E+00
   0.214834E+01  0.926853E+00
   0.214843E+01  0.926975E+00
   0.214852E+01  0.927067E+00
   0.214861E+01  0.927253E+00
   0.214871E+01  0.927313E+00
   0.214880E+01  0.927437E+00
   0.214889E+01  0.927529E+00
   0.214894E+01  0.927591E+00
   0.214898E+01  0.927462E+00
   0.214903E+01  0.927588E+00
   0.214907E+01  0.927555E+00
   0.214912E+01  0.927268E+00
   0.214917E+01  0.927077E+00
   0.214921E+01  0.926730E+00
   0.214926E+01  0.926353E+00
   0.214931E+01  0.925669E+00
   0.214935E+01  0.925176E+00
   0.214940E+01  0.924655E+00
   0.214945E+01  0.923898E+00
   0.214949E+01  0.923120E+00
   0.214954E+01  0.922232E+00
   0.214958E+01  0.921501E+00
   0.214963E+01  0.920634E+00
   0.214968E+01  0.919749E+00
   0.214972E+01  0.918736E+00
   0.214977E+01  0.917407E+00
   0.214981E+01  0.916075E+00
   0.214986E+01  0.914319E+00
   0.214991E+01  0.912014E+00
   0.214995E+01  0.909579E+00
   0.215000E+01  0.906811E+00
   0.215005E+01  0.903996E+00
   0.215009E+01  0.901252E+00
   0.215014E+01  0.898638E+00
   0.215018E+01  0.896648E+00
   0.215023E+01  0.895096E+00
   0.215028E+01  0.894288E+00
   0.215032E+01  0.894512E+00
   0.215037E+01  0.895360E+00
   0.215042E+01  0.897104E+00
   0.215046E+01  0.899471E+00
   0.215051E+01  0.902402E+00
   0.215055E+01  0.905581E+00
   0.215060E+01  0.908669E+00
   0.215065E+01  0.911528E+00
   0.215069E+01  0.914130E+00
   0.215074E+01  0.916283E+00
   0.215079E+01  0.917837E+00
   0.215083E+01  0.919088E+00
   0.215088E+01  0.919848E+00
   0.215092E+01  0.920732E+00
   0.215097E+01  0.921134E+00
   0.215102E+01  0.921829E+00
   0.215106E+01  0.922327E+00
   0.215111E+01  0.922590E+00
   0.215116E+01  0.922884E+00
   0.215120E+01  0.923150E+00
   0.215125E+01  0.923507E+00
   0.215130E+01  0.923475E+00
   0.215139E+01  0.923802E+00
   0.215148E+01  0.923889E+00
   0.215157E+01  0.923856E+00
   0.215166E+01  0.923913E+00
   0.215178E+01  0.923909E+00
   0.215190E+01  0.923845E+00
   0.215201E+01  0.923751E+00
   0.215213E+01  0.923567E+00
   0.215224E+01  0.923323E+00
   0.215236E+01  0.923110E+00
   0.215248E+01  0.922809E+00
   0.215259E+01  0.922392E+00
   0.215271E+01  0.922035E+00
   0.215282E+01  0.921709E+00
   0.215294E+01  0.921268E+00
   0.215306E+01  0.920715E+00
   0.215317E+01  0.920337E+00
   0.215329E+01  0.919734E+00
   0.215340E+01  0.919334E+00
   0.215352E+01  0.918739E+00
   0.215364E+01  0.917872E+00
   0.215375E+01  0.917179E+00
   0.215387E+01  0.916492E+00
   0.215398E+01  0.915544E+00
   0.215408E+01  0.914820E+00
   0.215417E+01  0.913893E+00
   0.215426E+01  0.912847E+00
   0.215435E+01  0.911714E+00
   0.215445E+01  0.910571E+00
   0.215454E+01  0.909198E+00
   0.215463E+01  0.907897E+00
   0.215473E+01  0.906378E+00
   0.215482E+01  0.904723E+00
   0.215491E+01  0.902987E+00
   0.215500E+01  0.900838E+00
   0.215510E+01  0.898504E+00
   0.215519E+01  0.895957E+00
   0.215528E+01  0.893031E+00
   0.215533E+01  0.891512E+00
   0.215537E+01  0.889743E+00
   0.215542E+01  0.887949E+00
   0.215547E+01  0.886056E+00
   0.215556E+01  0.882179E+00
   0.215561E+01  0.880021E+00
   0.215565E+01  0.877665E+00
   0.215570E+01  0.875093E+00
   0.215575E+01  0.872122E+00
   0.215579E+01  0.868897E+00
   0.215584E+01  0.865366E+00
   0.215589E+01  0.861662E+00
   0.215593E+01  0.857660E+00
   0.215598E+01  0.853238E+00
   0.215603E+01  0.848632E+00
   0.215607E+01  0.843380E+00
   0.215612E+01  0.837613E+00
   0.215617E+01  0.831194E+00
   0.215621E+01  0.823917E+00
   0.215626E+01  0.816180E+00
   0.215631E+01  0.807774E+00
   0.215635E+01  0.799156E+00
   0.215640E+01  0.790329E+00
   0.215645E+01  0.780965E+00
   0.215649E+01  0.771247E+00
   0.215654E+01  0.760978E+00
   0.215658E+01  0.750585E+00
   0.215663E+01  0.740327E+00
   0.215668E+01  0.730535E+00
   0.215672E+01  0.721924E+00
   0.215677E+01  0.714626E+00
   0.215682E+01  0.709531E+00
   0.215686E+01  0.706838E+00
   0.215691E+01  0.706433E+00
   0.215696E+01  0.708762E+00
   0.215700E+01  0.713674E+00
   0.215705E+01  0.720480E+00
   0.215710E+01  0.728564E+00
   0.215714E+01  0.738054E+00
   0.215719E+01  0.748219E+00
   0.215724E+01  0.758863E+00
   0.215728E+01  0.769570E+00
   0.215733E+01  0.780208E+00
   0.215738E+01  0.790280E+00
   0.215742E+01  0.799645E+00
   0.215747E+01  0.808404E+00
   0.215752E+01  0.816539E+00
   0.215756E+01  0.823818E+00
   0.215761E+01  0.830469E+00
   0.215766E+01  0.836321E+00
   0.215770E+01  0.841814E+00
   0.215775E+01  0.846789E+00
   0.215779E+01  0.851269E+00
   0.215784E+01  0.855234E+00
   0.215789E+01  0.858655E+00
   0.215793E+01  0.861930E+00
   0.215798E+01  0.864949E+00
   0.215803E+01  0.867645E+00
   0.215807E+01  0.870215E+00
   0.215812E+01  0.872469E+00
   0.215817E+01  0.874791E+00
   0.215826E+01  0.878787E+00
   0.215835E+01  0.882128E+00
   0.215845E+01  0.885211E+00
   0.215854E+01  0.887817E+00
   0.215863E+01  0.890299E+00
   0.215873E+01  0.892565E+00
   0.215882E+01  0.894556E+00
   0.215891E+01  0.896359E+00
   0.215901E+01  0.897897E+00
   0.215905E+01  0.898568E+00
   0.215910E+01  0.899200E+00
   0.215919E+01  0.900256E+00
   0.215929E+01  0.901235E+00
   0.215938E+01  0.901953E+00
   0.215947E+01  0.902564E+00
   0.215957E+01  0.903202E+00
   0.215966E+01  0.903706E+00
   0.215975E+01  0.904283E+00
   0.215984E+01  0.904818E+00
   0.215994E+01  0.905285E+00
   0.216003E+01  0.905660E+00
   0.216015E+01  0.906250E+00
   0.216026E+01  0.906725E+00
   0.216038E+01  0.907058E+00
   0.216050E+01  0.907319E+00
   0.216062E+01  0.907654E+00
   0.216073E+01  0.907943E+00
   0.216097E+01  0.908423E+00
   0.216120E+01  0.908982E+00
   0.216143E+01  0.909594E+00
   0.216167E+01  0.910060E+00
   0.216178E+01  0.910333E+00
   0.216190E+01  0.910605E+00
   0.216202E+01  0.910778E+00
   0.216213E+01  0.911003E+00
   0.216225E+01  0.911355E+00
   0.216237E+01  0.911478E+00
   0.216248E+01  0.911679E+00
   0.216260E+01  0.911751E+00
   0.216272E+01  0.912004E+00
   0.216278E+01  0.912053E+00
   0.216283E+01  0.912129E+00
   0.216307E+01  0.912456E+00
   0.216319E+01  0.912634E+00
   0.216330E+01  0.912681E+00
   0.216342E+01  0.912833E+00
   0.216354E+01  0.912933E+00
   0.216365E+01  0.913007E+00
   0.216377E+01  0.913134E+00
   0.216389E+01  0.913339E+00
   0.216401E+01  0.913308E+00
   0.216412E+01  0.913382E+00
   0.216424E+01  0.913404E+00
   0.216436E+01  0.913479E+00
   0.216447E+01  0.913474E+00
   0.216471E+01  0.913387E+00
   0.216494E+01  0.913404E+00
   0.216518E+01  0.913368E+00
   0.216541E+01  0.913281E+00
   0.216565E+01  0.913219E+00
   0.216576E+01  0.913215E+00
   0.216588E+01  0.913132E+00
   0.216594E+01  0.913024E+00
   0.216600E+01  0.913022E+00
   0.216612E+01  0.912860E+00
   0.216623E+01  0.912595E+00
   0.216629E+01  0.912514E+00
   0.216635E+01  0.912460E+00
   0.216641E+01  0.912250E+00
   0.216647E+01  0.912118E+00
   0.216658E+01  0.911932E+00
   0.216670E+01  0.911335E+00
   0.216682E+01  0.911075E+00
   0.216694E+01  0.910764E+00
   0.216705E+01  0.910378E+00
   0.216711E+01  0.910249E+00
   0.216717E+01  0.910095E+00
   0.216723E+01  0.909992E+00
   0.216729E+01  0.910065E+00
   0.216735E+01  0.909937E+00
   0.216741E+01  0.910010E+00
   0.216752E+01  0.909980E+00
   0.216764E+01  0.910178E+00
   0.216776E+01  0.909996E+00
   0.216788E+01  0.910118E+00
   0.216799E+01  0.909961E+00
   0.216823E+01  0.909927E+00
   0.216846E+01  0.909893E+00
   0.216858E+01  0.909863E+00
   0.216870E+01  0.909808E+00
   0.216882E+01  0.909854E+00
   0.216893E+01  0.909798E+00
   0.216940E+01  0.909453E+00
   0.216988E+01  0.909083E+00
   0.217011E+01  0.908949E+00
   0.217035E+01  0.908915E+00
   0.217082E+01  0.908572E+00
   0.217105E+01  0.908488E+00
   0.217129E+01  0.908355E+00
   0.217141E+01  0.908300E+00
   0.217152E+01  0.908420E+00
   0.217164E+01  0.908291E+00
   0.217176E+01  0.908385E+00
   0.217188E+01  0.908406E+00
   0.217200E+01  0.908450E+00
   0.217211E+01  0.908421E+00
   0.217223E+01  0.908590E+00
   0.217247E+01  0.908805E+00
   0.217271E+01  0.908896E+00
   0.217294E+01  0.909112E+00
   0.217318E+01  0.909328E+00
   0.217341E+01  0.909495E+00
   0.217353E+01  0.909592E+00
   0.217365E+01  0.909486E+00
   0.217377E+01  0.909608E+00
   0.217389E+01  0.909527E+00
   0.217412E+01  0.909291E+00
   0.217436E+01  0.909056E+00
   0.217448E+01  0.908875E+00
   0.217460E+01  0.908596E+00
   0.217471E+01  0.908491E+00
   0.217483E+01  0.908138E+00
   0.217507E+01  0.907560E+00
   0.217519E+01  0.907260E+00
   0.217530E+01  0.906815E+00
   0.217542E+01  0.906518E+00
   0.217554E+01  0.906076E+00
   0.217578E+01  0.905200E+00
   0.217602E+01  0.904096E+00
   0.217613E+01  0.903549E+00
   0.217625E+01  0.903099E+00
   0.217637E+01  0.902420E+00
   0.217649E+01  0.901677E+00
   0.217658E+01  0.901078E+00
   0.217668E+01  0.900416E+00
   0.217677E+01  0.899758E+00
   0.217687E+01  0.898994E+00
   0.217696E+01  0.898126E+00
   0.217706E+01  0.897289E+00
   0.217715E+01  0.896373E+00
   0.217725E+01  0.895316E+00
   0.217734E+01  0.894293E+00
   0.217744E+01  0.893074E+00
   0.217753E+01  0.891788E+00
   0.217763E+01  0.890418E+00
   0.217772E+01  0.888850E+00
   0.217782E+01  0.887307E+00
   0.217791E+01  0.885501E+00
   0.217801E+01  0.883634E+00
   0.217810E+01  0.881580E+00
   0.217820E+01  0.879244E+00
   0.217829E+01  0.876733E+00
   0.217839E+01  0.874128E+00
   0.217848E+01  0.871319E+00
   0.217857E+01  0.868082E+00
   0.217867E+01  0.864501E+00
   0.217876E+01  0.861291E+00
   0.217886E+01  0.858674E+00
   0.217896E+01  0.856611E+00
   0.217900E+01  0.855795E+00
   0.217905E+01  0.855072E+00
   0.217910E+01  0.854495E+00
   0.217915E+01  0.854178E+00
   0.217919E+01  0.854004E+00
   0.217924E+01  0.854015E+00
   0.217929E+01  0.854140E+00
   0.217934E+01  0.854380E+00
   0.217938E+01  0.854735E+00
   0.217943E+01  0.855192E+00
   0.217948E+01  0.855766E+00
   0.217952E+01  0.856475E+00
   0.217957E+01  0.857217E+00
   0.217962E+01  0.858229E+00
   0.217971E+01  0.860947E+00
   0.217981E+01  0.864420E+00
   0.217991E+01  0.867798E+00
   0.218000E+01  0.870671E+00
   0.218005E+01  0.871835E+00
   0.218010E+01  0.872725E+00
   0.218014E+01  0.873265E+00
   0.218019E+01  0.873603E+00
   0.218024E+01  0.873754E+00
   0.218029E+01  0.873957E+00
   0.218033E+01  0.874246E+00
   0.218038E+01  0.874639E+00
   0.218047E+01  0.876530E+00
   0.218057E+01  0.879501E+00
   0.218062E+01  0.881471E+00
   0.218066E+01  0.883803E+00
   0.218071E+01  0.886406E+00
   0.218076E+01  0.889104E+00
   0.218086E+01  0.894748E+00
   0.218095E+01  0.900118E+00
   0.218105E+01  0.905343E+00
   0.218114E+01  0.909927E+00
   0.218124E+01  0.913986E+00
   0.218133E+01  0.916808E+00
   0.218143E+01  0.918532E+00
   0.218147E+01  0.919193E+00
   0.218152E+01  0.919597E+00
   0.218157E+01  0.919916E+00
   0.218162E+01  0.920148E+00
   0.218167E+01  0.920323E+00
   0.218171E+01  0.920645E+00
   0.218181E+01  0.920968E+00
   0.218190E+01  0.921262E+00
   0.218200E+01  0.921617E+00
   0.218209E+01  0.921854E+00
   0.218219E+01  0.922182E+00
   0.218243E+01  0.922964E+00
   0.218267E+01  0.923539E+00
   0.218314E+01  0.924768E+00
   0.218410E+01  0.927299E+00
   0.218505E+01  0.929802E+00
   0.218529E+01  0.930444E+00
   0.218553E+01  0.930851E+00
   0.218577E+01  0.931260E+00
   0.218601E+01  0.931848E+00
   0.218648E+01  0.932435E+00
   0.218696E+01  0.932956E+00
   0.218720E+01  0.933057E+00
   0.218732E+01  0.933018E+00
   0.218744E+01  0.933050E+00
   0.218756E+01  0.932939E+00
   0.218768E+01  0.932720E+00
   0.218780E+01  0.932574E+00
   0.218792E+01  0.932250E+00
   0.218804E+01  0.931893E+00
   0.218816E+01  0.931327E+00
   0.218840E+01  0.929258E+00
   0.218864E+01  0.928980E+00
   0.218869E+01  0.929384E+00
   0.218873E+01  0.929825E+00
   0.218878E+01  0.930165E+00
   0.218883E+01  0.930647E+00
   0.218888E+01  0.930992E+00
   0.218892E+01  0.931234E+00
   0.218897E+01  0.931233E+00
   0.218902E+01  0.930675E+00
   0.218907E+01  0.930020E+00
   0.218912E+01  0.927962E+00
   0.218916E+01  0.924727E+00
   0.218921E+01  0.920622E+00
   0.218926E+01  0.916044E+00
   0.218931E+01  0.911368E+00
   0.218936E+01  0.907158E+00
   0.218940E+01  0.904181E+00
   0.218945E+01  0.902991E+00
   0.218950E+01  0.902989E+00
   0.218955E+01  0.904848E+00
   0.218960E+01  0.907822E+00
   0.218964E+01  0.911934E+00
   0.218969E+01  0.916589E+00
   0.218974E+01  0.921051E+00
   0.218979E+01  0.925086E+00
   0.218984E+01  0.927774E+00
   0.218988E+01  0.929755E+00
   0.218993E+01  0.931169E+00
   0.218998E+01  0.932118E+00
   0.219003E+01  0.932687E+00
   0.219008E+01  0.933080E+00
   0.219012E+01  0.933404E+00
   0.219017E+01  0.933693E+00
   0.219022E+01  0.934021E+00
   0.219027E+01  0.934129E+00
   0.219032E+01  0.934385E+00
   0.219036E+01  0.934568E+00
   0.219046E+01  0.935085E+00
   0.219055E+01  0.935644E+00
   0.219068E+01  0.936019E+00
   0.219080E+01  0.936740E+00
   0.219091E+01  0.937161E+00
   0.219103E+01  0.937624E+00
   0.219116E+01  0.938129E+00
   0.219128E+01  0.938442E+00
   0.219151E+01  0.939514E+00
   0.219176E+01  0.940280E+00
   0.219199E+01  0.941224E+00
   0.219224E+01  0.941846E+00
   0.219248E+01  0.942776E+00
   0.219272E+01  0.943636E+00
   0.219320E+01  0.945041E+00
   0.219368E+01  0.946812E+00
   0.219416E+01  0.948218E+00
   0.219464E+01  0.949668E+00
   0.219512E+01  0.950962E+00
   0.219561E+01  0.952138E+00
   0.219609E+01  0.953780E+00
   0.219657E+01  0.954926E+00
   0.219705E+01  0.956394E+00
   0.219754E+01  0.957858E+00
   0.219802E+01  0.959443E+00
   0.219826E+01  0.960133E+00
   0.219850E+01  0.960967E+00
   0.219862E+01  0.961293E+00
   0.219874E+01  0.961688E+00
   0.219887E+01  0.961886E+00
   0.219899E+01  0.962220E+00
   0.219947E+01  0.963590E+00
   0.219995E+01  0.964581E+00
   0.220019E+01  0.965087E+00
   0.220044E+01  0.965528E+00
   0.220056E+01  0.966128E+00
   0.220068E+01  0.966278E+00
   0.220080E+01  0.966506E+00
   0.220092E+01  0.966658E+00
   0.220116E+01  0.966887E+00
   0.220141E+01  0.967513E+00
   0.220165E+01  0.967669E+00
   0.220189E+01  0.968148E+00
   0.220213E+01  0.968307E+00
   0.220238E+01  0.968385E+00
   0.220286E+01  0.969292E+00
   0.220335E+01  0.969882E+00
   0.220383E+01  0.970486E+00
   0.220432E+01  0.971374E+00
   0.220480E+01  0.972105E+00
   0.220505E+01  0.972290E+00
   0.220529E+01  0.973051E+00
   0.220553E+01  0.972951E+00
   0.220578E+01  0.973045E+00
   0.220626E+01  0.973234E+00
   0.220724E+01  0.973616E+00
   0.220772E+01  0.973910E+00
   0.220821E+01  0.973804E+00
   0.220846E+01  0.974003E+00
   0.220870E+01  0.973899E+00
   0.220894E+01  0.973997E+00
   0.220919E+01  0.973793E+00
   0.220968E+01  0.973988E+00
   0.221016E+01  0.974084E+00
   0.221114E+01  0.973971E+00
   0.221212E+01  0.973759E+00
   0.221310E+01  0.973747E+00
   0.221408E+01  0.973636E+00
   0.221506E+01  0.973425E+00
   0.221531E+01  0.973521E+00
   0.221555E+01  0.973419E+00
   0.221580E+01  0.973317E+00
   0.221592E+01  0.973217E+00
   0.221604E+01  0.973117E+00
   0.221617E+01  0.972920E+00
   0.221629E+01  0.972821E+00
   0.221641E+01  0.972723E+00
   0.221653E+01  0.972818E+00
   0.221666E+01  0.972146E+00
   0.221678E+01  0.972050E+00
   0.221690E+01  0.971954E+00
   0.221703E+01  0.971211E+00
   0.221727E+01  0.970397E+00
   0.221739E+01  0.969955E+00
   0.221752E+01  0.969347E+00
   0.221762E+01  0.969090E+00
   0.221771E+01  0.968584E+00
   0.221781E+01  0.967922E+00
   0.221791E+01  0.967354E+00
   0.221796E+01  0.967113E+00
   0.221801E+01  0.966717E+00
   0.221806E+01  0.966560E+00
   0.221811E+01  0.965939E+00
   0.221816E+01  0.965939E+00
   0.221821E+01  0.965180E+00
   0.221831E+01  0.964584E+00
   0.221840E+01  0.963425E+00
   0.221845E+01  0.962859E+00
   0.221850E+01  0.961960E+00
   0.221860E+01  0.959773E+00
   0.221865E+01  0.958694E+00
   0.221870E+01  0.958011E+00
   0.221875E+01  0.956621E+00
   0.221880E+01  0.955973E+00
   0.221885E+01  0.955048E+00
   0.221890E+01  0.954479E+00
   0.221895E+01  0.954141E+00
   0.221899E+01  0.953806E+00
   0.221904E+01  0.953917E+00
   0.221909E+01  0.954419E+00
   0.221914E+01  0.954928E+00
   0.221919E+01  0.955849E+00
   0.221924E+01  0.956970E+00
   0.221929E+01  0.958309E+00
   0.221939E+01  0.961068E+00
   0.221949E+01  0.962983E+00
   0.221958E+01  0.964786E+00
   0.221968E+01  0.965307E+00
   0.221978E+01  0.966534E+00
   0.221988E+01  0.967006E+00
   0.221993E+01  0.967085E+00
   0.221998E+01  0.967485E+00
   0.222003E+01  0.967890E+00
   0.222008E+01  0.967971E+00
   0.222018E+01  0.968383E+00
   0.222023E+01  0.968465E+00
   0.222028E+01  0.968716E+00
   0.222032E+01  0.969309E+00
   0.222037E+01  0.969394E+00
   0.222047E+01  0.969393E+00
   0.222057E+01  0.969135E+00
   0.222067E+01  0.969911E+00
   0.222077E+01  0.969735E+00
   0.222087E+01  0.969996E+00
   0.222097E+01  0.970171E+00
   0.222106E+01  0.970347E+00
   0.222121E+01  0.970257E+00
   0.222134E+01  0.970344E+00
   0.222146E+01  0.970611E+00
   0.222158E+01  0.970609E+00
   0.222195E+01  0.970336E+00
   0.222245E+01  0.970418E+00
   0.222269E+01  0.970415E+00
   0.222294E+01  0.970234E+00
   0.222319E+01  0.969703E+00
   0.222343E+01  0.969874E+00
   0.222368E+01  0.969696E+00
   0.222393E+01  0.969519E+00
   0.222442E+01  0.969426E+00
   0.222492E+01  0.969075E+00
   0.222517E+01  0.968902E+00
   0.222541E+01  0.968898E+00
   0.222566E+01  0.968725E+00
   0.222591E+01  0.968302E+00
   0.222616E+01  0.968050E+00
   0.222641E+01  0.967800E+00
   0.222690E+01  0.967143E+00
   0.222715E+01  0.966900E+00
   0.222740E+01  0.966579E+00
   0.222765E+01  0.966105E+00
   0.222789E+01  0.966336E+00
   0.222839E+01  0.965401E+00
   0.222889E+01  0.964492E+00
   0.222913E+01  0.964120E+00
   0.222938E+01  0.963897E+00
   0.222988E+01  0.963097E+00
   0.223038E+01  0.962036E+00
   0.223088E+01  0.961547E+00
   0.223137E+01  0.960729E+00
   0.223187E+01  0.959927E+00
   0.223212E+01  0.959533E+00
   0.223225E+01  0.959531E+00
   0.223237E+01  0.959399E+00
   0.223262E+01  0.959138E+00
   0.223287E+01  0.958878E+00
   0.223312E+01  0.958746E+00
   0.223337E+01  0.958426E+00
   0.223387E+01  0.958103E+00
   0.223412E+01  0.957974E+00
   0.223437E+01  0.957907E+00
   0.223461E+01  0.957717E+00
   0.223487E+01  0.957588E+00
   0.223536E+01  0.957150E+00
   0.223587E+01  0.956897E+00
   0.223624E+01  0.956829E+00
   0.223686E+01  0.956636E+00
   0.223737E+01  0.956446E+00
   0.223787E+01  0.956376E+00
   0.223887E+01  0.956237E+00
   0.223912E+01  0.956292E+00
   0.223937E+01  0.956408E+00
   0.223987E+01  0.956458E+00
   0.224037E+01  0.956389E+00
   0.224088E+01  0.956379E+00
   0.224138E+01  0.956793E+00
   0.224188E+01  0.957150E+00
   0.224289E+01  0.957316E+00
   0.224389E+01  0.957669E+00
   0.224490E+01  0.958153E+00
   0.224515E+01  0.958274E+00
   0.224540E+01  0.958270E+00
   0.224591E+01  0.958515E+00
   0.224641E+01  0.958955E+00
   0.224692E+01  0.958946E+00
   0.224742E+01  0.959523E+00
   0.224793E+01  0.959645E+00
   0.224818E+01  0.959707E+00
   0.224843E+01  0.959834E+00
   0.224856E+01  0.960031E+00
   0.224869E+01  0.960029E+00
   0.224881E+01  0.960160E+00
   0.224894E+01  0.959958E+00
   0.224907E+01  0.959691E+00
   0.224919E+01  0.960020E+00
   0.224932E+01  0.959753E+00
   0.224945E+01  0.959553E+00
   0.224957E+01  0.959223E+00
   0.224970E+01  0.959091E+00
   0.224983E+01  0.958894E+00
   0.224995E+01  0.958763E+00
   0.225046E+01  0.957361E+00
   0.225096E+01  0.955946E+00
   0.225122E+01  0.955345E+00
   0.225147E+01  0.954519E+00
   0.225160E+01  0.954169E+00
   0.225173E+01  0.953879E+00
   0.225185E+01  0.953535E+00
   0.225198E+01  0.952689E+00
   0.225299E+01  0.948316E+00
   0.225401E+01  0.943887E+00
   0.225452E+01  0.941695E+00
   0.225477E+01  0.940807E+00
   0.225503E+01  0.939846E+00
   0.225554E+01  0.937889E+00
   0.225604E+01  0.936117E+00
   0.225655E+01  0.934593E+00
   0.225706E+01  0.932800E+00
   0.225757E+01  0.931094E+00
   0.225783E+01  0.930203E+00
   0.225808E+01  0.929325E+00
   0.225859E+01  0.927497E+00
   0.225910E+01  0.925513E+00
   0.225936E+01  0.924593E+00
   0.225961E+01  0.923552E+00
   0.225987E+01  0.922625E+00
   0.226012E+01  0.921452E+00
   0.226038E+01  0.920236E+00
   0.226064E+01  0.918978E+00
   0.226076E+01  0.918203E+00
   0.226089E+01  0.917650E+00
   0.226102E+01  0.916979E+00
   0.226115E+01  0.916345E+00
   0.226140E+01  0.915268E+00
   0.226166E+01  0.914323E+00
   0.226179E+01  0.913970E+00
   0.226191E+01  0.913705E+00
   0.226204E+01  0.913413E+00
   0.226217E+01  0.913179E+00
   0.226242E+01  0.912855E+00
   0.226255E+01  0.912508E+00
   0.226268E+01  0.912220E+00
   0.226281E+01  0.911848E+00
   0.226294E+01  0.911422E+00
   0.226307E+01  0.910998E+00
   0.226319E+01  0.910854E+00
   0.226332E+01  0.910627E+00
   0.226345E+01  0.910456E+00
   0.226358E+01  0.910174E+00
   0.226370E+01  0.910005E+00
   0.226383E+01  0.909752E+00
   0.226396E+01  0.909474E+00
   0.226422E+01  0.908756E+00
   0.226447E+01  0.907803E+00
   0.226460E+01  0.907211E+00
   0.226473E+01  0.906781E+00
   0.226486E+01  0.906433E+00
   0.226492E+01  0.906378E+00
   0.226499E+01  0.906296E+00
   0.226505E+01  0.906189E+00
   0.226512E+01  0.906160E+00
   0.226518E+01  0.906263E+00
   0.226524E+01  0.906286E+00
   0.226537E+01  0.906413E+00
   0.226550E+01  0.906487E+00
   0.226563E+01  0.906587E+00
   0.226569E+01  0.906611E+00
   0.226576E+01  0.906372E+00
   0.226582E+01  0.906342E+00
   0.226589E+01  0.906156E+00
   0.226595E+01  0.906048E+00
   0.226601E+01  0.905732E+00
   0.226614E+01  0.905050E+00
   0.226627E+01  0.904245E+00
   0.226640E+01  0.903626E+00
   0.226646E+01  0.903318E+00
   0.226653E+01  0.903087E+00
   0.226659E+01  0.902958E+00
   0.226666E+01  0.902778E+00
   0.226672E+01  0.902700E+00
   0.226679E+01  0.902572E+00
   0.226685E+01  0.902468E+00
   0.226691E+01  0.902491E+00
   0.226698E+01  0.902639E+00
   0.226704E+01  0.902612E+00
   0.226717E+01  0.902682E+00
   0.226730E+01  0.902954E+00
   0.226736E+01  0.903104E+00
   0.226743E+01  0.903279E+00
   0.226749E+01  0.903454E+00
   0.226756E+01  0.903604E+00
   0.226768E+01  0.903983E+00
   0.226781E+01  0.904389E+00
   0.226794E+01  0.904823E+00
   0.226807E+01  0.905285E+00
   0.226820E+01  0.905750E+00
   0.226833E+01  0.906376E+00
   0.226884E+01  0.908443E+00
   0.226936E+01  0.910372E+00
   0.226961E+01  0.911426E+00
   0.226987E+01  0.912295E+00
   0.227013E+01  0.913319E+00
   0.227039E+01  0.914270E+00
   0.227065E+01  0.915026E+00
   0.227090E+01  0.915910E+00
   0.227142E+01  0.917374E+00
   0.227194E+01  0.918902E+00
   0.227206E+01  0.919242E+00
   0.227219E+01  0.919647E+00
   0.227232E+01  0.919896E+00
   0.227245E+01  0.920209E+00
   0.227297E+01  0.921089E+00
   0.227349E+01  0.922014E+00
   0.227374E+01  0.922399E+00
   0.227400E+01  0.923018E+00
   0.227426E+01  0.923377E+00
   0.227452E+01  0.923837E+00
   0.227465E+01  0.924001E+00
   0.227478E+01  0.924098E+00
   0.227491E+01  0.924162E+00
   0.227504E+01  0.924158E+00
   0.227530E+01  0.924115E+00
   0.227556E+01  0.924175E+00
   0.227581E+01  0.923997E+00
   0.227607E+01  0.923821E+00
   0.227633E+01  0.923644E+00
   0.227659E+01  0.923468E+00
   0.227672E+01  0.923430E+00
   0.227685E+01  0.923092E+00
   0.227698E+01  0.922789E+00
   0.227711E+01  0.922752E+00
   0.227763E+01  0.921616E+00
   0.227815E+01  0.920562E+00
   0.227867E+01  0.919396E+00
   0.227893E+01  0.918882E+00
   0.227919E+01  0.918154E+00
   0.227944E+01  0.917464E+00
   0.227970E+01  0.916566E+00
   0.227996E+01  0.915529E+00
   0.228023E+01  0.914476E+00
   0.228036E+01  0.913793E+00
   0.228049E+01  0.913145E+00
   0.228062E+01  0.912157E+00
   0.228075E+01  0.911238E+00
   0.228088E+01  0.910162E+00
   0.228100E+01  0.908990E+00
   0.228113E+01  0.907644E+00
   0.228127E+01  0.906187E+00
   0.228140E+01  0.904678E+00
   0.228153E+01  0.903067E+00
   0.228166E+01  0.901335E+00
   0.228179E+01  0.899465E+00
   0.228192E+01  0.897515E+00
   0.228205E+01  0.895560E+00
   0.228231E+01  0.891526E+00
   0.228257E+01  0.887597E+00
   0.228283E+01  0.883493E+00
   0.228309E+01  0.879554E+00
   0.228335E+01  0.875573E+00
   0.228348E+01  0.873677E+00
   0.228361E+01  0.871594E+00
   0.228374E+01  0.869641E+00
   0.228387E+01  0.867634E+00
   0.228413E+01  0.863202E+00
   0.228439E+01  0.858695E+00
   0.228465E+01  0.853921E+00
   0.228491E+01  0.849034E+00
   0.228518E+01  0.844007E+00
   0.228544E+01  0.838999E+00
   0.228557E+01  0.836595E+00
   0.228570E+01  0.834302E+00
   0.228583E+01  0.832180E+00
   0.228596E+01  0.830286E+00
   0.228609E+01  0.828585E+00
   0.228622E+01  0.827295E+00
   0.228635E+01  0.826181E+00
   0.228648E+01  0.825387E+00
   0.228661E+01  0.824806E+00
   0.228674E+01  0.824451E+00
   0.228688E+01  0.824244E+00
   0.228701E+01  0.824149E+00
   0.228714E+01  0.824239E+00
   0.228727E+01  0.824452E+00
   0.228740E+01  0.824715E+00
   0.228753E+01  0.824966E+00
   0.228766E+01  0.825293E+00
   0.228779E+01  0.825720E+00
   0.228792E+01  0.826073E+00
   0.228805E+01  0.826478E+00
   0.228818E+01  0.826796E+00
   0.228831E+01  0.827013E+00
   0.228844E+01  0.827055E+00
   0.228858E+01  0.826908E+00
   0.228871E+01  0.826521E+00
   0.228884E+01  0.825922E+00
   0.228897E+01  0.824966E+00
   0.228910E+01  0.823671E+00
   0.228923E+01  0.822108E+00
   0.228936E+01  0.820071E+00
   0.228949E+01  0.817640E+00
   0.228962E+01  0.814825E+00
   0.228976E+01  0.811681E+00
   0.228989E+01  0.808209E+00
   0.229002E+01  0.804446E+00
   0.229015E+01  0.800456E+00
   0.229025E+01  0.797001E+00
   0.229036E+01  0.793347E+00
   0.229046E+01  0.789781E+00
   0.229057E+01  0.786905E+00
   0.229067E+01  0.784839E+00
   0.229078E+01  0.783626E+00
   0.229083E+01  0.783296E+00
   0.229088E+01  0.782579E+00
   0.229094E+01  0.781205E+00
   0.229099E+01  0.779109E+00
   0.229104E+01  0.776011E+00
   0.229109E+01  0.772454E+00
   0.229115E+01  0.768038E+00
   0.229120E+01  0.763014E+00
   0.229125E+01  0.757597E+00
   0.229130E+01  0.752309E+00
   0.229135E+01  0.747666E+00
   0.229141E+01  0.743432E+00
   0.229146E+01  0.739725E+00
   0.229151E+01  0.736458E+00
   0.229156E+01  0.734073E+00
   0.229162E+01  0.732580E+00
   0.229167E+01  0.731856E+00
   0.229172E+01  0.731824E+00
   0.229177E+01  0.732428E+00
   0.229183E+01  0.733390E+00
   0.229188E+01  0.734452E+00
   0.229193E+01  0.735273E+00
   0.229199E+01  0.735906E+00
   0.229204E+01  0.736629E+00
   0.229209E+01  0.737657E+00
   0.229214E+01  0.739022E+00
   0.229220E+01  0.741405E+00
   0.229225E+01  0.744872E+00
   0.229230E+01  0.749775E+00
   0.229235E+01  0.755982E+00
   0.229241E+01  0.764159E+00
   0.229246E+01  0.773308E+00
   0.229251E+01  0.783603E+00
   0.229256E+01  0.794547E+00
   0.229262E+01  0.805876E+00
   0.229267E+01  0.817861E+00
   0.229272E+01  0.829650E+00
   0.229277E+01  0.841457E+00
   0.229283E+01  0.852175E+00
   0.229288E+01  0.861228E+00
   0.229293E+01  0.869189E+00
   0.229298E+01  0.875852E+00
   0.229304E+01  0.881829E+00
   0.229309E+01  0.886333E+00
   0.229314E+01  0.890232E+00
   0.229319E+01  0.893440E+00
   0.229325E+01  0.896456E+00
   0.229330E+01  0.899281E+00
   0.229335E+01  0.901999E+00
   0.229340E+01  0.904675E+00
   0.229346E+01  0.907061E+00
   0.229351E+01  0.909379E+00
   0.229356E+01  0.911652E+00
   0.229362E+01  0.913788E+00
   0.229367E+01  0.915772E+00
   0.229372E+01  0.917654E+00
   0.229377E+01  0.919459E+00
   0.229383E+01  0.921081E+00
   0.229388E+01  0.922843E+00
   0.229393E+01  0.924513E+00
   0.229398E+01  0.925872E+00
   0.229404E+01  0.927369E+00
   0.229409E+01  0.928680E+00
   0.229414E+01  0.929943E+00
   0.229419E+01  0.931003E+00
   0.229425E+01  0.932276E+00
   0.229435E+01  0.934256E+00
   0.229446E+01  0.935848E+00
   0.229456E+01  0.937571E+00
   0.229467E+01  0.939040E+00
   0.229477E+01  0.940325E+00
   0.229488E+01  0.941274E+00
   0.229498E+01  0.942380E+00
   0.229509E+01  0.943272E+00
   0.229520E+01  0.944035E+00
   0.229530E+01  0.945105E+00
   0.229541E+01  0.945796E+00
   0.229551E+01  0.946549E+00
   0.229562E+01  0.947107E+00
   0.229572E+01  0.948037E+00
   0.229577E+01  0.948141E+00
   0.229583E+01  0.948244E+00
   0.229588E+01  0.948401E+00
   0.229593E+01  0.948823E+00
   0.229599E+01  0.948716E+00
   0.229609E+01  0.949140E+00
   0.229620E+01  0.949299E+00
   0.229633E+01  0.949457E+00
   0.229646E+01  0.949671E+00
   0.229659E+01  0.949668E+00
   0.229672E+01  0.949937E+00
   0.229686E+01  0.950537E+00
   0.229699E+01  0.950700E+00
   0.229712E+01  0.951368E+00
   0.229725E+01  0.952274E+00
   0.229738E+01  0.952675E+00
   0.229752E+01  0.953197E+00
   0.229765E+01  0.953489E+00
   0.229778E+01  0.953783E+00
   0.229791E+01  0.954079E+00
   0.229804E+01  0.954256E+00
   0.229818E+01  0.954314E+00
   0.229831E+01  0.954071E+00
   0.229844E+01  0.954309E+00
   0.229857E+01  0.954006E+00
   0.229868E+01  0.954004E+00
   0.229878E+01  0.954061E+00
   0.229889E+01  0.953940E+00
   0.229900E+01  0.953462E+00
   0.229910E+01  0.953049E+00
   0.229921E+01  0.952407E+00
   0.229931E+01  0.951266E+00
   0.229936E+01  0.951041E+00
   0.229942E+01  0.950373E+00
   0.229947E+01  0.949933E+00
   0.229952E+01  0.949443E+00
   0.229958E+01  0.948479E+00
   0.229963E+01  0.947481E+00
   0.229968E+01  0.946505E+00
   0.229974E+01  0.945001E+00
   0.229979E+01  0.943637E+00
   0.229989E+01  0.939837E+00
   0.230000E+01  0.935160E+00
   0.230005E+01  0.932897E+00
   0.230010E+01  0.930601E+00
   0.230016E+01  0.928608E+00
   0.230021E+01  0.926964E+00
   0.230026E+01  0.925996E+00
   0.230032E+01  0.925817E+00
   0.230037E+01  0.926959E+00
   0.230042E+01  0.928416E+00
   0.230048E+01  0.930667E+00
   0.230053E+01  0.933602E+00
   0.230058E+01  0.936689E+00
   0.230063E+01  0.939550E+00
   0.230069E+01  0.942616E+00
   0.230074E+01  0.945325E+00
   0.230079E+01  0.947094E+00
   0.230085E+01  0.948930E+00
   0.230090E+01  0.949848E+00
   0.230095E+01  0.951120E+00
   0.230101E+01  0.951797E+00
   0.230106E+01  0.952892E+00
   0.230111E+01  0.953598E+00
   0.230116E+01  0.954075E+00
   0.230122E+01  0.954436E+00
   0.230132E+01  0.955414E+00
   0.230143E+01  0.956037E+00
   0.230153E+01  0.956478E+00
   0.230164E+01  0.956859E+00
   0.230169E+01  0.956794E+00
   0.230175E+01  0.956986E+00
   0.230180E+01  0.956921E+00
   0.230185E+01  0.957308E+00
   0.230191E+01  0.957177E+00
   0.230196E+01  0.957241E+00
   0.230201E+01  0.957110E+00
   0.230228E+01  0.957561E+00
   0.230241E+01  0.957363E+00
   0.230254E+01  0.957491E+00
   0.230267E+01  0.957619E+00
   0.230281E+01  0.957551E+00
   0.230307E+01  0.958074E+00
   0.230334E+01  0.958069E+00
   0.230360E+01  0.958197E+00
   0.230387E+01  0.958460E+00
   0.230400E+01  0.958862E+00
   0.230413E+01  0.958656E+00
   0.230427E+01  0.958789E+00
   0.230440E+01  0.958719E+00
   0.230466E+01  0.958850E+00
   0.230493E+01  0.959049E+00
   0.230520E+01  0.958840E+00
   0.230546E+01  0.958633E+00
   0.230559E+01  0.958631E+00
   0.230573E+01  0.958427E+00
   0.230586E+01  0.958357E+00
   0.230599E+01  0.958355E+00
   0.230626E+01  0.957884E+00
   0.230653E+01  0.957879E+00
   0.230679E+01  0.957348E+00
   0.230706E+01  0.957018E+00
   0.230732E+01  0.956691E+00
   0.230746E+01  0.956432E+00
   0.230759E+01  0.955795E+00
   0.230812E+01  0.954852E+00
   0.230866E+01  0.952043E+00
   0.230879E+01  0.951467E+00
   0.230892E+01  0.951350E+00
   0.230905E+01  0.951177E+00
   0.230919E+01  0.950836E+00
   0.230932E+01  0.951115E+00
   0.230945E+01  0.951113E+00
   0.230959E+01  0.950941E+00
   0.230972E+01  0.950994E+00
   0.230986E+01  0.950879E+00
   0.230999E+01  0.950763E+00
   0.231012E+01  0.950593E+00
   0.231026E+01  0.950367E+00
   0.231039E+01  0.950364E+00
   0.231052E+01  0.949973E+00
   0.231066E+01  0.949640E+00
   0.231079E+01  0.949364E+00
   0.231092E+01  0.948819E+00
   0.231106E+01  0.948494E+00
   0.231132E+01  0.947430E+00
   0.231146E+01  0.946958E+00
   0.231159E+01  0.946697E+00
   0.231173E+01  0.946181E+00
   0.231186E+01  0.945923E+00
   0.231199E+01  0.945616E+00
   0.231213E+01  0.945311E+00
   0.231226E+01  0.944908E+00
   0.231239E+01  0.944856E+00
   0.231253E+01  0.944555E+00
   0.231266E+01  0.944354E+00
   0.231293E+01  0.943955E+00
   0.231319E+01  0.943657E+00
   0.231333E+01  0.943702E+00
   0.231346E+01  0.943699E+00
   0.231360E+01  0.943940E+00
   0.231373E+01  0.944280E+00
   0.231386E+01  0.944722E+00
   0.231400E+01  0.944818E+00
   0.231427E+01  0.945112E+00
   0.231440E+01  0.945058E+00
   0.231453E+01  0.944955E+00
   0.231467E+01  0.944853E+00
   0.231480E+01  0.945049E+00
   0.231507E+01  0.944793E+00
   0.231534E+01  0.944787E+00
   0.231561E+01  0.944582E+00
   0.231614E+01  0.944223E+00
   0.231668E+01  0.944260E+00
   0.231695E+01  0.944008E+00
   0.231722E+01  0.943806E+00
   0.231749E+01  0.943458E+00
   0.231775E+01  0.943451E+00
   0.231789E+01  0.943302E+00
   0.231802E+01  0.943251E+00
   0.231829E+01  0.943196E+00
   0.231856E+01  0.942804E+00
   0.231883E+01  0.942606E+00
   0.231937E+01  0.941974E+00
   0.231990E+01  0.941490E+00
   0.232017E+01  0.941249E+00
   0.232044E+01  0.941195E+00
   0.232071E+01  0.940909E+00
   0.232098E+01  0.940856E+00
   0.232125E+01  0.940757E+00
   0.232152E+01  0.940843E+00
   0.232179E+01  0.940697E+00
   0.232206E+01  0.940690E+00
   0.232233E+01  0.940823E+00
   0.232246E+01  0.940681E+00
   0.232260E+01  0.940677E+00
   0.232314E+01  0.940896E+00
   0.232368E+01  0.941256E+00
   0.232395E+01  0.941343E+00
   0.232408E+01  0.941387E+00
   0.232422E+01  0.941525E+00
   0.232449E+01  0.941471E+00
   0.232476E+01  0.941417E+00
   0.232489E+01  0.941461E+00
   0.232503E+01  0.941458E+00
   0.232516E+01  0.941313E+00
   0.232530E+01  0.941404E+00
   0.232584E+01  0.941344E+00
   0.232617E+01  0.941008E+00
   0.232627E+01  0.940911E+00
   0.232638E+01  0.940956E+00
   0.232649E+01  0.940860E+00
   0.232665E+01  0.940856E+00
   0.232692E+01  0.940616E+00
   0.232719E+01  0.940424E+00
   0.232746E+01  0.940325E+00
   0.232768E+01  0.940043E+00
   0.232779E+01  0.939902E+00
   0.232784E+01  0.939809E+00
   0.232790E+01  0.939900E+00
   0.232795E+01  0.939761E+00
   0.232801E+01  0.939668E+00
   0.232806E+01  0.939530E+00
   0.232811E+01  0.939528E+00
   0.232822E+01  0.939208E+00
   0.232833E+01  0.938933E+00
   0.232844E+01  0.938303E+00
   0.232855E+01  0.937197E+00
   0.232866E+01  0.936672E+00
   0.232877E+01  0.936151E+00
   0.232887E+01  0.935721E+00
   0.232898E+01  0.935803E+00
   0.232904E+01  0.935716E+00
   0.232909E+01  0.935928E+00
   0.232915E+01  0.936098E+00
   0.232920E+01  0.936140E+00
   0.232925E+01  0.936396E+00
   0.232931E+01  0.936438E+00
   0.232942E+01  0.936608E+00
   0.232952E+01  0.936735E+00
   0.232963E+01  0.936819E+00
   0.232969E+01  0.936775E+00
   0.232974E+01  0.936730E+00
   0.232980E+01  0.936598E+00
   0.232985E+01  0.936553E+00
   0.232991E+01  0.936595E+00
   0.233007E+01  0.936332E+00
   0.233018E+01  0.936028E+00
   0.233028E+01  0.935640E+00
   0.233045E+01  0.935380E+00
   0.233072E+01  0.934824E+00
   0.233126E+01  0.933602E+00
   0.233137E+01  0.933189E+00
   0.233148E+01  0.933022E+00
   0.233159E+01  0.932694E+00
   0.233170E+01  0.932085E+00
   0.233181E+01  0.931283E+00
   0.233192E+01  0.930335E+00
   0.233202E+01  0.929632E+00
   0.233208E+01  0.929554E+00
   0.233213E+01  0.929359E+00
   0.233219E+01  0.929319E+00
   0.233224E+01  0.929241E+00
   0.233230E+01  0.929086E+00
   0.233235E+01  0.929046E+00
   0.233241E+01  0.929083E+00
   0.233246E+01  0.929004E+00
   0.233251E+01  0.929079E+00
   0.233257E+01  0.929078E+00
   0.233262E+01  0.929230E+00
   0.233268E+01  0.929420E+00
   0.233273E+01  0.929496E+00
   0.233279E+01  0.929804E+00
   0.233290E+01  0.930385E+00
   0.233300E+01  0.930775E+00
   0.233311E+01  0.931684E+00
   0.233322E+01  0.932445E+00
   0.233333E+01  0.933012E+00
   0.233344E+01  0.933501E+00
   0.233349E+01  0.933706E+00
   0.233355E+01  0.933787E+00
   0.233360E+01  0.933703E+00
   0.233366E+01  0.933743E+00
   0.233377E+01  0.933823E+00
   0.233387E+01  0.933654E+00
   0.233398E+01  0.933569E+00
   0.233409E+01  0.933360E+00
   0.233420E+01  0.933028E+00
   0.233431E+01  0.932984E+00
   0.233442E+01  0.932655E+00
   0.233453E+01  0.932530E+00
   0.233464E+01  0.932284E+00
   0.233480E+01  0.932038E+00
   0.233507E+01  0.931349E+00
   0.233535E+01  0.930707E+00
   0.233562E+01  0.929760E+00
   0.233589E+01  0.929172E+00
   0.233616E+01  0.928209E+00
   0.233644E+01  0.927447E+00
   0.233671E+01  0.926656E+00
   0.233698E+01  0.925729E+00
   0.233712E+01  0.925323E+00
   0.233726E+01  0.924849E+00
   0.233739E+01  0.924235E+00
   0.233753E+01  0.923803E+00
   0.233767E+01  0.923128E+00
   0.233780E+01  0.922494E+00
   0.233794E+01  0.922003E+00
   0.233808E+01  0.921071E+00
   0.233821E+01  0.920354E+00
   0.233835E+01  0.919576E+00
   0.233849E+01  0.918609E+00
   0.233862E+01  0.917817E+00
   0.233876E+01  0.916744E+00
   0.233890E+01  0.915718E+00
   0.233903E+01  0.914613E+00
   0.233917E+01  0.913430E+00
   0.233931E+01  0.912539E+00
   0.233945E+01  0.911268E+00
   0.233972E+01  0.908874E+00
   0.233999E+01  0.906381E+00
   0.234027E+01  0.903824E+00
   0.234054E+01  0.901186E+00
   0.234081E+01  0.898369E+00
   0.234109E+01  0.895493E+00
   0.234123E+01  0.894040E+00
   0.234136E+01  0.892634E+00
   0.234150E+01  0.891131E+00
   0.234164E+01  0.889606E+00
   0.234191E+01  0.886672E+00
   0.234219E+01  0.883739E+00
   0.234246E+01  0.880700E+00
   0.234273E+01  0.877709E+00
   0.234287E+01  0.876176E+00
   0.234301E+01  0.874605E+00
   0.234314E+01  0.873333E+00
   0.234328E+01  0.872017E+00
   0.234342E+01  0.870929E+00
   0.234356E+01  0.869985E+00
   0.234369E+01  0.869143E+00
   0.234383E+01  0.868533E+00
   0.234394E+01  0.868114E+00
   0.234405E+01  0.867661E+00
   0.234416E+01  0.867283E+00
   0.234427E+01  0.866980E+00
   0.234438E+01  0.866623E+00
   0.234449E+01  0.866359E+00
   0.234460E+01  0.866022E+00
   0.234466E+01  0.865854E+00
   0.234471E+01  0.865796E+00
   0.234477E+01  0.865756E+00
   0.234482E+01  0.865662E+00
   0.234488E+01  0.865695E+00
   0.234493E+01  0.865729E+00
   0.234504E+01  0.865741E+00
   0.234515E+01  0.865864E+00
   0.234526E+01  0.866023E+00
   0.234537E+01  0.866183E+00
   0.234548E+01  0.866306E+00
   0.234559E+01  0.866466E+00
   0.234565E+01  0.866556E+00
   0.234570E+01  0.866608E+00
   0.234576E+01  0.866661E+00
   0.234581E+01  0.866843E+00
   0.234587E+01  0.866896E+00
   0.234592E+01  0.866948E+00
   0.234598E+01  0.866890E+00
   0.234603E+01  0.866850E+00
   0.234609E+01  0.866791E+00
   0.234614E+01  0.866641E+00
   0.234625E+01  0.866228E+00
   0.234636E+01  0.865726E+00
   0.234647E+01  0.865135E+00
   0.234658E+01  0.864366E+00
   0.234669E+01  0.863583E+00
   0.234680E+01  0.862789E+00
   0.234691E+01  0.861911E+00
   0.234702E+01  0.861110E+00
   0.234713E+01  0.860123E+00
   0.234724E+01  0.859058E+00
   0.234735E+01  0.858020E+00
   0.234746E+01  0.856872E+00
   0.234757E+01  0.855551E+00
   0.234768E+01  0.854064E+00
   0.234780E+01  0.852464E+00
   0.234790E+01  0.850531E+00
   0.234802E+01  0.848441E+00
   0.234813E+01  0.846200E+00
   0.234824E+01  0.843969E+00
   0.234835E+01  0.842347E+00
   0.234846E+01  0.841727E+00
   0.234851E+01  0.841769E+00
   0.234857E+01  0.841989E+00
   0.234862E+01  0.842390E+00
   0.234868E+01  0.842717E+00
   0.234873E+01  0.842849E+00
   0.234879E+01  0.842696E+00
   0.234884E+01  0.842032E+00
   0.234890E+01  0.840703E+00
   0.234895E+01  0.838718E+00
   0.234901E+01  0.836162E+00
   0.234906E+01  0.832973E+00
   0.234912E+01  0.829643E+00
   0.234917E+01  0.826107E+00
   0.234923E+01  0.822342E+00
   0.234928E+01  0.818768E+00
   0.234934E+01  0.815358E+00
   0.234939E+01  0.812652E+00
   0.234945E+01  0.810337E+00
   0.234951E+01  0.809022E+00
   0.234956E+01  0.808460E+00
   0.234962E+01  0.808526E+00
   0.234967E+01  0.809022E+00
   0.234972E+01  0.809754E+00
   0.234978E+01  0.810383E+00
   0.234984E+01  0.810674E+00
   0.234989E+01  0.810693E+00
   0.234995E+01  0.810453E+00
   0.235000E+01  0.810203E+00
   0.235006E+01  0.810375E+00
   0.235011E+01  0.810972E+00
   0.235017E+01  0.812429E+00
   0.235022E+01  0.815028E+00
   0.235028E+01  0.818974E+00
   0.235033E+01  0.824284E+00
   0.235039E+01  0.830801E+00
   0.235044E+01  0.838653E+00
   0.235050E+01  0.847553E+00
   0.235055E+01  0.857362E+00
   0.235061E+01  0.867259E+00
   0.235066E+01  0.876563E+00
   0.235072E+01  0.885485E+00
   0.235078E+01  0.893997E+00
   0.235083E+01  0.901571E+00
   0.235089E+01  0.907849E+00
   0.235094E+01  0.912551E+00
   0.235100E+01  0.916229E+00
   0.235105E+01  0.918821E+00
   0.235111E+01  0.920751E+00
   0.235116E+01  0.922137E+00
   0.235122E+01  0.923195E+00
   0.235127E+01  0.924415E+00
   0.235133E+01  0.926028E+00
   0.235138E+01  0.927567E+00
   0.235144E+01  0.929300E+00
   0.235149E+01  0.930962E+00
   0.235155E+01  0.932464E+00
   0.235166E+01  0.935196E+00
   0.235177E+01  0.937658E+00
   0.235188E+01  0.939856E+00
   0.235199E+01  0.941709E+00
   0.235210E+01  0.943130E+00
   0.235221E+01  0.944951E+00
   0.235232E+01  0.945833E+00
   0.235243E+01  0.947160E+00
   0.235255E+01  0.948526E+00
   0.235266E+01  0.949760E+00
   0.235279E+01  0.951087E+00
   0.235293E+01  0.952213E+00
   0.235307E+01  0.953368E+00
   0.235321E+01  0.954429E+00
   0.235335E+01  0.954808E+00
   0.235349E+01  0.955320E+00
   0.235363E+01  0.956299E+00
   0.235376E+01  0.956763E+00
   0.235390E+01  0.957574E+00
   0.235404E+01  0.958192E+00
   0.235432E+01  0.959244E+00
   0.235460E+01  0.960548E+00
   0.235487E+01  0.961900E+00
   0.235515E+01  0.963306E+00
   0.235543E+01  0.964688E+00
   0.235570E+01  0.966219E+00
   0.235598E+01  0.967735E+00
   0.235612E+01  0.967917E+00
   0.235626E+01  0.968286E+00
   0.235654E+01  0.968470E+00
   0.235682E+01  0.968749E+00
   0.235709E+01  0.968936E+00
   0.235723E+01  0.969222E+00
   0.235737E+01  0.968837E+00
   0.235754E+01  0.968645E+00
   0.235765E+01  0.968549E+00
   0.235776E+01  0.968360E+00
   0.235787E+01  0.967710E+00
   0.235793E+01  0.967709E+00
   0.235798E+01  0.966893E+00
   0.235804E+01  0.966099E+00
   0.235809E+01  0.965579E+00
   0.235815E+01  0.964482E+00
   0.235820E+01  0.962782E+00
   0.235826E+01  0.961693E+00
   0.235832E+01  0.959608E+00
   0.235837E+01  0.957701E+00
   0.235843E+01  0.955750E+00
   0.235848E+01  0.953761E+00
   0.235854E+01  0.952101E+00
   0.235859E+01  0.951145E+00
   0.235865E+01  0.950674E+00
   0.235871E+01  0.950908E+00
   0.235876E+01  0.952217E+00
   0.235882E+01  0.953755E+00
   0.235887E+01  0.955873E+00
   0.235893E+01  0.958668E+00
   0.235898E+01  0.961758E+00
   0.235904E+01  0.964138E+00
   0.235909E+01  0.965910E+00
   0.235915E+01  0.967418E+00
   0.235921E+01  0.968718E+00
   0.235926E+01  0.969100E+00
   0.235932E+01  0.969486E+00
   0.235937E+01  0.970680E+00
   0.235943E+01  0.970883E+00
   0.235948E+01  0.971088E+00
   0.235960E+01  0.971712E+00
   0.235965E+01  0.972137E+00
   0.235971E+01  0.972029E+00
   0.235976E+01  0.972568E+00
   0.235982E+01  0.972677E+00
   0.235987E+01  0.973007E+00
   0.236001E+01  0.973340E+00
   0.236015E+01  0.974137E+00
   0.236029E+01  0.974020E+00
   0.236043E+01  0.974484E+00
   0.236071E+01  0.975441E+00
   0.236085E+01  0.975562E+00
   0.236099E+01  0.975684E+00
   0.236113E+01  0.976183E+00
   0.236127E+01  0.976182E+00
   0.236141E+01  0.976563E+00
   0.236155E+01  0.976306E+00
   0.236210E+01  0.976047E+00
   0.236266E+01  0.975544E+00
   0.236322E+01  0.975538E+00
   0.236378E+01  0.974566E+00
   0.236434E+01  0.974442E+00
   0.236490E+01  0.973511E+00
   0.236546E+01  0.973733E+00
   0.236602E+01  0.973612E+00
   0.236658E+01  0.974067E+00
   0.236714E+01  0.973945E+00
   0.236770E+01  0.974171E+00
   0.236798E+01  0.973705E+00
   0.236826E+01  0.973702E+00
   0.236854E+01  0.973471E+00
   0.236882E+01  0.972573E+00
   0.236910E+01  0.972570E+00
   0.236938E+01  0.972131E+00
   0.236949E+01  0.972022E+00
   0.236961E+01  0.972020E+00
   0.236972E+01  0.971698E+00
   0.236983E+01  0.971274E+00
   0.236994E+01  0.971273E+00
   0.237000E+01  0.971064E+00
   0.237005E+01  0.970856E+00
   0.237011E+01  0.970344E+00
   0.237017E+01  0.970958E+00
   0.237022E+01  0.970342E+00
   0.237028E+01  0.970240E+00
   0.237034E+01  0.970647E+00
   0.237039E+01  0.970749E+00
   0.237045E+01  0.971058E+00
   0.237050E+01  0.971058E+00
   0.237056E+01  0.971371E+00
   0.237062E+01  0.971581E+00
   0.237067E+01  0.971793E+00
   0.237073E+01  0.972551E+00
   0.237079E+01  0.972441E+00
   0.237084E+01  0.972994E+00
   0.237090E+01  0.972881E+00
   0.237095E+01  0.973903E+00
   0.237101E+01  0.973672E+00
   0.237107E+01  0.974018E+00
   0.237118E+01  0.974487E+00
   0.237129E+01  0.974486E+00
   0.237140E+01  0.975208E+00
   0.237152E+01  0.975085E+00
   0.237163E+01  0.975328E+00
   0.237174E+01  0.975574E+00
   0.237185E+01  0.975698E+00
   0.237191E+01  0.975948E+00
   0.237202E+01  0.975947E+00
   0.237219E+01  0.975819E+00
   0.237275E+01  0.975940E+00
   0.237332E+01  0.975808E+00
   0.237388E+01  0.975677E+00
   0.237445E+01  0.975546E+00
   0.237501E+01  0.975791E+00
   0.237557E+01  0.975287E+00
   0.237614E+01  0.975281E+00
   0.237670E+01  0.974909E+00
   0.237698E+01  0.975027E+00
   0.237727E+01  0.974903E+00
   0.237755E+01  0.974779E+00
   0.237783E+01  0.974535E+00
   0.237840E+01  0.973938E+00
   0.237896E+01  0.974049E+00
   0.237953E+01  0.973809E+00
   0.237981E+01  0.973690E+00
   0.238010E+01  0.973456E+00
   0.238066E+01  0.973222E+00
   0.238081E+01  0.973107E+00
   0.238095E+01  0.973332E+00
   0.238109E+01  0.972990E+00
   0.238123E+01  0.972652E+00
   0.238137E+01  0.972875E+00
   0.238151E+01  0.972427E+00
   0.238166E+01  0.972206E+00
   0.238180E+01  0.971877E+00
   0.238194E+01  0.971129E+00
   0.238208E+01  0.970813E+00
   0.238222E+01  0.969990E+00
   0.238237E+01  0.969487E+00
   0.238251E+01  0.969486E+00
   0.238265E+01  0.968699E+00
   0.238279E+01  0.969087E+00
   0.238293E+01  0.969183E+00
   0.238307E+01  0.969182E+00
   0.238322E+01  0.969676E+00
   0.238336E+01  0.970179E+00
   0.238350E+01  0.970588E+00
   0.238364E+01  0.970898E+00
   0.238379E+01  0.971531E+00
   0.238393E+01  0.971853E+00
   0.238407E+01  0.972178E+00
   0.238421E+01  0.972176E+00
   0.238435E+01  0.972395E+00
   0.238450E+01  0.972393E+00
   0.238464E+01  0.972725E+00
   0.238478E+01  0.972949E+00
   0.238492E+01  0.973060E+00
   0.238507E+01  0.973059E+00
   0.238521E+01  0.973285E+00
   0.238535E+01  0.973055E+00
   0.238549E+01  0.973512E+00
   0.238578E+01  0.973164E+00
   0.238606E+01  0.973047E+00
   0.238634E+01  0.973044E+00
   0.238663E+01  0.972591E+00
   0.238692E+01  0.972365E+00
   0.238706E+01  0.972474E+00
   0.238720E+01  0.972584E+00
   0.238734E+01  0.972030E+00
   0.238748E+01  0.971703E+00
   0.238777E+01  0.971164E+00
   0.238806E+01  0.971055E+00
   0.238820E+01  0.970948E+00
   0.238834E+01  0.970737E+00
   0.238848E+01  0.970321E+00
   0.238863E+01  0.970525E+00
   0.238891E+01  0.970522E+00
   0.238920E+01  0.970209E+00
   0.238977E+01  0.970305E+00
   0.239034E+01  0.969991E+00
   0.239063E+01  0.969683E+00
   0.239091E+01  0.969679E+00
   0.239120E+01  0.969575E+00
   0.239148E+01  0.969173E+00
   0.239177E+01  0.969268E+00
   0.239205E+01  0.968674E+00
   0.239234E+01  0.968091E+00
   0.239263E+01  0.967425E+00
   0.239291E+01  0.967049E+00
   0.239320E+01  0.966223E+00
   0.239349E+01  0.965594E+00
   0.239377E+01  0.964890E+00
   0.239406E+01  0.964286E+00
   0.239435E+01  0.963358E+00
   0.239463E+01  0.962455E+00
   0.239492E+01  0.961890E+00
   0.239521E+01  0.960790E+00
   0.239549E+01  0.960023E+00
   0.239578E+01  0.959270E+00
   0.239607E+01  0.958532E+00
   0.239635E+01  0.957240E+00
   0.239664E+01  0.956399E+00
   0.239693E+01  0.955306E+00
   0.239722E+01  0.954635E+00
   0.239750E+01  0.953585E+00
   0.239779E+01  0.952876E+00
   0.239808E+01  0.952555E+00
   0.239837E+01  0.951737E+00
   0.239848E+01  0.951488E+00
   0.239860E+01  0.951241E+00
   0.239871E+01  0.950812E+00
   0.239883E+01  0.950387E+00
   0.239894E+01  0.950145E+00
   0.239906E+01  0.949905E+00
   0.239917E+01  0.949547E+00
   0.239929E+01  0.949427E+00
   0.239934E+01  0.949367E+00
   0.239940E+01  0.949131E+00
   0.239946E+01  0.949305E+00
   0.239952E+01  0.949187E+00
   0.239958E+01  0.949244E+00
   0.239963E+01  0.949360E+00
   0.239975E+01  0.949417E+00
   0.239986E+01  0.949533E+00
   0.239992E+01  0.949650E+00
   0.239998E+01  0.949708E+00
   0.240003E+01  0.949766E+00
   0.240009E+01  0.949705E+00
   0.240021E+01  0.949525E+00
   0.240032E+01  0.949346E+00
   0.240044E+01  0.949051E+00
   0.240055E+01  0.948990E+00
   0.240067E+01  0.948523E+00
   0.240078E+01  0.948290E+00
   0.240090E+01  0.947943E+00
   0.240102E+01  0.947486E+00
   0.240113E+01  0.947371E+00
   0.240125E+01  0.946863E+00
   0.240153E+01  0.946025E+00
   0.240182E+01  0.944878E+00
   0.240211E+01  0.944284E+00
   0.240225E+01  0.943491E+00
   0.240240E+01  0.943019E+00
   0.240269E+01  0.941682E+00
   0.240298E+01  0.940426E+00
   0.240327E+01  0.939295E+00
   0.240355E+01  0.937950E+00
   0.240384E+01  0.936728E+00
   0.240413E+01  0.935576E+00
   0.240442E+01  0.934490E+00
   0.240471E+01  0.933380E+00
   0.240500E+01  0.932634E+00
   0.240529E+01  0.931599E+00
   0.240558E+01  0.930789E+00
   0.240572E+01  0.930451E+00
   0.240587E+01  0.930197E+00
   0.240616E+01  0.929651E+00
   0.240630E+01  0.929524E+00
   0.240645E+01  0.929479E+00
   0.240659E+01  0.929392E+00
   0.240674E+01  0.929347E+00
   0.240703E+01  0.929421E+00
   0.240732E+01  0.929495E+00
   0.240761E+01  0.929651E+00
   0.240775E+01  0.929606E+00
   0.240790E+01  0.929767E+00
   0.240804E+01  0.929763E+00
   0.240819E+01  0.930048E+00
   0.240877E+01  0.930658E+00
   0.240935E+01  0.931147E+00
   0.240964E+01  0.931308E+00
   0.240978E+01  0.931602E+00
   0.240993E+01  0.931598E+00
   0.241007E+01  0.931722E+00
   0.241022E+01  0.931718E+00
   0.241051E+01  0.931667E+00
   0.241080E+01  0.931616E+00
   0.241109E+01  0.931566E+00
   0.241124E+01  0.931561E+00
   0.241138E+01  0.931515E+00
   0.241153E+01  0.931553E+00
   0.241167E+01  0.931294E+00
   0.241196E+01  0.931074E+00
   0.241225E+01  0.930855E+00
   0.241254E+01  0.930847E+00
   0.241269E+01  0.930548E+00
   0.241283E+01  0.930544E+00
   0.241313E+01  0.930410E+00
   0.241327E+01  0.930238E+00
   0.241342E+01  0.929859E+00
   0.241348E+01  0.929774E+00
   0.241353E+01  0.929856E+00
   0.241359E+01  0.929605E+00
   0.241365E+01  0.929397E+00
   0.241371E+01  0.929436E+00
   0.241377E+01  0.929188E+00
   0.241388E+01  0.928733E+00
   0.241400E+01  0.927878E+00
   0.241412E+01  0.927193E+00
   0.241423E+01  0.926475E+00
   0.241429E+01  0.926081E+00
   0.241435E+01  0.925727E+00
   0.241441E+01  0.925375E+00
   0.241447E+01  0.925334E+00
   0.241452E+01  0.925333E+00
   0.241458E+01  0.925759E+00
   0.241470E+01  0.926778E+00
   0.241482E+01  0.928177E+00
   0.241493E+01  0.929031E+00
   0.241505E+01  0.929771E+00
   0.241517E+01  0.929851E+00
   0.241522E+01  0.929933E+00
   0.241528E+01  0.930140E+00
   0.241534E+01  0.930096E+00
   0.241540E+01  0.930346E+00
   0.241552E+01  0.930511E+00
   0.241563E+01  0.930634E+00
   0.241569E+01  0.930548E+00
   0.241575E+01  0.930673E+00
   0.241587E+01  0.930754E+00
   0.241598E+01  0.930666E+00
   0.241610E+01  0.930663E+00
   0.241622E+01  0.930491E+00
   0.241633E+01  0.930488E+00
   0.241645E+01  0.930400E+00
   0.241657E+01  0.930355E+00
   0.241668E+01  0.930226E+00
   0.241680E+01  0.930348E+00
   0.241692E+01  0.930219E+00
   0.241703E+01  0.930216E+00
   0.241715E+01  0.930296E+00
   0.241721E+01  0.930379E+00
   0.241727E+01  0.930461E+00
   0.241733E+01  0.930671E+00
   0.241738E+01  0.930881E+00
   0.241744E+01  0.931390E+00
   0.241756E+01  0.932595E+00
   0.241768E+01  0.933959E+00
   0.241774E+01  0.934721E+00
   0.241779E+01  0.935127E+00
   0.241791E+01  0.935581E+00
   0.241803E+01  0.935854E+00
   0.241809E+01  0.935714E+00
   0.241820E+01  0.935941E+00
   0.241826E+01  0.935986E+00
   0.241832E+01  0.935892E+00
   0.241838E+01  0.935937E+00
   0.241844E+01  0.935935E+00
   0.241855E+01  0.935978E+00
   0.241867E+01  0.936114E+00
   0.241896E+01  0.935968E+00
   0.241926E+01  0.935822E+00
   0.241940E+01  0.935680E+00
   0.241955E+01  0.935584E+00
   0.241984E+01  0.935210E+00
   0.241999E+01  0.935435E+00
   0.242014E+01  0.934975E+00
   0.242028E+01  0.934971E+00
   0.242043E+01  0.934649E+00
   0.242072E+01  0.934191E+00
   0.242087E+01  0.933963E+00
   0.242101E+01  0.933691E+00
   0.242116E+01  0.933377E+00
   0.242131E+01  0.932931E+00
   0.242160E+01  0.932093E+00
   0.242189E+01  0.931181E+00
   0.242219E+01  0.930029E+00
   0.242248E+01  0.929269E+00
   0.242277E+01  0.928355E+00
   0.242307E+01  0.927655E+00
   0.242336E+01  0.926922E+00
   0.242395E+01  0.925440E+00
   0.242454E+01  0.924374E+00
   0.242512E+01  0.923322E+00
   0.242542E+01  0.922633E+00
   0.242571E+01  0.921988E+00
   0.242601E+01  0.921385E+00
   0.242630E+01  0.920714E+00
   0.242689E+01  0.919319E+00
   0.242748E+01  0.917913E+00
   0.242807E+01  0.916568E+00
   0.242836E+01  0.915801E+00
   0.242866E+01  0.915246E+00
   0.242895E+01  0.914626E+00
   0.242925E+01  0.913945E+00
   0.242954E+01  0.913369E+00
   0.242984E+01  0.912698E+00
   0.242999E+01  0.912496E+00
   0.243013E+01  0.912229E+00
   0.243028E+01  0.911963E+00
   0.243043E+01  0.911795E+00
   0.243072E+01  0.911558E+00
   0.243102E+01  0.911224E+00
   0.243132E+01  0.910956E+00
   0.243146E+01  0.910886E+00
   0.243161E+01  0.910816E+00
   0.243176E+01  0.910779E+00
   0.243191E+01  0.910742E+00
   0.243206E+01  0.910769E+00
   0.243220E+01  0.910892E+00
   0.243250E+01  0.911172E+00
   0.243280E+01  0.911388E+00
   0.243294E+01  0.911609E+00
   0.243309E+01  0.911800E+00
   0.243339E+01  0.912279E+00
   0.243368E+01  0.912763E+00
   0.243383E+01  0.913088E+00
   0.243398E+01  0.913382E+00
   0.243457E+01  0.914910E+00
   0.243487E+01  0.915651E+00
   0.243517E+01  0.916470E+00
   0.243546E+01  0.917123E+00
   0.243576E+01  0.917818E+00
   0.243606E+01  0.918521E+00
   0.243635E+01  0.919157E+00
   0.243665E+01  0.919764E+00
   0.243695E+01  0.920413E+00
   0.243754E+01  0.921469E+00
   0.243769E+01  0.921726E+00
   0.243784E+01  0.921984E+00
   0.243798E+01  0.922244E+00
   0.243813E+01  0.922428E+00
   0.243843E+01  0.922837E+00
   0.243873E+01  0.923249E+00
   0.243888E+01  0.923436E+00
   0.243903E+01  0.923547E+00
   0.243918E+01  0.923813E+00
   0.243932E+01  0.924119E+00
   0.243962E+01  0.924500E+00
   0.243977E+01  0.924730E+00
   0.243992E+01  0.924883E+00
   0.244051E+01  0.926257E+00
   0.244081E+01  0.926813E+00
   0.244111E+01  0.927538E+00
   0.244141E+01  0.928314E+00
   0.244156E+01  0.928643E+00
   0.244171E+01  0.929015E+00
   0.244185E+01  0.929601E+00
   0.244200E+01  0.930108E+00
   0.244215E+01  0.930619E+00
   0.244230E+01  0.931177E+00
   0.244245E+01  0.931609E+00
   0.244260E+01  0.932133E+00
   0.244275E+01  0.932706E+00
   0.244290E+01  0.933015E+00
   0.244305E+01  0.933416E+00
   0.244320E+01  0.933775E+00
   0.244335E+01  0.934135E+00
   0.244350E+01  0.934406E+00
   0.244380E+01  0.934859E+00
   0.244394E+01  0.935273E+00
   0.244409E+01  0.935410E+00
   0.244439E+01  0.935777E+00
   0.244469E+01  0.936194E+00
   0.244499E+01  0.936520E+00
   0.244529E+01  0.936655E+00
   0.244649E+01  0.937638E+00
   0.244708E+01  0.938063E+00
   0.244768E+01  0.938442E+00
   0.244798E+01  0.938682E+00
   0.244828E+01  0.938824E+00
   0.244888E+01  0.939159E+00
   0.244918E+01  0.939454E+00
   0.244948E+01  0.939446E+00
   0.244978E+01  0.939489E+00
   0.245008E+01  0.939583E+00
   0.245038E+01  0.939677E+00
   0.245068E+01  0.939619E+00
   0.245098E+01  0.939866E+00
   0.245128E+01  0.939909E+00
   0.245188E+01  0.939946E+00
   0.245249E+01  0.939829E+00
   0.245309E+01  0.939764E+00
   0.245369E+01  0.939800E+00
   0.245399E+01  0.939691E+00
   0.245429E+01  0.939633E+00
   0.245459E+01  0.939524E+00
   0.245490E+01  0.939416E+00
   0.245550E+01  0.939199E+00
   0.245610E+01  0.939033E+00
   0.245625E+01  0.938728E+00
   0.245640E+01  0.938724E+00
   0.245655E+01  0.938671E+00
   0.245670E+01  0.938567E+00
   0.245701E+01  0.938311E+00
   0.245731E+01  0.938006E+00
   0.245791E+01  0.937596E+00
   0.245852E+01  0.937044E+00
   0.245912E+01  0.936399E+00
   0.245973E+01  0.935856E+00
   0.246033E+01  0.935413E+00
   0.246063E+01  0.935121E+00
   0.246094E+01  0.934831E+00
   0.246109E+01  0.934593E+00
   0.246124E+01  0.934356E+00
   0.246139E+01  0.934120E+00
   0.246154E+01  0.933931E+00
   0.246166E+01  0.933696E+00
   0.246178E+01  0.933463E+00
   0.246191E+01  0.933140E+00
   0.246197E+01  0.933001E+00
   0.246203E+01  0.932636E+00
   0.246209E+01  0.932454E+00
   0.246215E+01  0.931958E+00
   0.246221E+01  0.931421E+00
   0.246227E+01  0.930845E+00
   0.246233E+01  0.929970E+00
   0.246239E+01  0.929193E+00
   0.246245E+01  0.928340E+00
   0.246251E+01  0.927457E+00
   0.246257E+01  0.926709E+00
   0.246263E+01  0.926092E+00
   0.246270E+01  0.925927E+00
   0.246276E+01  0.925966E+00
   0.246282E+01  0.926291E+00
   0.246288E+01  0.926865E+00
   0.246294E+01  0.927486E+00
   0.246300E+01  0.928240E+00
   0.246306E+01  0.928917E+00
   0.246312E+01  0.929473E+00
   0.246318E+01  0.929903E+00
   0.246324E+01  0.930249E+00
   0.246330E+01  0.930422E+00
   0.246336E+01  0.930552E+00
   0.246342E+01  0.930682E+00
   0.246348E+01  0.930768E+00
   0.246354E+01  0.930942E+00
   0.246360E+01  0.930897E+00
   0.246367E+01  0.930939E+00
   0.246373E+01  0.930893E+00
   0.246379E+01  0.931112E+00
   0.246385E+01  0.931155E+00
   0.246397E+01  0.931107E+00
   0.246412E+01  0.931147E+00
   0.246427E+01  0.931010E+00
   0.246442E+01  0.930786E+00
   0.246458E+01  0.930562E+00
   0.246473E+01  0.930470E+00
   0.246488E+01  0.930378E+00
   0.246518E+01  0.929804E+00
   0.246549E+01  0.929493E+00
   0.246579E+01  0.929054E+00
   0.246640E+01  0.928185E+00
   0.246701E+01  0.927243E+00
   0.246762E+01  0.926273E+00
   0.246777E+01  0.925940E+00
   0.246792E+01  0.925691E+00
   0.246807E+01  0.925402E+00
   0.246823E+01  0.925074E+00
   0.246829E+01  0.924991E+00
   0.246835E+01  0.924868E+00
   0.246841E+01  0.924706E+00
   0.246847E+01  0.924623E+00
   0.246859E+01  0.924380E+00
   0.246871E+01  0.924017E+00
   0.246877E+01  0.923896E+00
   0.246884E+01  0.923696E+00
   0.246890E+01  0.923536E+00
   0.246896E+01  0.923337E+00
   0.246902E+01  0.922981E+00
   0.246908E+01  0.922862E+00
   0.246914E+01  0.922353E+00
   0.246920E+01  0.921772E+00
   0.246926E+01  0.920890E+00
   0.246932E+01  0.919607E+00
   0.246938E+01  0.918237E+00
   0.246945E+01  0.916641E+00
   0.246951E+01  0.915010E+00
   0.246957E+01  0.913516E+00
   0.246963E+01  0.912051E+00
   0.246969E+01  0.911011E+00
   0.246975E+01  0.910777E+00
   0.246981E+01  0.911107E+00
   0.246987E+01  0.911874E+00
   0.246993E+01  0.912956E+00
   0.246999E+01  0.914226E+00
   0.247006E+01  0.915413E+00
   0.247012E+01  0.916619E+00
   0.247018E+01  0.917555E+00
   0.247024E+01  0.918246E+00
   0.247030E+01  0.918685E+00
   0.247036E+01  0.919164E+00
   0.247042E+01  0.919460E+00
   0.247048E+01  0.919682E+00
   0.247054E+01  0.920018E+00
   0.247060E+01  0.920167E+00
   0.247067E+01  0.920240E+00
   0.247073E+01  0.920313E+00
   0.247085E+01  0.920461E+00
   0.247097E+01  0.920495E+00
   0.247109E+01  0.920340E+00
   0.247128E+01  0.920032E+00
   0.247140E+01  0.919803E+00
   0.247152E+01  0.919500E+00
   0.247164E+01  0.919496E+00
   0.247177E+01  0.919194E+00
   0.247189E+01  0.918893E+00
   0.247250E+01  0.917697E+00
   0.247311E+01  0.916629E+00
   0.247372E+01  0.915502E+00
   0.247434E+01  0.914288E+00
   0.247464E+01  0.913722E+00
   0.247495E+01  0.913057E+00
   0.247525E+01  0.912262E+00
   0.247556E+01  0.911542E+00
   0.247587E+01  0.910828E+00
   0.247617E+01  0.909889E+00
   0.247679E+01  0.908270E+00
   0.247740E+01  0.906396E+00
   0.247801E+01  0.904594E+00
   0.247863E+01  0.902769E+00
   0.247894E+01  0.901826E+00
   0.247924E+01  0.901040E+00
   0.247955E+01  0.900086E+00
   0.247986E+01  0.899490E+00
   0.248017E+01  0.898696E+00
   0.248047E+01  0.898080E+00
   0.248078E+01  0.897582E+00
   0.248109E+01  0.896918E+00
   0.248140E+01  0.896482E+00
   0.248170E+01  0.896217E+00
   0.248201E+01  0.895756E+00
   0.248232E+01  0.895437E+00
   0.248263E+01  0.895064E+00
   0.248294E+01  0.894802E+00
   0.248355E+01  0.894116E+00
   0.248386E+01  0.893802E+00
   0.248417E+01  0.893434E+00
   0.248448E+01  0.893068E+00
   0.248479E+01  0.892703E+00
   0.248510E+01  0.892231E+00
   0.248541E+01  0.891655E+00
   0.248571E+01  0.891081E+00
   0.248602E+01  0.890512E+00
   0.248664E+01  0.889278E+00
   0.248726E+01  0.888032E+00
   0.248788E+01  0.886726E+00
   0.248819E+01  0.886130E+00
   0.248850E+01  0.885462E+00
   0.248881E+01  0.884773E+00
   0.248912E+01  0.884163E+00
   0.248943E+01  0.883581E+00
   0.248974E+01  0.883002E+00
   0.249005E+01  0.882378E+00
   0.249036E+01  0.881878E+00
   0.249067E+01  0.881333E+00
   0.249098E+01  0.880719E+00
   0.249129E+01  0.880083E+00
   0.249144E+01  0.879649E+00
   0.249160E+01  0.879264E+00
   0.249175E+01  0.878762E+00
   0.249191E+01  0.878379E+00
   0.249207E+01  0.877859E+00
   0.249222E+01  0.877294E+00
   0.249238E+01  0.876698E+00
   0.249253E+01  0.876094E+00
   0.249269E+01  0.875379E+00
   0.249278E+01  0.875012E+00
   0.249284E+01  0.874737E+00
   0.249290E+01  0.874554E+00
   0.249297E+01  0.874325E+00
   0.249303E+01  0.874176E+00
   0.249309E+01  0.874095E+00
   0.249315E+01  0.873979E+00
   0.249331E+01  0.873681E+00
   0.249346E+01  0.873427E+00
   0.249362E+01  0.873086E+00
   0.249377E+01  0.872745E+00
   0.249393E+01  0.872361E+00
   0.249409E+01  0.871923E+00
   0.249471E+01  0.870190E+00
   0.249533E+01  0.868440E+00
   0.249595E+01  0.866717E+00
   0.249658E+01  0.864946E+00
   0.249689E+01  0.864138E+00
   0.249720E+01  0.863213E+00
   0.249751E+01  0.862214E+00
   0.249782E+01  0.861185E+00
   0.249814E+01  0.860203E+00
   0.249845E+01  0.859142E+00
   0.249907E+01  0.857037E+00
   0.249970E+01  0.854864E+00
   0.250032E+01  0.852841E+00
   0.250063E+01  0.851851E+00
   0.250095E+01  0.850905E+00
   0.250126E+01  0.850003E+00
   0.250157E+01  0.849143E+00
   0.250189E+01  0.848236E+00
   0.250220E+01  0.847397E+00
   0.250283E+01  0.845796E+00
   0.250345E+01  0.844320E+00
   0.250408E+01  0.842808E+00
   0.250439E+01  0.842156E+00
   0.250471E+01  0.841457E+00
   0.250533E+01  0.840186E+00
   0.250596E+01  0.839028E+00
   0.250659E+01  0.837887E+00
   0.250690E+01  0.837324E+00
   0.250722E+01  0.836738E+00
   0.250785E+01  0.835599E+00
   0.250848E+01  0.834574E+00
   0.250911E+01  0.833556E+00
   0.250974E+01  0.832640E+00
   0.251005E+01  0.832177E+00
   0.251037E+01  0.831778E+00
   0.251068E+01  0.831411E+00
   0.251100E+01  0.830990E+00
   0.251131E+01  0.830618E+00
   0.251163E+01  0.830262E+00
   0.251194E+01  0.829969E+00
   0.251226E+01  0.829660E+00
   0.251257E+01  0.829322E+00
   0.251289E+01  0.828977E+00
   0.251321E+01  0.828624E+00
   0.251352E+01  0.828219E+00
   0.251384E+01  0.827829E+00
   0.251415E+01  0.827472E+00
   0.251428E+01  0.827295E+00
   0.251441E+01  0.827111E+00
   0.251453E+01  0.826966E+00
   0.251466E+01  0.826729E+00
   0.251472E+01  0.826671E+00
   0.251478E+01  0.826568E+00
   0.251491E+01  0.826325E+00
   0.251504E+01  0.826074E+00
   0.251517E+01  0.825816E+00
   0.251529E+01  0.825550E+00
   0.251536E+01  0.825410E+00
   0.251542E+01  0.825233E+00
   0.251548E+01  0.825070E+00
   0.251554E+01  0.824878E+00
   0.251561E+01  0.824641E+00
   0.251567E+01  0.824315E+00
   0.251573E+01  0.823997E+00
   0.251580E+01  0.823538E+00
   0.251586E+01  0.823044E+00
   0.251593E+01  0.822470E+00
   0.251599E+01  0.821847E+00
   0.251605E+01  0.821052E+00
   0.251612E+01  0.820036E+00
   0.251618E+01  0.818818E+00
   0.251624E+01  0.817058E+00
   0.251630E+01  0.814781E+00
   0.251637E+01  0.812370E+00
   0.251643E+01  0.810041E+00
   0.251649E+01  0.807915E+00
   0.251656E+01  0.806037E+00
   0.251659E+01  0.805400E+00
   0.251662E+01  0.804845E+00
   0.251665E+01  0.804621E+00
   0.251668E+01  0.804665E+00
   0.251672E+01  0.804981E+00
   0.251675E+01  0.805441E+00
   0.251678E+01  0.806185E+00
   0.251681E+01  0.807117E+00
   0.251687E+01  0.809170E+00
   0.251694E+01  0.811395E+00
   0.251700E+01  0.813844E+00
   0.251707E+01  0.816118E+00
   0.251713E+01  0.817866E+00
   0.251719E+01  0.819118E+00
   0.251722E+01  0.819563E+00
   0.251726E+01  0.819960E+00
   0.251729E+01  0.820314E+00
   0.251732E+01  0.820581E+00
   0.251738E+01  0.821102E+00
   0.251744E+01  0.821442E+00
   0.251751E+01  0.821776E+00
   0.251757E+01  0.822066E+00
   0.251763E+01  0.822298E+00
   0.251770E+01  0.822552E+00
   0.251773E+01  0.822617E+00
   0.251776E+01  0.822630E+00
   0.251783E+01  0.822767E+00
   0.251789E+01  0.822792E+00
   0.251795E+01  0.822810E+00
   0.251811E+01  0.822688E+00
   0.251827E+01  0.822411E+00
   0.251843E+01  0.822046E+00
   0.251859E+01  0.821631E+00
   0.251875E+01  0.821202E+00
   0.251890E+01  0.820774E+00
   0.251906E+01  0.820355E+00
   0.251922E+01  0.819806E+00
   0.251954E+01  0.818939E+00
   0.251986E+01  0.817962E+00
   0.252049E+01  0.815935E+00
   0.252176E+01  0.811688E+00
   0.252304E+01  0.807759E+00
   0.252367E+01  0.805622E+00
   0.252431E+01  0.803351E+00
   0.252495E+01  0.801000E+00
   0.252558E+01  0.798484E+00
   0.252622E+01  0.795952E+00
   0.252686E+01  0.793316E+00
   0.252750E+01  0.790663E+00
   0.252878E+01  0.785269E+00
   0.253006E+01  0.779789E+00
   0.253134E+01  0.774289E+00
   0.253262E+01  0.768794E+00
   0.253326E+01  0.766012E+00
   0.253390E+01  0.763226E+00
   0.253455E+01  0.760351E+00
   0.253519E+01  0.757398E+00
   0.253535E+01  0.756612E+00
   0.253551E+01  0.755791E+00
   0.253567E+01  0.754936E+00
   0.253583E+01  0.753986E+00
   0.253596E+01  0.753190E+00
   0.253609E+01  0.752355E+00
   0.253622E+01  0.751488E+00
   0.253635E+01  0.750434E+00
   0.253641E+01  0.749854E+00
   0.253648E+01  0.749249E+00
   0.253654E+01  0.748589E+00
   0.253660E+01  0.747805E+00
   0.253667E+01  0.746920E+00
   0.253673E+01  0.746161E+00
   0.253680E+01  0.745574E+00
   0.253686E+01  0.745158E+00
   0.253693E+01  0.744919E+00
   0.253699E+01  0.744836E+00
   0.253706E+01  0.744848E+00
   0.253712E+01  0.744941E+00
   0.253718E+01  0.745066E+00
   0.253731E+01  0.745239E+00
   0.253744E+01  0.745102E+00
   0.253760E+01  0.744804E+00
   0.253776E+01  0.744292E+00
   0.253792E+01  0.743576E+00
   0.253809E+01  0.742782E+00
   0.253841E+01  0.741150E+00
   0.253905E+01  0.737833E+00
   0.253970E+01  0.734306E+00
   0.254034E+01  0.730751E+00
   0.254099E+01  0.727198E+00
   0.254163E+01  0.723592E+00
   0.254228E+01  0.719888E+00
   0.254293E+01  0.716185E+00
   0.254357E+01  0.712412E+00
   0.254422E+01  0.708659E+00
   0.254552E+01  0.700986E+00
   0.254681E+01  0.693088E+00
   0.254746E+01  0.689069E+00
   0.254811E+01  0.685048E+00
   0.254876E+01  0.681053E+00
   0.254941E+01  0.677072E+00
   0.255006E+01  0.673070E+00
   0.255039E+01  0.671043E+00
   0.255071E+01  0.669031E+00
   0.255104E+01  0.667009E+00
   0.255136E+01  0.664986E+00
   0.255201E+01  0.660939E+00
   0.255267E+01  0.656824E+00
   0.255332E+01  0.652680E+00
   0.255364E+01  0.650598E+00
   0.255397E+01  0.648534E+00
   0.255462E+01  0.644378E+00
   0.255527E+01  0.640207E+00
   0.255560E+01  0.638147E+00
   0.255593E+01  0.636131E+00
   0.255625E+01  0.634126E+00
   0.255658E+01  0.632107E+00
   0.255723E+01  0.628100E+00
   0.255789E+01  0.624033E+00
   0.255854E+01  0.619972E+00
   0.255920E+01  0.615856E+00
   0.255985E+01  0.611759E+00
   0.256051E+01  0.607587E+00
   0.256116E+01  0.603376E+00
   0.256182E+01  0.599117E+00
   0.256248E+01  0.594798E+00
   0.256281E+01  0.592613E+00
   0.256313E+01  0.590418E+00
   0.256379E+01  0.585974E+00
   0.256412E+01  0.583721E+00
   0.256445E+01  0.581456E+00
   0.256478E+01  0.579165E+00
   0.256511E+01  0.576878E+00
   0.256576E+01  0.572390E+00
   0.256642E+01  0.567844E+00
   0.256708E+01  0.563226E+00
   0.256774E+01  0.558542E+00
   0.256807E+01  0.556130E+00
   0.256840E+01  0.553700E+00
   0.256906E+01  0.548762E+00
   0.256939E+01  0.546233E+00
   0.256972E+01  0.543676E+00
   0.257038E+01  0.538376E+00
   0.257104E+01  0.532853E+00
   0.257171E+01  0.527151E+00
   0.257204E+01  0.524217E+00
   0.257237E+01  0.521256E+00
   0.257270E+01  0.518188E+00
   0.257303E+01  0.515109E+00
   0.257336E+01  0.511926E+00
   0.257369E+01  0.508749E+00
   0.257432E+01  0.502473E+00
   0.257498E+01  0.495688E+00
   0.257564E+01  0.488597E+00
   0.257631E+01  0.481238E+00
   0.257697E+01  0.473658E+00
   0.257764E+01  0.465806E+00
   0.257830E+01  0.457697E+00
   0.257897E+01  0.449419E+00
   0.257963E+01  0.440995E+00
   0.258096E+01  0.423723E+00
   0.258230E+01  0.406165E+00
   0.258296E+01  0.397404E+00
   0.258363E+01  0.388539E+00
   0.258497E+01  0.370653E+00
   0.258630E+01  0.352327E+00
   0.258764E+01  0.334227E+00
   0.258898E+01  0.316319E+00
   0.259032E+01  0.298935E+00
   0.259167E+01  0.281385E+00
   0.259234E+01  0.272728E+00
   0.259301E+01  0.263935E+00
   0.259368E+01  0.255524E+00
   0.259436E+01  0.247261E+00
   0.259503E+01  0.238956E+00
   0.259570E+01  0.230824E+00
   0.259638E+01  0.222961E+00
   0.259705E+01  0.215323E+00
   0.259773E+01  0.207504E+00
   0.259840E+01  0.199840E+00
   0.259908E+01  0.192436E+00
   0.259975E+01  0.185258E+00
   0.260043E+01  0.178383E+00
   0.260077E+01  0.174941E+00
   0.260111E+01  0.171630E+00
   0.260178E+01  0.164909E+00
   0.260246E+01  0.158430E+00
   0.260314E+01  0.152049E+00
   0.260382E+01  0.145537E+00
   0.260449E+01  0.139049E+00
   0.260483E+01  0.135756E+00
   0.260517E+01  0.132489E+00
   0.260551E+01  0.129184E+00
   0.260585E+01  0.125945E+00
   0.260619E+01  0.122688E+00
   0.260653E+01  0.119461E+00
   0.260721E+01  0.112985E+00
   0.260789E+01  0.106360E+00
   0.260823E+01  0.103039E+00
   0.260857E+01  0.997459E-01
   0.260891E+01  0.964438E-01
   0.260925E+01  0.930922E-01
   0.260959E+01  0.897712E-01
   0.260993E+01  0.864184E-01
   0.261027E+01  0.830744E-01
   0.261061E+01  0.798111E-01
   0.261095E+01  0.766724E-01
   0.261130E+01  0.736755E-01
   0.261147E+01  0.722249E-01
   0.261164E+01  0.708846E-01
   0.261198E+01  0.682889E-01
   0.261215E+01  0.669991E-01
   0.261232E+01  0.658869E-01
   0.261249E+01  0.647802E-01
   0.261266E+01  0.636966E-01
   0.261283E+01  0.626284E-01
   0.261300E+01  0.616608E-01
   0.261317E+01  0.606992E-01
   0.261334E+01  0.597633E-01
   0.261368E+01  0.579429E-01
   0.261403E+01  0.562179E-01
   0.261437E+01  0.545602E-01
   0.261454E+01  0.537810E-01
   0.261471E+01  0.531032E-01
   0.261505E+01  0.518070E-01
   0.261539E+01  0.505650E-01
   0.261573E+01  0.495300E-01
   0.261591E+01  0.490706E-01
   0.261902E+01  0.416562E-01
   0.262039E+01  0.383933E-01
   0.262176E+01  0.351332E-01
   0.262210E+01  0.343794E-01
   0.262245E+01  0.337365E-01
   0.262279E+01  0.330518E-01
   0.262314E+01  0.324008E-01
   0.262383E+01  0.312989E-01
   0.262451E+01  0.302862E-01
   0.262520E+01  0.293191E-01
   0.262589E+01  0.284182E-01
   0.262624E+01  0.279696E-01
   0.262658E+01  0.275409E-01
   0.262693E+01  0.271346E-01
   0.262727E+01  0.267472E-01
   0.262762E+01  0.263792E-01
   0.262813E+01  0.258450E-01
   0.262865E+01  0.253832E-01
   0.262900E+01  0.251486E-01
   0.262917E+01  0.250623E-01
   0.262934E+01  0.250143E-01
   0.262969E+01  0.249882E-01
   0.263004E+01  0.250812E-01
   0.263038E+01  0.252879E-01
   0.263073E+01  0.256100E-01
   0.263107E+01  0.260336E-01
   0.263142E+01  0.265307E-01
   0.263177E+01  0.270807E-01
   0.263211E+01  0.276789E-01
   0.263281E+01  0.288226E-01
   0.263419E+01  0.311894E-01
   0.263489E+01  0.325167E-01
   0.263524E+01  0.332493E-01
   0.263541E+01  0.336495E-01
   0.263558E+01  0.340815E-01
   0.263697E+01  0.377668E-01
   0.263767E+01  0.396729E-01
   0.263836E+01  0.416180E-01
   0.263854E+01  0.420950E-01
   0.263871E+01  0.425552E-01
   0.263906E+01  0.434654E-01
   0.263941E+01  0.443126E-01
   0.263976E+01  0.450617E-01
   0.264011E+01  0.457036E-01
   0.264028E+01  0.459682E-01
   0.264045E+01  0.462190E-01
   0.264063E+01  0.464065E-01
   0.264080E+01  0.465552E-01
   0.264115E+01  0.467170E-01
   0.264150E+01  0.467088E-01
   0.264167E+01  0.466580E-01
   0.264185E+01  0.465557E-01
   0.264220E+01  0.462164E-01
   0.264255E+01  0.456402E-01
   0.264272E+01  0.452511E-01
   0.264290E+01  0.447756E-01
   0.264307E+01  0.442253E-01
   0.264324E+01  0.435756E-01
   0.264359E+01  0.420700E-01
   0.264394E+01  0.403701E-01
   0.264429E+01  0.385728E-01
   0.264464E+01  0.367640E-01
   0.264482E+01  0.358774E-01
   0.264499E+01  0.350409E-01
   0.264517E+01  0.342317E-01
   0.264534E+01  0.334941E-01
   0.264569E+01  0.322978E-01
   0.264604E+01  0.315103E-01
   0.264622E+01  0.312770E-01
   0.264639E+01  0.311354E-01
   0.264657E+01  0.310675E-01
   0.264674E+01  0.310455E-01
   0.264692E+01  0.310783E-01
   0.264709E+01  0.311633E-01
   0.264727E+01  0.313181E-01
   0.264744E+01  0.315766E-01
   0.264762E+01  0.319121E-01
   0.264779E+01  0.323208E-01
   0.264797E+01  0.327732E-01
   0.264815E+01  0.332477E-01
   0.264850E+01  0.342119E-01
   0.264885E+01  0.351587E-01
   0.264920E+01  0.360346E-01
   0.264955E+01  0.368314E-01
   0.264990E+01  0.375442E-01
   0.265025E+01  0.381613E-01
   0.265043E+01  0.384236E-01
   0.265060E+01  0.386475E-01
   0.265078E+01  0.388398E-01
   0.265095E+01  0.389889E-01
   0.265113E+01  0.391041E-01
   0.265130E+01  0.391688E-01
   0.265166E+01  0.391617E-01
   0.265201E+01  0.389729E-01
   0.265236E+01  0.386280E-01
   0.265271E+01  0.381222E-01
   0.265289E+01  0.378126E-01
   0.265306E+01  0.374719E-01
   0.265324E+01  0.371060E-01
   0.265342E+01  0.366859E-01
   0.265377E+01  0.357316E-01
   0.265412E+01  0.345962E-01
   0.265447E+01  0.332806E-01
   0.265483E+01  0.317660E-01
   0.265518E+01  0.300721E-01
   0.265535E+01  0.291677E-01
   0.265553E+01  0.281647E-01
   0.265571E+01  0.269719E-01
   0.265588E+01  0.255245E-01
   0.265606E+01  0.236816E-01
   0.265624E+01  0.213137E-01
   0.265641E+01  0.185381E-01
   0.265659E+01  0.155853E-01
   0.265676E+01  0.128376E-01
   0.265694E+01  0.107002E-01
   0.265710E+01  0.925746E-02
   0.265731E+01  0.769229E-02
   0.265745E+01  0.692094E-02
   0.265774E+01  0.595209E-02
   0.265788E+01  0.563453E-02
   0.265802E+01  0.541862E-02
   0.265816E+01  0.521824E-02
   0.265887E+01  0.430113E-02
   0.265957E+01  0.368848E-02
   0.266028E+01  0.290219E-02
   0.266170E+01  0.315346E-02
   0.266453E+01  0.277685E-02
   0.266525E+01  0.266993E-02
   0.266667E+01  0.246122E-02
   0.266951E+01  0.221833E-02
   0.267237E+01  0.213446E-02
   0.267380E+01  0.211719E-02
   0.267594E+01  0.210013E-02
   0.267809E+01  0.208370E-02
   0.268097E+01  0.205709E-02
   0.268384E+01  0.202138E-02
   0.268456E+01  0.200916E-02
   0.268601E+01  0.198419E-02
   0.268817E+01  0.195557E-02
   0.268962E+01  0.195279E-02
   0.269179E+01  0.195176E-02
   0.269397E+01  0.190599E-02
   0.269469E+01  0.185289E-02
   0.269542E+01  0.174027E-02
   0.269614E+01  0.166024E-02
   0.269687E+01  0.198017E-02
   0.269760E+01  0.338796E-02
   0.269833E+01  0.375999E-02
   0.269978E+01  0.323149E-02
   0.270124E+01  0.284975E-02
   0.270197E+01  0.287666E-02
   0.270270E+01  0.325251E-02
   0.270416E+01  0.443288E-02
   0.270629E+01  0.615764E-02
   0.270673E+01  0.652654E-02
   0.270709E+01  0.681370E-02
   0.270746E+01  0.702211E-02
   0.270783E+01  0.728129E-02
   0.270819E+01  0.762480E-02
   0.270856E+01  0.799227E-02
   0.270893E+01  0.839329E-02
   0.270929E+01  0.878402E-02
   0.271003E+01  0.947341E-02
   0.271076E+01  0.100586E-01
   0.271150E+01  0.105674E-01
   0.271164E+01  0.106409E-01
   0.271179E+01  0.106784E-01
   0.271194E+01  0.106393E-01
   0.271201E+01  0.105469E-01
   0.271216E+01  0.102758E-01
   0.271231E+01  0.985134E-02
   0.271253E+01  0.880446E-02
   0.271267E+01  0.784295E-02
   0.271275E+01  0.739907E-02
   0.271282E+01  0.702363E-02
   0.271289E+01  0.685595E-02
   0.271297E+01  0.685530E-02
   0.271304E+01  0.707647E-02
   0.271312E+01  0.743668E-02
   0.271317E+01  0.776216E-02
   0.271354E+01  0.963441E-02
   0.271391E+01  0.117493E-01
   0.271428E+01  0.128823E-01
   0.271465E+01  0.134784E-01
   0.271501E+01  0.139908E-01
   0.271538E+01  0.143871E-01
   0.271575E+01  0.147186E-01
   0.271649E+01  0.152527E-01
   0.271723E+01  0.156613E-01
   0.271797E+01  0.159194E-01
   0.271870E+01  0.160490E-01
   0.271944E+01  0.160897E-01
   0.271981E+01  0.160690E-01
   0.272018E+01  0.160013E-01
   0.272055E+01  0.158644E-01
   0.272092E+01  0.156876E-01
   0.272130E+01  0.154494E-01
   0.272204E+01  0.148490E-01
   0.272278E+01  0.140727E-01
   0.272315E+01  0.135945E-01
   0.272352E+01  0.130513E-01
   0.272389E+01  0.124717E-01
   0.272426E+01  0.118501E-01
   0.272463E+01  0.111542E-01
   0.272500E+01  0.103422E-01
   0.272537E+01  0.936404E-02
   0.272574E+01  0.795376E-02
   0.272612E+01  0.475970E-02
   0.272628E+01  0.325265E-02
   0.272702E+01  0.265432E-02
   0.272777E+01  0.290561E-02
   0.272926E+01  0.446162E-02
   0.273075E+01  0.834229E-02
   0.273149E+01  0.115169E-01
   0.273224E+01  0.138247E-01
   0.273299E+01  0.138112E-01
   0.273373E+01  0.122080E-01
   0.273598E+01  0.796437E-02
   0.273748E+01  0.642047E-02
   0.273973E+01  0.496113E-02
   0.274198E+01  0.449543E-02
   0.274348E+01  0.439449E-02
   0.274574E+01  0.438292E-02
   0.274650E+01  0.417112E-02
   0.274725E+01  0.380018E-02
   0.274801E+01  0.333765E-02
   0.274876E+01  0.286755E-02
   0.274952E+01  0.251216E-02
   0.275027E+01  0.232353E-02
   0.275103E+01  0.223979E-02
   0.275179E+01  0.222471E-02
   0.275255E+01  0.224379E-02
   0.275330E+01  0.226631E-02
   0.275406E+01  0.236157E-02
   0.275482E+01  0.251593E-02
   0.275558E+01  0.268362E-02
   0.275634E+01  0.287131E-02
   0.275710E+01  0.292325E-02
   0.275786E+01  0.301145E-02
   0.276014E+01  0.290442E-02
   0.276243E+01  0.264156E-02
   0.276549E+01  0.230568E-02
   0.276778E+01  0.221841E-02
   0.277008E+01  0.217903E-02
   0.277316E+01  0.210091E-02
   0.277393E+01  0.205662E-02
   0.277469E+01  0.198323E-02
   0.277547E+01  0.188507E-02
   0.277623E+01  0.175636E-02
   0.277701E+01  0.171594E-02
   0.277778E+01  0.203999E-02
   0.277855E+01  0.274599E-02
   0.277932E+01  0.309915E-02
   0.278010E+01  0.301611E-02
   0.278087E+01  0.283341E-02
   0.278164E+01  0.269398E-02
   0.278303E+01  0.531502E-02
   0.278342E+01  0.759178E-02
   0.278360E+01  0.836305E-02
   0.278380E+01  0.969630E-02
   0.278399E+01  0.108600E-01
   0.278418E+01  0.118565E-01
   0.278457E+01  0.136619E-01
   0.278477E+01  0.144649E-01
   0.278496E+01  0.152341E-01
   0.278515E+01  0.161023E-01
   0.278535E+01  0.170528E-01
   0.278554E+01  0.180772E-01
   0.278573E+01  0.190469E-01
   0.278593E+01  0.203160E-01
   0.278612E+01  0.215260E-01
   0.278690E+01  0.265718E-01
   0.278768E+01  0.315714E-01
   0.278845E+01  0.363799E-01
   0.278923E+01  0.411873E-01
   0.278939E+01  0.418163E-01
   0.278954E+01  0.420578E-01
   0.278970E+01  0.420988E-01
   0.278986E+01  0.420248E-01
   0.279001E+01  0.423326E-01
   0.279017E+01  0.431839E-01
   0.279032E+01  0.447719E-01
   0.279048E+01  0.466044E-01
   0.279063E+01  0.481548E-01
   0.279079E+01  0.495786E-01
   0.279087E+01  0.501520E-01
   0.279094E+01  0.506200E-01
   0.279102E+01  0.509299E-01
   0.279110E+01  0.511283E-01
   0.279118E+01  0.512448E-01
   0.279126E+01  0.512601E-01
   0.279133E+01  0.511403E-01
   0.279141E+01  0.508141E-01
   0.279149E+01  0.502190E-01
   0.279157E+01  0.493461E-01
   0.279165E+01  0.480887E-01
   0.279172E+01  0.462898E-01
   0.279180E+01  0.438647E-01
   0.279188E+01  0.409339E-01
   0.279204E+01  0.331266E-01
   0.279211E+01  0.290080E-01
   0.279219E+01  0.251152E-01
   0.279227E+01  0.218885E-01
   0.279235E+01  0.193672E-01
   0.279243E+01  0.199539E-01
   0.279250E+01  0.220120E-01
   0.279258E+01  0.255897E-01
   0.279266E+01  0.299387E-01
   0.279274E+01  0.346469E-01
   0.279282E+01  0.397679E-01
   0.279289E+01  0.450776E-01
   0.279297E+01  0.499557E-01
   0.279305E+01  0.533094E-01
   0.279313E+01  0.562303E-01
   0.279328E+01  0.610374E-01
   0.279344E+01  0.647451E-01
   0.279352E+01  0.659910E-01
   0.279360E+01  0.672428E-01
   0.279367E+01  0.684468E-01
   0.279375E+01  0.696388E-01
   0.279383E+01  0.707594E-01
   0.279391E+01  0.718739E-01
   0.279399E+01  0.729071E-01
   0.279406E+01  0.739013E-01
   0.279422E+01  0.757589E-01
   0.279438E+01  0.773541E-01
   0.279453E+01  0.787923E-01
   0.279469E+01  0.801482E-01
   0.279485E+01  0.814059E-01
   0.279500E+01  0.825618E-01
   0.279516E+01  0.836334E-01
   0.279531E+01  0.846205E-01
   0.279547E+01  0.854988E-01
   0.279563E+01  0.862776E-01
   0.279578E+01  0.868831E-01
   0.279594E+01  0.874344E-01
   0.279610E+01  0.878247E-01
   0.279625E+01  0.881122E-01
   0.279641E+01  0.882944E-01
   0.279657E+01  0.882892E-01
   0.279672E+01  0.880806E-01
   0.279688E+01  0.875975E-01
   0.279703E+01  0.868095E-01
   0.279719E+01  0.854325E-01
   0.279727E+01  0.845181E-01
   0.279735E+01  0.834177E-01
   0.279743E+01  0.821791E-01
   0.279750E+01  0.804782E-01
   0.279758E+01  0.784744E-01
   0.279766E+01  0.760112E-01
   0.279782E+01  0.702279E-01
   0.279790E+01  0.671112E-01
   0.279797E+01  0.631154E-01
   0.279805E+01  0.587300E-01
   0.279813E+01  0.538899E-01
   0.279829E+01  0.445659E-01
   0.279844E+01  0.354574E-01
   0.279852E+01  0.311245E-01
   0.279860E+01  0.275591E-01
   0.279868E+01  0.248217E-01
   0.279876E+01  0.225421E-01
   0.279884E+01  0.212545E-01
   0.279891E+01  0.206507E-01
   0.279899E+01  0.209378E-01
   0.279907E+01  0.216559E-01
   0.279915E+01  0.226252E-01
   0.279923E+01  0.236842E-01
   0.279938E+01  0.258738E-01
   0.279954E+01  0.275661E-01
   0.279970E+01  0.286417E-01
   0.279985E+01  0.303588E-01
   0.280001E+01  0.327872E-01
   0.280009E+01  0.341833E-01
   0.280017E+01  0.357668E-01
   0.280025E+01  0.377311E-01
   0.280032E+01  0.398837E-01
   0.280048E+01  0.436032E-01
   0.280064E+01  0.465080E-01
   0.280079E+01  0.486022E-01
   0.280095E+01  0.500264E-01
   0.280111E+01  0.511398E-01
   0.280126E+01  0.521041E-01
   0.280142E+01  0.533755E-01
   0.280158E+01  0.548551E-01
   0.280174E+01  0.564421E-01
   0.280189E+01  0.581521E-01
   0.280205E+01  0.599619E-01
   0.280221E+01  0.619064E-01
   0.280237E+01  0.640467E-01
   0.280252E+01  0.663520E-01
   0.280268E+01  0.687850E-01
   0.280284E+01  0.711142E-01
   0.280299E+01  0.732585E-01
   0.280315E+01  0.751894E-01
   0.280331E+01  0.770566E-01
   0.280347E+01  0.785846E-01
   0.280362E+01  0.798525E-01
   0.280370E+01  0.803221E-01
   0.280378E+01  0.806401E-01
   0.280386E+01  0.808113E-01
   0.280394E+01  0.808510E-01
   0.280402E+01  0.807554E-01
   0.280409E+01  0.805179E-01
   0.280417E+01  0.801773E-01
   0.280425E+01  0.797196E-01
   0.280433E+01  0.791164E-01
   0.280441E+01  0.783573E-01
   0.280449E+01  0.773957E-01
   0.280457E+01  0.762756E-01
   0.280464E+01  0.749090E-01
   0.280472E+01  0.733347E-01
   0.280480E+01  0.714081E-01
   0.280488E+01  0.691703E-01
   0.280496E+01  0.665640E-01
   0.280504E+01  0.634939E-01
   0.280512E+01  0.603751E-01
   0.280519E+01  0.565676E-01
   0.280527E+01  0.527496E-01
   0.280535E+01  0.487989E-01
   0.280543E+01  0.443859E-01
   0.280551E+01  0.396450E-01
   0.280559E+01  0.346342E-01
   0.280567E+01  0.298644E-01
   0.280575E+01  0.252924E-01
   0.280582E+01  0.208111E-01
   0.280590E+01  0.160074E-01
   0.280598E+01  0.123744E-01
   0.280606E+01  0.100571E-01
   0.280614E+01  0.892159E-02
   0.280622E+01  0.822793E-02
   0.280630E+01  0.787086E-02
   0.280638E+01  0.768864E-02
   0.280646E+01  0.763042E-02
   0.280653E+01  0.775139E-02
   0.280661E+01  0.797230E-02
   0.280669E+01  0.841171E-02
   0.280677E+01  0.917711E-02
   0.280685E+01  0.102215E-01
   0.280693E+01  0.116122E-01
   0.280701E+01  0.136684E-01
   0.280708E+01  0.163707E-01
   0.280716E+01  0.199351E-01
   0.280724E+01  0.244951E-01
   0.280732E+01  0.294020E-01
   0.280740E+01  0.345492E-01
   0.280748E+01  0.396388E-01
   0.280756E+01  0.446902E-01
   0.280764E+01  0.498018E-01
   0.280772E+01  0.549562E-01
   0.280779E+01  0.598615E-01
   0.280787E+01  0.643851E-01
   0.280795E+01  0.686099E-01
   0.280803E+01  0.726056E-01
   0.280811E+01  0.763095E-01
   0.280819E+01  0.796641E-01
   0.280827E+01  0.826305E-01
   0.280835E+01  0.854594E-01
   0.280843E+01  0.884416E-01
   0.280850E+01  0.913458E-01
   0.280858E+01  0.939880E-01
   0.280866E+01  0.964079E-01
   0.280874E+01  0.984923E-01
   0.280882E+01  0.100403E+00
   0.280890E+01  0.101833E+00
   0.280898E+01  0.103037E+00
   0.280906E+01  0.103856E+00
   0.280913E+01  0.104346E+00
   0.280921E+01  0.104588E+00
   0.280929E+01  0.104457E+00
   0.280937E+01  0.103930E+00
   0.280945E+01  0.103138E+00
   0.280953E+01  0.101956E+00
   0.280961E+01  0.100444E+00
   0.280969E+01  0.986894E-01
   0.280977E+01  0.965916E-01
   0.280985E+01  0.943585E-01
   0.280992E+01  0.921819E-01
   0.281000E+01  0.902423E-01
   0.281008E+01  0.887006E-01
   0.281016E+01  0.876320E-01
   0.281024E+01  0.872794E-01
   0.281032E+01  0.877108E-01
   0.281040E+01  0.890919E-01
   0.281048E+01  0.912142E-01
   0.281056E+01  0.943063E-01
   0.281071E+01  0.102196E+00
   0.281087E+01  0.111284E+00
   0.281103E+01  0.120031E+00
   0.281119E+01  0.127718E+00
   0.281135E+01  0.133939E+00
   0.281143E+01  0.136482E+00
   0.281151E+01  0.138806E+00
   0.281166E+01  0.142800E+00
   0.281182E+01  0.146140E+00
   0.281198E+01  0.149217E+00
   0.281218E+01  0.152995E+00
   0.281237E+01  0.156730E+00
   0.281257E+01  0.160464E+00
   0.281277E+01  0.164101E+00
   0.281297E+01  0.167636E+00
   0.281317E+01  0.170713E+00
   0.281336E+01  0.173400E+00
   0.281356E+01  0.175670E+00
   0.281376E+01  0.177627E+00
   0.281396E+01  0.179370E+00
   0.281415E+01  0.180897E+00
   0.281435E+01  0.182260E+00
   0.281455E+01  0.183499E+00
   0.281475E+01  0.184599E+00
   0.281515E+01  0.186581E+00
   0.281594E+01  0.190712E+00
   0.281673E+01  0.194195E+00
   0.281713E+01  0.195435E+00
   0.281752E+01  0.196366E+00
   0.281792E+01  0.197134E+00
   0.281812E+01  0.197452E+00
   0.281832E+01  0.197656E+00
   0.281852E+01  0.197809E+00
   0.281872E+01  0.197922E+00
   0.281892E+01  0.198033E+00
   0.281911E+01  0.198133E+00
   0.281951E+01  0.198329E+00
   0.281971E+01  0.198427E+00
   0.281991E+01  0.198526E+00
   0.282011E+01  0.198613E+00
   0.282031E+01  0.198682E+00
   0.282070E+01  0.198767E+00
   0.282110E+01  0.198823E+00
   0.282150E+01  0.198914E+00
   0.282190E+01  0.199045E+00
   0.282230E+01  0.199186E+00
   0.282250E+01  0.199257E+00
   0.282269E+01  0.199332E+00
   0.282289E+01  0.199410E+00
   0.282309E+01  0.199497E+00
   0.282349E+01  0.199736E+00
   0.282389E+01  0.200335E+00
   0.282429E+01  0.201577E+00
   0.282469E+01  0.203055E+00
   0.282489E+01  0.203846E+00
   0.282509E+01  0.204651E+00
   0.282529E+01  0.205448E+00
   0.282549E+01  0.206148E+00
   0.282569E+01  0.206767E+00
   0.282589E+01  0.207308E+00
   0.282609E+01  0.207792E+00
   0.282629E+01  0.208180E+00
   0.282648E+01  0.208456E+00
   0.282668E+01  0.208599E+00
   0.282688E+01  0.208579E+00
   0.282708E+01  0.208349E+00
   0.282728E+01  0.207941E+00
   0.282748E+01  0.207336E+00
   0.282768E+01  0.206549E+00
   0.282788E+01  0.205775E+00
   0.282808E+01  0.205242E+00
   0.282828E+01  0.204865E+00
   0.282868E+01  0.204669E+00
   0.282908E+01  0.204833E+00
   0.282928E+01  0.204776E+00
   0.282948E+01  0.204409E+00
   0.282968E+01  0.203672E+00
   0.282989E+01  0.202412E+00
   0.283009E+01  0.200520E+00
   0.283028E+01  0.198033E+00
   0.283048E+01  0.194809E+00
   0.283069E+01  0.192704E+00
   0.283089E+01  0.192398E+00
   0.283109E+01  0.193081E+00
   0.283129E+01  0.193569E+00
   0.283149E+01  0.193636E+00
   0.283169E+01  0.193514E+00
   0.283189E+01  0.193071E+00
   0.283209E+01  0.192235E+00
   0.283229E+01  0.191060E+00
   0.283269E+01  0.188869E+00
   0.283289E+01  0.187890E+00
   0.283309E+01  0.187041E+00
   0.283329E+01  0.186332E+00
   0.283349E+01  0.185978E+00
   0.283369E+01  0.186109E+00
   0.283390E+01  0.186809E+00
   0.283430E+01  0.188948E+00
   0.283450E+01  0.190279E+00
   0.283470E+01  0.191900E+00
   0.283490E+01  0.193869E+00
   0.283510E+01  0.196083E+00
   0.283530E+01  0.198400E+00
   0.283550E+01  0.200975E+00
   0.283570E+01  0.203707E+00
   0.283590E+01  0.206764E+00
   0.283610E+01  0.210075E+00
   0.283631E+01  0.213272E+00
   0.283651E+01  0.216092E+00
   0.283671E+01  0.218571E+00
   0.283711E+01  0.223097E+00
   0.283751E+01  0.227032E+00
   0.283792E+01  0.230344E+00
   0.283832E+01  0.232739E+00
   0.283872E+01  0.233822E+00
   0.283913E+01  0.233668E+00
   0.283933E+01  0.233067E+00
   0.283953E+01  0.231877E+00
   0.283973E+01  0.230210E+00
   0.283993E+01  0.228396E+00
   0.284013E+01  0.226502E+00
   0.284033E+01  0.224481E+00
   0.284054E+01  0.222381E+00
   0.284074E+01  0.220124E+00
   0.284094E+01  0.217775E+00
   0.284114E+01  0.214994E+00
   0.284134E+01  0.211726E+00
   0.284155E+01  0.207755E+00
   0.284175E+01  0.203081E+00
   0.284195E+01  0.197620E+00
   0.284215E+01  0.191432E+00
   0.284235E+01  0.184515E+00
   0.284255E+01  0.177076E+00
   0.284276E+01  0.168288E+00
   0.284296E+01  0.158895E+00
   0.284316E+01  0.148071E+00
   0.284336E+01  0.136229E+00
   0.284356E+01  0.122405E+00
   0.284377E+01  0.108227E+00
   0.284397E+01  0.918820E-01
   0.284413E+01  0.782825E-01
   0.284429E+01  0.639615E-01
   0.284437E+01  0.562815E-01
   0.284446E+01  0.492351E-01
   0.284454E+01  0.426416E-01
   0.284462E+01  0.364977E-01
   0.284470E+01  0.305403E-01
   0.284478E+01  0.247929E-01
   0.284486E+01  0.197830E-01
   0.284494E+01  0.159129E-01
   0.284502E+01  0.130062E-01
   0.284510E+01  0.109300E-01
   0.284518E+01  0.945625E-02
   0.284526E+01  0.856460E-02
   0.284535E+01  0.795445E-02
   0.284543E+01  0.761315E-02
   0.284551E+01  0.748493E-02
   0.284559E+01  0.742275E-02
   0.284567E+01  0.753086E-02
   0.284575E+01  0.782398E-02
   0.284583E+01  0.831364E-02
   0.284591E+01  0.928521E-02
   0.284599E+01  0.109980E-01
   0.284607E+01  0.140536E-01
   0.284615E+01  0.182614E-01
   0.284624E+01  0.224612E-01
   0.284632E+01  0.271712E-01
   0.284640E+01  0.323900E-01
   0.284648E+01  0.379898E-01
   0.284656E+01  0.440300E-01
   0.284664E+01  0.504913E-01
   0.284672E+01  0.570540E-01
   0.284680E+01  0.634999E-01
   0.284689E+01  0.698306E-01
   0.284697E+01  0.760554E-01
   0.284705E+01  0.823497E-01
   0.284713E+01  0.880193E-01
   0.284721E+01  0.939231E-01
   0.284737E+01  0.104792E+00
   0.284753E+01  0.114891E+00
   0.284769E+01  0.123975E+00
   0.284786E+01  0.132398E+00
   0.284802E+01  0.140036E+00
   0.284818E+01  0.147185E+00
   0.284834E+01  0.153288E+00
   0.284851E+01  0.158904E+00
   0.284867E+01  0.163943E+00
   0.284883E+01  0.168381E+00
   0.284924E+01  0.177744E+00
   0.284964E+01  0.185141E+00
   0.284985E+01  0.188102E+00
   0.285005E+01  0.190501E+00
   0.285046E+01  0.194401E+00
   0.285086E+01  0.197425E+00
   0.285127E+01  0.199662E+00
   0.285168E+01  0.201462E+00
   0.285208E+01  0.203009E+00
   0.285249E+01  0.204342E+00
   0.285290E+01  0.205683E+00
   0.285371E+01  0.209467E+00
   0.285412E+01  0.211927E+00
   0.285452E+01  0.214742E+00
   0.285493E+01  0.218261E+00
   0.285534E+01  0.222393E+00
   0.285616E+01  0.230869E+00
   0.285697E+01  0.239187E+00
   0.285779E+01  0.247208E+00
   0.285820E+01  0.251139E+00
   0.285860E+01  0.254947E+00
   0.285901E+01  0.258439E+00
   0.285942E+01  0.261485E+00
   0.285983E+01  0.263821E+00
   0.286003E+01  0.264576E+00
   0.286024E+01  0.265814E+00
   0.286044E+01  0.268100E+00
   0.286065E+01  0.271442E+00
   0.286106E+01  0.277370E+00
   0.286188E+01  0.288445E+00
   0.286270E+01  0.299522E+00
   0.286352E+01  0.310492E+00
   0.286393E+01  0.315770E+00
   0.286413E+01  0.318332E+00
   0.286434E+01  0.320773E+00
   0.286475E+01  0.325474E+00
   0.286516E+01  0.329859E+00
   0.286532E+01  0.331472E+00
   0.286549E+01  0.332996E+00
   0.286557E+01  0.333714E+00
   0.286581E+01  0.335673E+00
   0.286598E+01  0.336742E+00
   0.286606E+01  0.337133E+00
   0.286614E+01  0.337421E+00
   0.286622E+01  0.337596E+00
   0.286631E+01  0.337629E+00
   0.286647E+01  0.337223E+00
   0.286664E+01  0.336086E+00
   0.286680E+01  0.334151E+00
   0.286696E+01  0.331322E+00
   0.286713E+01  0.327945E+00
   0.286721E+01  0.326431E+00
   0.286729E+01  0.325287E+00
   0.286738E+01  0.324715E+00
   0.286746E+01  0.324811E+00
   0.286754E+01  0.325843E+00
   0.286762E+01  0.327552E+00
   0.286770E+01  0.329745E+00
   0.286779E+01  0.332511E+00
   0.286795E+01  0.339351E+00
   0.286811E+01  0.346175E+00
   0.286828E+01  0.351760E+00
   0.286844E+01  0.356164E+00
   0.286861E+01  0.360036E+00
   0.286877E+01  0.363561E+00
   0.286894E+01  0.366858E+00
   0.286910E+01  0.369875E+00
   0.286927E+01  0.372639E+00
   0.286943E+01  0.375276E+00
   0.286960E+01  0.377798E+00
   0.286976E+01  0.380191E+00
   0.286984E+01  0.381346E+00
   0.286993E+01  0.382473E+00
   0.287009E+01  0.384654E+00
   0.287026E+01  0.386661E+00
   0.287042E+01  0.388501E+00
   0.287059E+01  0.390215E+00
   0.287075E+01  0.391713E+00
   0.287083E+01  0.392354E+00
   0.287092E+01  0.392944E+00
   0.287104E+01  0.393620E+00
   0.287120E+01  0.393962E+00
   0.287133E+01  0.393592E+00
   0.287145E+01  0.392236E+00
   0.287153E+01  0.390243E+00
   0.287158E+01  0.388777E+00
   0.287166E+01  0.384364E+00
   0.287174E+01  0.378387E+00
   0.287182E+01  0.371043E+00
   0.287190E+01  0.362544E+00
   0.287195E+01  0.358226E+00
   0.287203E+01  0.349764E+00
   0.287211E+01  0.343717E+00
   0.287215E+01  0.341932E+00
   0.287223E+01  0.341123E+00
   0.287228E+01  0.341940E+00
   0.287236E+01  0.346380E+00
   0.287240E+01  0.349947E+00
   0.287244E+01  0.353936E+00
   0.287248E+01  0.358357E+00
   0.287252E+01  0.363045E+00
   0.287256E+01  0.368104E+00
   0.287261E+01  0.373016E+00
   0.287265E+01  0.377659E+00
   0.287269E+01  0.381966E+00
   0.287273E+01  0.385659E+00
   0.287281E+01  0.392245E+00
   0.287290E+01  0.397575E+00
   0.287294E+01  0.399526E+00
   0.287298E+01  0.401207E+00
   0.287306E+01  0.403311E+00
   0.287314E+01  0.404391E+00
   0.287327E+01  0.403943E+00
   0.287339E+01  0.401031E+00
   0.287347E+01  0.397997E+00
   0.287351E+01  0.396042E+00
   0.287360E+01  0.391708E+00
   0.287368E+01  0.387119E+00
   0.287376E+01  0.383034E+00
   0.287384E+01  0.380025E+00
   0.287389E+01  0.379140E+00
   0.287393E+01  0.378804E+00
   0.287397E+01  0.378986E+00
   0.287401E+01  0.379832E+00
   0.287405E+01  0.381260E+00
   0.287413E+01  0.385517E+00
   0.287422E+01  0.391856E+00
   0.287442E+01  0.412242E+00
   0.287463E+01  0.431950E+00
   0.287484E+01  0.447170E+00
   0.287504E+01  0.458562E+00
   0.287525E+01  0.467817E+00
   0.287546E+01  0.475952E+00
   0.287566E+01  0.483047E+00
   0.287587E+01  0.489523E+00
   0.287608E+01  0.495558E+00
   0.287628E+01  0.501265E+00
   0.287670E+01  0.512183E+00
   0.287711E+01  0.522388E+00
   0.287752E+01  0.532084E+00
   0.287814E+01  0.545551E+00
   0.287855E+01  0.553984E+00
   0.287903E+01  0.563115E+00
   0.288003E+01  0.580434E+00
   0.288103E+01  0.595232E+00
   0.288153E+01  0.601918E+00
   0.288203E+01  0.608094E+00
   0.288303E+01  0.620103E+00
   0.288353E+01  0.625991E+00
   0.288403E+01  0.631423E+00
   0.288453E+01  0.636453E+00
   0.288503E+01  0.641217E+00
   0.288528E+01  0.643613E+00
   0.288553E+01  0.645950E+00
   0.288578E+01  0.648215E+00
   0.288603E+01  0.650402E+00
   0.288653E+01  0.654639E+00
   0.288703E+01  0.658581E+00
   0.288753E+01  0.662385E+00
   0.288803E+01  0.665937E+00
   0.288828E+01  0.667527E+00
   0.288853E+01  0.669022E+00
   0.288878E+01  0.670366E+00
   0.288903E+01  0.671572E+00
   0.288928E+01  0.672681E+00
   0.288953E+01  0.673650E+00
   0.288978E+01  0.674522E+00
   0.289003E+01  0.675306E+00
   0.289023E+01  0.675896E+00
   0.289053E+01  0.676671E+00
   0.289103E+01  0.677796E+00
   0.289123E+01  0.678192E+00
   0.289143E+01  0.678498E+00
   0.289153E+01  0.678647E+00
   0.289163E+01  0.678749E+00
   0.289173E+01  0.678847E+00
   0.289193E+01  0.678979E+00
   0.289203E+01  0.679004E+00
   0.289213E+01  0.679054E+00
   0.289233E+01  0.679035E+00
   0.289243E+01  0.678989E+00
   0.289253E+01  0.678920E+00
   0.289263E+01  0.678834E+00
   0.289283E+01  0.678611E+00
   0.289303E+01  0.678282E+00
   0.289313E+01  0.678082E+00
   0.289323E+01  0.677845E+00
   0.289353E+01  0.676966E+00
   0.289383E+01  0.675843E+00
   0.289403E+01  0.674951E+00
   0.289423E+01  0.673965E+00
   0.289453E+01  0.672338E+00
   0.289473E+01  0.671192E+00
   0.289503E+01  0.669158E+00
   0.289523E+01  0.667663E+00
   0.289543E+01  0.666076E+00
   0.289563E+01  0.664430E+00
   0.289583E+01  0.662587E+00
   0.289603E+01  0.660455E+00
   0.289623E+01  0.658065E+00
   0.289643E+01  0.655509E+00
   0.289663E+01  0.652874E+00
   0.289683E+01  0.650216E+00
   0.289703E+01  0.647332E+00
   0.289723E+01  0.644489E+00
   0.289743E+01  0.641506E+00
   0.289763E+01  0.638473E+00
   0.289783E+01  0.635150E+00
   0.289803E+01  0.631766E+00
   0.289823E+01  0.627876E+00
   0.289843E+01  0.623776E+00
   0.289863E+01  0.619417E+00
   0.289883E+01  0.615233E+00
   0.289903E+01  0.611045E+00
   0.289923E+01  0.606839E+00
   0.289953E+01  0.600536E+00
   0.289983E+01  0.593581E+00
   0.290003E+01  0.588760E+00
   0.290023E+01  0.583377E+00
   0.290043E+01  0.577690E+00
   0.290063E+01  0.571413E+00
   0.290083E+01  0.565095E+00
   0.290103E+01  0.558317E+00
   0.290153E+01  0.539802E+00
   0.290203E+01  0.519329E+00
   0.290220E+01  0.511506E+00
   0.290237E+01  0.503279E+00
   0.290253E+01  0.494579E+00
   0.290270E+01  0.485381E+00
   0.290279E+01  0.480639E+00
   0.290287E+01  0.475679E+00
   0.290304E+01  0.465447E+00
   0.290321E+01  0.455039E+00
   0.290338E+01  0.445669E+00
   0.290354E+01  0.437463E+00
   0.290371E+01  0.430345E+00
   0.290388E+01  0.424842E+00
   0.290397E+01  0.422706E+00
   0.290405E+01  0.420910E+00
   0.290414E+01  0.419483E+00
   0.290422E+01  0.418451E+00
   0.290430E+01  0.417923E+00
   0.290439E+01  0.418098E+00
   0.290447E+01  0.418868E+00
   0.290456E+01  0.420171E+00
   0.290464E+01  0.421777E+00
   0.290473E+01  0.423821E+00
   0.290489E+01  0.428743E+00
   0.290498E+01  0.431807E+00
   0.290506E+01  0.435343E+00
   0.290523E+01  0.443238E+00
   0.290532E+01  0.447953E+00
   0.290540E+01  0.453007E+00
   0.290549E+01  0.458088E+00
   0.290565E+01  0.467121E+00
   0.290574E+01  0.471247E+00
   0.290591E+01  0.477807E+00
   0.290608E+01  0.482866E+00
   0.290616E+01  0.485069E+00
   0.290625E+01  0.487510E+00
   0.290633E+01  0.490325E+00
   0.290642E+01  0.493807E+00
   0.290650E+01  0.498277E+00
   0.290658E+01  0.503456E+00
   0.290675E+01  0.516677E+00
   0.290692E+01  0.532582E+00
   0.290701E+01  0.541796E+00
   0.290709E+01  0.551285E+00
   0.290718E+01  0.561055E+00
   0.290726E+01  0.571526E+00
   0.290743E+01  0.592698E+00
   0.290760E+01  0.613286E+00
   0.290777E+01  0.633151E+00
   0.290794E+01  0.650742E+00
   0.290811E+01  0.665775E+00
   0.290828E+01  0.677893E+00
   0.290836E+01  0.683120E+00
   0.290844E+01  0.687750E+00
   0.290853E+01  0.691910E+00
   0.290861E+01  0.695517E+00
   0.290870E+01  0.698666E+00
   0.290878E+01  0.701615E+00
   0.290887E+01  0.704282E+00
   0.290895E+01  0.706691E+00
   0.290904E+01  0.709002E+00
   0.290912E+01  0.710851E+00
   0.290929E+01  0.713974E+00
   0.290946E+01  0.716588E+00
   0.290963E+01  0.718583E+00
   0.290980E+01  0.720262E+00
   0.290997E+01  0.722050E+00
   0.291018E+01  0.724339E+00
   0.291039E+01  0.726954E+00
   0.291060E+01  0.729653E+00
   0.291081E+01  0.732178E+00
   0.291103E+01  0.734290E+00
   0.291124E+01  0.736046E+00
   0.291145E+01  0.737602E+00
   0.291166E+01  0.738952E+00
   0.291187E+01  0.740017E+00
   0.291204E+01  0.740756E+00
   0.291221E+01  0.741429E+00
   0.291238E+01  0.742054E+00
   0.291255E+01  0.742652E+00
   0.291276E+01  0.743254E+00
   0.291297E+01  0.743847E+00
   0.291319E+01  0.744378E+00
   0.291340E+01  0.744876E+00
   0.291361E+01  0.745358E+00
   0.291382E+01  0.745912E+00
   0.291404E+01  0.746450E+00
   0.291425E+01  0.746967E+00
   0.291446E+01  0.747461E+00
   0.291467E+01  0.747899E+00
   0.291489E+01  0.748300E+00
   0.291510E+01  0.748673E+00
   0.291531E+01  0.748993E+00
   0.291552E+01  0.749308E+00
   0.291574E+01  0.749598E+00
   0.291595E+01  0.749853E+00
   0.291616E+01  0.750091E+00
   0.291637E+01  0.750256E+00
   0.291659E+01  0.750325E+00
   0.291680E+01  0.750460E+00
   0.291701E+01  0.750540E+00
   0.291723E+01  0.750634E+00
   0.291744E+01  0.750690E+00
   0.291765E+01  0.750783E+00
   0.291782E+01  0.750769E+00
   0.291799E+01  0.750805E+00
   0.291816E+01  0.750828E+00
   0.291833E+01  0.750809E+00
   0.291850E+01  0.750771E+00
   0.291867E+01  0.750740E+00
   0.291876E+01  0.750703E+00
   0.291884E+01  0.750653E+00
   0.291901E+01  0.750488E+00
   0.291918E+01  0.750225E+00
   0.291927E+01  0.750048E+00
   0.291935E+01  0.749769E+00
   0.291944E+01  0.749465E+00
   0.291952E+01  0.749144E+00
   0.291961E+01  0.748800E+00
   0.291969E+01  0.748311E+00
   0.291978E+01  0.747795E+00
   0.291987E+01  0.747274E+00
   0.291995E+01  0.746629E+00
   0.292004E+01  0.745845E+00
   0.292012E+01  0.744717E+00
   0.292021E+01  0.743362E+00
   0.292029E+01  0.741729E+00
   0.292038E+01  0.739980E+00
   0.292046E+01  0.738011E+00
   0.292055E+01  0.735940E+00
   0.292063E+01  0.734111E+00
   0.292072E+01  0.732546E+00
   0.292076E+01  0.731837E+00
   0.292080E+01  0.731240E+00
   0.292085E+01  0.730862E+00
   0.292089E+01  0.730609E+00
   0.292093E+01  0.730442E+00
   0.292097E+01  0.730581E+00
   0.292102E+01  0.730984E+00
   0.292106E+01  0.731661E+00
   0.292115E+01  0.733583E+00
   0.292123E+01  0.735784E+00
   0.292132E+01  0.738111E+00
   0.292140E+01  0.740660E+00
   0.292149E+01  0.743213E+00
   0.292157E+01  0.745374E+00
   0.292166E+01  0.747067E+00
   0.292174E+01  0.748440E+00
   0.292183E+01  0.749599E+00
   0.292191E+01  0.750493E+00
   0.292200E+01  0.751281E+00
   0.292208E+01  0.751869E+00
   0.292217E+01  0.752381E+00
   0.292225E+01  0.752801E+00
   0.292234E+01  0.753222E+00
   0.292243E+01  0.753600E+00
   0.292251E+01  0.753954E+00
   0.292260E+01  0.754291E+00
   0.292268E+01  0.754584E+00
   0.292277E+01  0.754859E+00
   0.292285E+01  0.755116E+00
   0.292294E+01  0.755329E+00
   0.292302E+01  0.755549E+00
   0.292320E+01  0.755908E+00
   0.292362E+01  0.756805E+00
   0.292405E+01  0.757670E+00
   0.292448E+01  0.758527E+00
   0.292490E+01  0.759441E+00
   0.292533E+01  0.760406E+00
   0.292576E+01  0.761443E+00
   0.292619E+01  0.762527E+00
   0.292662E+01  0.763658E+00
   0.292705E+01  0.764786E+00
   0.292747E+01  0.765894E+00
   0.292790E+01  0.766963E+00
   0.292833E+01  0.768034E+00
   0.292876E+01  0.769065E+00
   0.292919E+01  0.770041E+00
   0.292962E+01  0.771023E+00
   0.293005E+01  0.772012E+00
   0.293048E+01  0.772995E+00
   0.293091E+01  0.773983E+00
   0.293134E+01  0.775000E+00
   0.293177E+01  0.775946E+00
   0.293198E+01  0.776378E+00
   0.293220E+01  0.776746E+00
   0.293237E+01  0.777045E+00
   0.293254E+01  0.777286E+00
   0.293271E+01  0.777567E+00
   0.293288E+01  0.777787E+00
   0.293306E+01  0.778030E+00
   0.293323E+01  0.778237E+00
   0.293340E+01  0.778416E+00
   0.293357E+01  0.778580E+00
   0.293374E+01  0.778729E+00
   0.293392E+01  0.778849E+00
   0.293409E+01  0.778866E+00
   0.293426E+01  0.778898E+00
   0.293443E+01  0.778872E+00
   0.293460E+01  0.778808E+00
   0.293469E+01  0.778736E+00
   0.293478E+01  0.778716E+00
   0.293486E+01  0.778599E+00
   0.293495E+01  0.778512E+00
   0.293512E+01  0.778266E+00
   0.293529E+01  0.777954E+00
   0.293547E+01  0.777650E+00
   0.293555E+01  0.777483E+00
   0.293564E+01  0.777266E+00
   0.293573E+01  0.777064E+00
   0.293581E+01  0.776723E+00
   0.293590E+01  0.776297E+00
   0.293598E+01  0.775807E+00
   0.293607E+01  0.775232E+00
   0.293616E+01  0.774616E+00
   0.293624E+01  0.773982E+00
   0.293633E+01  0.773420E+00
   0.293642E+01  0.772875E+00
   0.293650E+01  0.772325E+00
   0.293667E+01  0.771369E+00
   0.293685E+01  0.770461E+00
   0.293702E+01  0.769566E+00
   0.293719E+01  0.768909E+00
   0.293728E+01  0.768613E+00
   0.293736E+01  0.768442E+00
   0.293745E+01  0.768305E+00
   0.293754E+01  0.768243E+00
   0.293762E+01  0.768223E+00
   0.293771E+01  0.768299E+00
   0.293780E+01  0.768390E+00
   0.293788E+01  0.768549E+00
   0.293797E+01  0.768736E+00
   0.293805E+01  0.768958E+00
   0.293814E+01  0.769284E+00
   0.293823E+01  0.769583E+00
   0.293831E+01  0.770022E+00
   0.293840E+01  0.770497E+00
   0.293857E+01  0.771557E+00
   0.293874E+01  0.773057E+00
   0.293892E+01  0.774536E+00
   0.293900E+01  0.775155E+00
   0.293909E+01  0.775660E+00
   0.293918E+01  0.776125E+00
   0.293926E+01  0.776423E+00
   0.293935E+01  0.776693E+00
   0.293944E+01  0.776869E+00
   0.293952E+01  0.776980E+00
   0.293961E+01  0.777185E+00
   0.293978E+01  0.777560E+00
   0.293995E+01  0.778046E+00
   0.294004E+01  0.778356E+00
   0.294013E+01  0.778785E+00
   0.294021E+01  0.779259E+00
   0.294030E+01  0.779794E+00
   0.294039E+01  0.780405E+00
   0.294047E+01  0.781095E+00
   0.294056E+01  0.781809E+00
   0.294065E+01  0.782581E+00
   0.294073E+01  0.783348E+00
   0.294082E+01  0.784119E+00
   0.294104E+01  0.786012E+00
   0.294125E+01  0.787513E+00
   0.294136E+01  0.788047E+00
   0.294147E+01  0.788385E+00
   0.294158E+01  0.788693E+00
   0.294169E+01  0.788946E+00
   0.294179E+01  0.789183E+00
   0.294190E+01  0.789429E+00
   0.294212E+01  0.789836E+00
   0.294233E+01  0.790243E+00
   0.294255E+01  0.790588E+00
   0.294277E+01  0.790957E+00
   0.294298E+01  0.791288E+00
   0.294309E+01  0.791458E+00
   0.294320E+01  0.791603E+00
   0.294331E+01  0.791732E+00
   0.294342E+01  0.791886E+00
   0.294363E+01  0.792155E+00
   0.294374E+01  0.792285E+00
   0.294385E+01  0.792448E+00
   0.294396E+01  0.792594E+00
   0.294407E+01  0.792790E+00
   0.294428E+01  0.793133E+00
   0.294450E+01  0.793437E+00
   0.294472E+01  0.793782E+00
   0.294493E+01  0.794087E+00
   0.294515E+01  0.794294E+00
   0.294526E+01  0.794427E+00
   0.294537E+01  0.794477E+00
   0.294558E+01  0.794628E+00
   0.294580E+01  0.794720E+00
   0.294602E+01  0.794780E+00
   0.294624E+01  0.794742E+00
   0.294645E+01  0.794670E+00
   0.294667E+01  0.794722E+00
   0.294689E+01  0.794856E+00
   0.294710E+01  0.795139E+00
   0.294732E+01  0.795448E+00
   0.294776E+01  0.796209E+00
   0.294862E+01  0.797913E+00
   0.294906E+01  0.798832E+00
   0.294950E+01  0.799818E+00
   0.294993E+01  0.800915E+00
   0.295037E+01  0.802055E+00
   0.295124E+01  0.804534E+00
   0.295211E+01  0.807106E+00
   0.295298E+01  0.809664E+00
   0.295342E+01  0.810929E+00
   0.295363E+01  0.811567E+00
   0.295385E+01  0.812141E+00
   0.295407E+01  0.812625E+00
   0.295429E+01  0.813139E+00
   0.295451E+01  0.813749E+00
   0.295472E+01  0.814382E+00
   0.295516E+01  0.815810E+00
   0.295560E+01  0.817225E+00
   0.295604E+01  0.818666E+00
   0.295647E+01  0.820113E+00
   0.295691E+01  0.821617E+00
   0.295735E+01  0.823088E+00
   0.295822E+01  0.826041E+00
   0.295910E+01  0.829003E+00
   0.295997E+01  0.831907E+00
   0.296041E+01  0.833297E+00
   0.296085E+01  0.834692E+00
   0.296129E+01  0.835913E+00
   0.296173E+01  0.837145E+00
   0.296217E+01  0.838311E+00
   0.296260E+01  0.839511E+00
   0.296348E+01  0.841796E+00
   0.296436E+01  0.843934E+00
   0.296524E+01  0.845906E+00
   0.296612E+01  0.847838E+00
   0.296700E+01  0.849754E+00
   0.296788E+01  0.851510E+00
   0.296876E+01  0.853139E+00
   0.296964E+01  0.854728E+00
   0.297052E+01  0.856233E+00
   0.297141E+01  0.857746E+00
   0.297229E+01  0.859213E+00
   0.297317E+01  0.860561E+00
   0.297406E+01  0.861957E+00
   0.297494E+01  0.863328E+00
   0.297539E+01  0.863841E+00
   0.297583E+01  0.864428E+00
   0.297627E+01  0.864990E+00
   0.297672E+01  0.865512E+00
   0.297716E+01  0.866007E+00
   0.297760E+01  0.866445E+00
   0.297804E+01  0.866811E+00
   0.297849E+01  0.867238E+00
   0.297893E+01  0.867592E+00
   0.297938E+01  0.867888E+00
   0.298026E+01  0.868513E+00
   0.298115E+01  0.869081E+00
   0.298204E+01  0.869607E+00
   0.298226E+01  0.869643E+00
   0.298249E+01  0.869726E+00
   0.298271E+01  0.869884E+00
   0.298293E+01  0.869998E+00
   0.298382E+01  0.870253E+00
   0.298471E+01  0.870477E+00
   0.298516E+01  0.870536E+00
   0.298538E+01  0.870557E+00
   0.298560E+01  0.870579E+00
   0.298583E+01  0.870647E+00
   0.298605E+01  0.870575E+00
   0.298627E+01  0.870612E+00
   0.298650E+01  0.870479E+00
   0.298672E+01  0.870423E+00
   0.298694E+01  0.870368E+00
   0.298739E+01  0.870117E+00
   0.298783E+01  0.869914E+00
   0.298828E+01  0.869526E+00
   0.298873E+01  0.869170E+00
   0.298917E+01  0.868708E+00
   0.298935E+01  0.868503E+00
   0.298953E+01  0.868298E+00
   0.298971E+01  0.868048E+00
   0.298989E+01  0.867828E+00
   0.299007E+01  0.867428E+00
   0.299025E+01  0.867060E+00
   0.299043E+01  0.866618E+00
   0.299061E+01  0.866073E+00
   0.299069E+01  0.865668E+00
   0.299078E+01  0.865338E+00
   0.299087E+01  0.865054E+00
   0.299096E+01  0.864521E+00
   0.299105E+01  0.864078E+00
   0.299114E+01  0.863332E+00
   0.299123E+01  0.862302E+00
   0.299132E+01  0.860798E+00
   0.299141E+01  0.858798E+00
   0.299150E+01  0.856055E+00
   0.299159E+01  0.852964E+00
   0.299168E+01  0.849310E+00
   0.299177E+01  0.845764E+00
   0.299186E+01  0.842781E+00
   0.299190E+01  0.841581E+00
   0.299195E+01  0.840608E+00
   0.299199E+01  0.840093E+00
   0.299204E+01  0.839651E+00
   0.299208E+01  0.839744E+00
   0.299213E+01  0.840158E+00
   0.299217E+01  0.840836E+00
   0.299221E+01  0.841746E+00
   0.299226E+01  0.842579E+00
   0.299231E+01  0.843418E+00
   0.299240E+01  0.844753E+00
   0.299248E+01  0.845916E+00
   0.299257E+01  0.846676E+00
   0.299266E+01  0.847112E+00
   0.299271E+01  0.847084E+00
   0.299275E+01  0.847056E+00
   0.299280E+01  0.846966E+00
   0.299284E+01  0.846763E+00
   0.299293E+01  0.846257E+00
   0.299302E+01  0.845416E+00
   0.299311E+01  0.844421E+00
   0.299320E+01  0.843385E+00
   0.299329E+01  0.842309E+00
   0.299342E+01  0.840557E+00
   0.299365E+01  0.837698E+00
   0.299387E+01  0.834730E+00
   0.299410E+01  0.831574E+00
   0.299432E+01  0.828210E+00
   0.299455E+01  0.824750E+00
   0.299473E+01  0.821844E+00
   0.299495E+01  0.818230E+00
   0.299540E+01  0.810045E+00
   0.299585E+01  0.801075E+00
   0.299630E+01  0.791637E+00
   0.299652E+01  0.786620E+00
   0.299675E+01  0.781738E+00
   0.299720E+01  0.771328E+00
   0.299765E+01  0.760692E+00
   0.299810E+01  0.749507E+00
   0.299855E+01  0.737746E+00
   0.299899E+01  0.725535E+00
   0.299922E+01  0.719202E+00
   0.299945E+01  0.712844E+00
   0.299967E+01  0.706253E+00
   0.299990E+01  0.699527E+00
   0.300012E+01  0.692723E+00
   0.300034E+01  0.685824E+00
   0.300057E+01  0.678860E+00
   0.300080E+01  0.671734E+00
   0.300102E+01  0.664564E+00
   0.300124E+01  0.657255E+00
   0.300147E+01  0.649713E+00
   0.300170E+01  0.642010E+00
   0.300224E+01  0.622789E+00
   0.300260E+01  0.609542E+00
   0.300296E+01  0.595870E+00
   0.300314E+01  0.588661E+00
   0.300332E+01  0.581032E+00
   0.300350E+01  0.573325E+00
   0.300368E+01  0.565497E+00
   0.300386E+01  0.557694E+00
   0.300404E+01  0.549867E+00
   0.300422E+01  0.541753E+00
   0.300440E+01  0.533578E+00
   0.300458E+01  0.525124E+00
   0.300476E+01  0.516522E+00
   0.300494E+01  0.507756E+00
   0.300512E+01  0.498749E+00
   0.300530E+01  0.489473E+00
   0.300549E+01  0.479673E+00
   0.300567E+01  0.469378E+00
   0.300585E+01  0.458362E+00
   0.300603E+01  0.446451E+00
   0.300621E+01  0.434303E+00
   0.300639E+01  0.421836E+00
   0.300657E+01  0.409001E+00
   0.300675E+01  0.395464E+00
   0.300693E+01  0.381970E+00
   0.300711E+01  0.370381E+00
   0.300720E+01  0.365090E+00
   0.300729E+01  0.360336E+00
   0.300738E+01  0.355818E+00
   0.300747E+01  0.351523E+00
   0.300757E+01  0.347519E+00
   0.300766E+01  0.343971E+00
   0.300775E+01  0.340941E+00
   0.300784E+01  0.338701E+00
   0.300793E+01  0.337111E+00
   0.300802E+01  0.336247E+00
   0.300811E+01  0.335784E+00
   0.300815E+01  0.335751E+00
   0.300820E+01  0.335989E+00
   0.300829E+01  0.336940E+00
   0.300838E+01  0.338419E+00
   0.300847E+01  0.340478E+00
   0.300856E+01  0.342838E+00
   0.300865E+01  0.345528E+00
   0.300874E+01  0.348582E+00
   0.300883E+01  0.352290E+00
   0.300892E+01  0.356798E+00
   0.300901E+01  0.361992E+00
   0.300910E+01  0.367706E+00
   0.300929E+01  0.380546E+00
   0.300937E+01  0.387228E+00
   0.300947E+01  0.393776E+00
   0.300956E+01  0.399545E+00
   0.300965E+01  0.403974E+00
   0.300974E+01  0.407460E+00
   0.300983E+01  0.409645E+00
   0.300992E+01  0.410948E+00
   0.301001E+01  0.411634E+00
   0.301010E+01  0.412273E+00
   0.301019E+01  0.413287E+00
   0.301028E+01  0.414956E+00
   0.301033E+01  0.416118E+00
   0.301037E+01  0.417605E+00
   0.301042E+01  0.419265E+00
   0.301046E+01  0.421650E+00
   0.301051E+01  0.424327E+00
   0.301055E+01  0.427813E+00
   0.301064E+01  0.436112E+00
   0.301073E+01  0.446008E+00
   0.301083E+01  0.458085E+00
   0.301092E+01  0.471540E+00
   0.301110E+01  0.499225E+00
   0.301128E+01  0.526911E+00
   0.301137E+01  0.540945E+00
   0.301146E+01  0.554435E+00
   0.301155E+01  0.567937E+00
   0.301164E+01  0.580862E+00
   0.301173E+01  0.592355E+00
   0.301182E+01  0.601765E+00
   0.301187E+01  0.605700E+00
   0.301191E+01  0.608750E+00
   0.301196E+01  0.611178E+00
   0.301200E+01  0.612707E+00
   0.301205E+01  0.613525E+00
   0.301210E+01  0.613424E+00
   0.301214E+01  0.612705E+00
   0.301219E+01  0.610778E+00
   0.301223E+01  0.608136E+00
   0.301228E+01  0.604303E+00
   0.301232E+01  0.599979E+00
   0.301237E+01  0.594516E+00
   0.301241E+01  0.587856E+00
   0.301246E+01  0.579985E+00
   0.301255E+01  0.561681E+00
   0.301264E+01  0.543046E+00
   0.301268E+01  0.534467E+00
   0.301273E+01  0.527611E+00
   0.301278E+01  0.522280E+00
   0.301282E+01  0.518898E+00
   0.301287E+01  0.518281E+00
   0.301291E+01  0.520831E+00
   0.301296E+01  0.525510E+00
   0.301300E+01  0.532962E+00
   0.301305E+01  0.542401E+00
   0.301309E+01  0.554594E+00
   0.301318E+01  0.584780E+00
   0.301328E+01  0.615698E+00
   0.301337E+01  0.643575E+00
   0.301346E+01  0.669789E+00
   0.301355E+01  0.691146E+00
   0.301364E+01  0.708751E+00
   0.301373E+01  0.722374E+00
   0.301382E+01  0.733744E+00
   0.301391E+01  0.742410E+00
   0.301400E+01  0.749522E+00
   0.301409E+01  0.755163E+00
   0.301418E+01  0.760139E+00
   0.301427E+01  0.764685E+00
   0.301437E+01  0.768845E+00
   0.301446E+01  0.773299E+00
   0.301464E+01  0.782664E+00
   0.301482E+01  0.792653E+00
   0.301495E+01  0.799938E+00
   0.301513E+01  0.808443E+00
   0.301523E+01  0.812070E+00
   0.301532E+01  0.815314E+00
   0.301541E+01  0.818259E+00
   0.301550E+01  0.820831E+00
   0.301559E+01  0.822988E+00
   0.301568E+01  0.824999E+00
   0.301577E+01  0.826778E+00
   0.301586E+01  0.828428E+00
   0.301604E+01  0.831489E+00
   0.301622E+01  0.834589E+00
   0.301641E+01  0.837591E+00
   0.301659E+01  0.840267E+00
   0.301677E+01  0.842693E+00
   0.301695E+01  0.844740E+00
   0.301714E+01  0.846530E+00
   0.301732E+01  0.848153E+00
   0.301750E+01  0.849642E+00
   0.301768E+01  0.850951E+00
   0.301786E+01  0.852316E+00
   0.301805E+01  0.853426E+00
   0.301823E+01  0.854602E+00
   0.301841E+01  0.855652E+00
   0.301859E+01  0.856698E+00
   0.301878E+01  0.857599E+00
   0.301896E+01  0.858522E+00
   0.301914E+01  0.859396E+00
   0.301932E+01  0.860118E+00
   0.301951E+01  0.860831E+00
   0.301969E+01  0.861462E+00
   0.301987E+01  0.861993E+00
   0.302010E+01  0.862658E+00
   0.302033E+01  0.863135E+00
   0.302055E+01  0.863614E+00
   0.302078E+01  0.864065E+00
   0.302101E+01  0.864414E+00
   0.302124E+01  0.864854E+00
   0.302147E+01  0.865190E+00
   0.302169E+01  0.865452E+00
   0.302192E+01  0.865745E+00
   0.302215E+01  0.865887E+00
   0.302238E+01  0.866105E+00
   0.302261E+01  0.866247E+00
   0.302279E+01  0.866194E+00
   0.302297E+01  0.866034E+00
   0.302316E+01  0.865646E+00
   0.302334E+01  0.865336E+00
   0.302352E+01  0.864770E+00
   0.302371E+01  0.863953E+00
   0.302389E+01  0.863068E+00
   0.302398E+01  0.862385E+00
   0.302407E+01  0.861559E+00
   0.302416E+01  0.860595E+00
   0.302425E+01  0.859467E+00
   0.302434E+01  0.858109E+00
   0.302444E+01  0.856668E+00
   0.302453E+01  0.855039E+00
   0.302462E+01  0.853133E+00
   0.302471E+01  0.851151E+00
   0.302480E+01  0.848966E+00
   0.302489E+01  0.846473E+00
   0.302494E+01  0.845056E+00
   0.302499E+01  0.843480E+00
   0.302503E+01  0.841824E+00
   0.302508E+01  0.839668E+00
   0.302517E+01  0.834869E+00
   0.302526E+01  0.828555E+00
   0.302535E+01  0.821540E+00
   0.302544E+01  0.813585E+00
   0.302554E+01  0.804770E+00
   0.302563E+01  0.795102E+00
   0.302567E+01  0.791180E+00
   0.302572E+01  0.788023E+00
   0.302576E+01  0.785618E+00
   0.302581E+01  0.784278E+00
   0.302586E+01  0.784266E+00
   0.302590E+01  0.785290E+00
   0.302595E+01  0.786988E+00
   0.302599E+01  0.789209E+00
   0.302604E+01  0.792078E+00
   0.302608E+01  0.795563E+00
   0.302618E+01  0.803709E+00
   0.302627E+01  0.812853E+00
   0.302636E+01  0.821526E+00
   0.302645E+01  0.829833E+00
   0.302654E+01  0.837013E+00
   0.302663E+01  0.842700E+00
   0.302672E+01  0.846411E+00
   0.302682E+01  0.848949E+00
   0.302691E+01  0.851008E+00
   0.302700E+01  0.852522E+00
   0.302709E+01  0.853891E+00
   0.302718E+01  0.855194E+00
   0.302727E+01  0.856400E+00
   0.302737E+01  0.857491E+00
   0.302746E+01  0.858437E+00
   0.302755E+01  0.859348E+00
   0.302764E+01  0.860137E+00
   0.302773E+01  0.860756E+00
   0.302783E+01  0.861262E+00
   0.302792E+01  0.861697E+00
   0.302810E+01  0.862233E+00
   0.302828E+01  0.862624E+00
   0.302847E+01  0.862764E+00
   0.302865E+01  0.862712E+00
   0.302883E+01  0.862511E+00
   0.302902E+01  0.862178E+00
   0.302920E+01  0.861832E+00
   0.302939E+01  0.861428E+00
   0.302957E+01  0.860908E+00
   0.302975E+01  0.860260E+00
   0.302994E+01  0.859486E+00
   0.303012E+01  0.858675E+00
   0.303030E+01  0.857656E+00
   0.303039E+01  0.857002E+00
   0.303049E+01  0.856337E+00
   0.303058E+01  0.855551E+00
   0.303067E+01  0.854563E+00
   0.303076E+01  0.853543E+00
   0.303085E+01  0.852328E+00
   0.303095E+01  0.850884E+00
   0.303104E+01  0.849195E+00
   0.303113E+01  0.846958E+00
   0.303122E+01  0.843876E+00
   0.303131E+01  0.840478E+00
   0.303140E+01  0.837516E+00
   0.303150E+01  0.835587E+00
   0.303154E+01  0.835208E+00
   0.303159E+01  0.835217E+00
   0.303164E+01  0.835438E+00
   0.303168E+01  0.835991E+00
   0.303173E+01  0.836594E+00
   0.303177E+01  0.837594E+00
   0.303182E+01  0.838675E+00
   0.303186E+01  0.839692E+00
   0.303191E+01  0.840816E+00
   0.303196E+01  0.841864E+00
   0.303200E+01  0.842909E+00
   0.303205E+01  0.843584E+00
   0.303214E+01  0.844590E+00
   0.303223E+01  0.845146E+00
   0.303233E+01  0.845192E+00
   0.303242E+01  0.845149E+00
   0.303251E+01  0.844852E+00
   0.303260E+01  0.844479E+00
   0.303269E+01  0.844069E+00
   0.303288E+01  0.843078E+00
   0.303306E+01  0.842095E+00
   0.303315E+01  0.841743E+00
   0.303324E+01  0.841342E+00
   0.303334E+01  0.841078E+00
   0.303343E+01  0.840851E+00
   0.303352E+01  0.840625E+00
   0.303361E+01  0.840473E+00
   0.303370E+01  0.840309E+00
   0.303380E+01  0.840206E+00
   0.303389E+01  0.840091E+00
   0.303398E+01  0.840087E+00
   0.303407E+01  0.840156E+00
   0.303416E+01  0.840335E+00
   0.303426E+01  0.840589E+00
   0.303435E+01  0.841065E+00
   0.303444E+01  0.841555E+00
   0.303453E+01  0.842246E+00
   0.303472E+01  0.843755E+00
   0.303490E+01  0.845475E+00
   0.303509E+01  0.847065E+00
   0.303527E+01  0.848309E+00
   0.303536E+01  0.848804E+00
   0.303545E+01  0.849196E+00
   0.303564E+01  0.849624E+00
   0.303582E+01  0.849881E+00
   0.303601E+01  0.850139E+00
   0.303610E+01  0.850401E+00
   0.303619E+01  0.850704E+00
   0.303628E+01  0.851251E+00
   0.303638E+01  0.852125E+00
   0.303647E+01  0.853196E+00
   0.303656E+01  0.854721E+00
   0.303665E+01  0.856197E+00
   0.303674E+01  0.857536E+00
   0.303684E+01  0.858703E+00
   0.303693E+01  0.859738E+00
   0.303711E+01  0.861484E+00
   0.303730E+01  0.862974E+00
   0.303748E+01  0.864273E+00
   0.303757E+01  0.864845E+00
   0.303767E+01  0.865374E+00
   0.303776E+01  0.865814E+00
   0.303785E+01  0.866410E+00
   0.303804E+01  0.867160E+00
   0.303813E+01  0.867452E+00
   0.303822E+01  0.867729E+00
   0.303831E+01  0.868037E+00
   0.303841E+01  0.868206E+00
   0.303850E+01  0.868390E+00
   0.303859E+01  0.868481E+00
   0.303878E+01  0.868568E+00
   0.303896E+01  0.868654E+00
   0.303915E+01  0.868710E+00
   0.303924E+01  0.868706E+00
   0.303933E+01  0.868765E+00
   0.303942E+01  0.868698E+00
   0.303952E+01  0.868631E+00
   0.303970E+01  0.868497E+00
   0.303988E+01  0.868269E+00
   0.304007E+01  0.868073E+00
   0.304025E+01  0.867924E+00
   0.304044E+01  0.867651E+00
   0.304062E+01  0.867503E+00
   0.304072E+01  0.867483E+00
   0.304081E+01  0.867432E+00
   0.304090E+01  0.867382E+00
   0.304099E+01  0.867409E+00
   0.304109E+01  0.867436E+00
   0.304118E+01  0.867417E+00
   0.304127E+01  0.867397E+00
   0.304136E+01  0.867316E+00
   0.304146E+01  0.867140E+00
   0.304155E+01  0.867012E+00
   0.304173E+01  0.866554E+00
   0.304192E+01  0.866022E+00
   0.304210E+01  0.865506E+00
   0.304229E+01  0.864872E+00
   0.304238E+01  0.864593E+00
   0.304247E+01  0.864301E+00
   0.304257E+01  0.863978E+00
   0.304266E+01  0.863823E+00
   0.304275E+01  0.863684E+00
   0.304284E+01  0.863529E+00
   0.304294E+01  0.863434E+00
   0.304303E+01  0.863385E+00
   0.304312E+01  0.863471E+00
   0.304331E+01  0.863509E+00
   0.304377E+01  0.863806E+00
   0.304400E+01  0.863931E+00
   0.304423E+01  0.864104E+00
   0.304447E+01  0.864245E+00
   0.304470E+01  0.864403E+00
   0.304493E+01  0.864484E+00
   0.304516E+01  0.864626E+00
   0.304539E+01  0.864632E+00
   0.304562E+01  0.864637E+00
   0.304609E+01  0.864556E+00
   0.304655E+01  0.864475E+00
   0.304725E+01  0.864293E+00
   0.304748E+01  0.864207E+00
   0.304771E+01  0.864151E+00
   0.304795E+01  0.863989E+00
   0.304841E+01  0.863696E+00
   0.304887E+01  0.863389E+00
   0.304934E+01  0.862947E+00
   0.304981E+01  0.862566E+00
   0.305027E+01  0.862036E+00
   0.305074E+01  0.861524E+00
   0.305120E+01  0.860999E+00
   0.305213E+01  0.859809E+00
   0.305241E+01  0.859416E+00
   0.305260E+01  0.859130E+00
   0.305279E+01  0.858860E+00
   0.305307E+01  0.858383E+00
   0.305353E+01  0.857511E+00
   0.305400E+01  0.856559E+00
   0.305493E+01  0.854663E+00
   0.305512E+01  0.854248E+00
   0.305521E+01  0.853936E+00
   0.305530E+01  0.853653E+00
   0.305540E+01  0.853204E+00
   0.305549E+01  0.852647E+00
   0.305558E+01  0.851927E+00
   0.305568E+01  0.851075E+00
   0.305577E+01  0.850014E+00
   0.305586E+01  0.848281E+00
   0.305596E+01  0.846141E+00
   0.305605E+01  0.843718E+00
   0.305614E+01  0.841756E+00
   0.305619E+01  0.841176E+00
   0.305624E+01  0.840860E+00
   0.305628E+01  0.840821E+00
   0.305633E+01  0.841006E+00
   0.305638E+01  0.841393E+00
   0.305642E+01  0.841919E+00
   0.305647E+01  0.842664E+00
   0.305652E+01  0.843593E+00
   0.305661E+01  0.845705E+00
   0.305671E+01  0.847763E+00
   0.305680E+01  0.849306E+00
   0.305689E+01  0.850353E+00
   0.305699E+01  0.850824E+00
   0.305708E+01  0.851091E+00
   0.305717E+01  0.851251E+00
   0.305727E+01  0.851288E+00
   0.305736E+01  0.851310E+00
   0.305745E+01  0.851251E+00
   0.305755E+01  0.851261E+00
   0.305764E+01  0.851175E+00
   0.305773E+01  0.850979E+00
   0.305792E+01  0.850644E+00
   0.305811E+01  0.850256E+00
   0.305829E+01  0.849746E+00
   0.305848E+01  0.849227E+00
   0.305867E+01  0.848548E+00
   0.305876E+01  0.848236E+00
   0.305886E+01  0.847833E+00
   0.305904E+01  0.847004E+00
   0.305923E+01  0.846128E+00
   0.305942E+01  0.845089E+00
   0.305960E+01  0.844175E+00
   0.305979E+01  0.843446E+00
   0.305998E+01  0.842772E+00
   0.306007E+01  0.842488E+00
   0.306017E+01  0.842255E+00
   0.306035E+01  0.841878E+00
   0.306054E+01  0.841578E+00
   0.306064E+01  0.841460E+00
   0.306073E+01  0.841380E+00
   0.306082E+01  0.841325E+00
   0.306092E+01  0.841434E+00
   0.306101E+01  0.841454E+00
   0.306110E+01  0.841537E+00
   0.306120E+01  0.841659E+00
   0.306129E+01  0.841870E+00
   0.306138E+01  0.842017E+00
   0.306148E+01  0.842228E+00
   0.306167E+01  0.842703E+00
   0.306185E+01  0.843076E+00
   0.306204E+01  0.843516E+00
   0.306223E+01  0.843918E+00
   0.306242E+01  0.844322E+00
   0.306251E+01  0.844460E+00
   0.306260E+01  0.844611E+00
   0.306270E+01  0.844710E+00
   0.306279E+01  0.844588E+00
   0.306289E+01  0.844532E+00
   0.306298E+01  0.844541E+00
   0.306307E+01  0.844601E+00
   0.306317E+01  0.844778E+00
   0.306326E+01  0.844891E+00
   0.306335E+01  0.845237E+00
   0.306354E+01  0.845986E+00
   0.306373E+01  0.846714E+00
   0.306392E+01  0.847327E+00
   0.306411E+01  0.847930E+00
   0.306420E+01  0.848193E+00
   0.306429E+01  0.848389E+00
   0.306439E+01  0.848572E+00
   0.306448E+01  0.848755E+00
   0.306457E+01  0.848899E+00
   0.306467E+01  0.849016E+00
   0.306486E+01  0.849209E+00
   0.306495E+01  0.849245E+00
   0.306504E+01  0.849322E+00
   0.306514E+01  0.849277E+00
   0.306523E+01  0.849191E+00
   0.306533E+01  0.849106E+00
   0.306542E+01  0.849007E+00
   0.306551E+01  0.848586E+00
   0.306561E+01  0.848260E+00
   0.306570E+01  0.847775E+00
   0.306580E+01  0.847304E+00
   0.306589E+01  0.846770E+00
   0.306598E+01  0.846211E+00
   0.306608E+01  0.845603E+00
   0.306617E+01  0.844984E+00
   0.306627E+01  0.844641E+00
   0.306636E+01  0.844481E+00
   0.306645E+01  0.844502E+00
   0.306655E+01  0.844823E+00
   0.306664E+01  0.845222E+00
   0.306674E+01  0.845781E+00
   0.306692E+01  0.846826E+00
   0.306711E+01  0.847641E+00
   0.306730E+01  0.848233E+00
   0.306739E+01  0.848390E+00
   0.306749E+01  0.848546E+00
   0.306758E+01  0.848556E+00
   0.306782E+01  0.848585E+00
   0.306805E+01  0.848547E+00
   0.306829E+01  0.848455E+00
   0.306853E+01  0.848404E+00
   0.306876E+01  0.848326E+00
   0.306900E+01  0.848274E+00
   0.306923E+01  0.848169E+00
   0.306947E+01  0.848037E+00
   0.306994E+01  0.847894E+00
   0.307088E+01  0.847516E+00
   0.307182E+01  0.846965E+00
   0.307230E+01  0.846743E+00
   0.307277E+01  0.846455E+00
   0.307324E+01  0.846115E+00
   0.307371E+01  0.845828E+00
   0.307418E+01  0.845490E+00
   0.307466E+01  0.845112E+00
   0.307513E+01  0.844710E+00
   0.307560E+01  0.844295E+00
   0.307655E+01  0.843417E+00
   0.307702E+01  0.843007E+00
   0.307750E+01  0.842558E+00
   0.307844E+01  0.841742E+00
   0.307892E+01  0.841348E+00
   0.307916E+01  0.841272E+00
   0.307939E+01  0.841184E+00
   0.307987E+01  0.841008E+00
   0.308034E+01  0.840909E+00
   0.308082E+01  0.840847E+00
   0.308129E+01  0.840735E+00
   0.308176E+01  0.840661E+00
   0.308224E+01  0.840485E+00
   0.308271E+01  0.840347E+00
   0.308414E+01  0.839720E+00
   0.308604E+01  0.838895E+00
   0.308795E+01  0.838211E+00
   0.308986E+01  0.837479E+00
   0.309177E+01  0.836750E+00
   0.309225E+01  0.836552E+00
   0.309273E+01  0.836355E+00
   0.309321E+01  0.836183E+00
   0.309368E+01  0.835912E+00
   0.309464E+01  0.835716E+00
   0.309560E+01  0.835360E+00
   0.309656E+01  0.835090E+00
   0.309752E+01  0.835042E+00
   0.309800E+01  0.835018E+00
   0.309848E+01  0.834969E+00
   0.309896E+01  0.834969E+00
   0.309944E+01  0.835043E+00
   0.310040E+01  0.835155E+00
   0.310136E+01  0.835267E+00
   0.310184E+01  0.835427E+00
   0.310232E+01  0.835539E+00
   0.310280E+01  0.835676E+00
   0.310329E+01  0.835775E+00
   0.310377E+01  0.835950E+00
   0.310425E+01  0.836150E+00
   0.310521E+01  0.836426E+00
   0.311004E+01  0.838289E+00
   0.311489E+01  0.839870E+00
   0.311586E+01  0.840159E+00
   0.311634E+01  0.840199E+00
   0.311659E+01  0.840369E+00
   0.311683E+01  0.840384E+00
   0.311707E+01  0.840437E+00
   0.311732E+01  0.840399E+00
   0.311756E+01  0.840387E+00
   0.311780E+01  0.840284E+00
   0.311804E+01  0.840234E+00
   0.311829E+01  0.840157E+00
   0.311853E+01  0.840041E+00
   0.311877E+01  0.839991E+00
   0.311926E+01  0.839940E+00
   0.311975E+01  0.839956E+00
   0.312023E+01  0.839906E+00
   0.312048E+01  0.839868E+00
   0.312072E+01  0.839830E+00
   0.312096E+01  0.839702E+00
   0.312121E+01  0.839574E+00
   0.312145E+01  0.839458E+00
   0.312169E+01  0.839188E+00
   0.312194E+01  0.839009E+00
   0.312218E+01  0.838816E+00
   0.312243E+01  0.838547E+00
   0.312267E+01  0.838227E+00
   0.312316E+01  0.837539E+00
   0.312364E+01  0.836714E+00
   0.312413E+01  0.835756E+00
   0.312462E+01  0.834730E+00
   0.312511E+01  0.833625E+00
   0.312560E+01  0.832283E+00
   0.312609E+01  0.830833E+00
   0.312633E+01  0.830060E+00
   0.312657E+01  0.829147E+00
   0.312706E+01  0.827081E+00
   0.312755E+01  0.824791E+00
   0.312780E+01  0.823568E+00
   0.312804E+01  0.822288E+00
   0.312829E+01  0.820975E+00
   0.312853E+01  0.819595E+00
   0.312878E+01  0.818197E+00
   0.312902E+01  0.816660E+00
   0.312951E+01  0.813251E+00
   0.312971E+01  0.811864E+00
   0.312990E+01  0.810239E+00
   0.313010E+01  0.808541E+00
   0.313029E+01  0.806832E+00
   0.313049E+01  0.804973E+00
   0.313069E+01  0.802860E+00
   0.313088E+01  0.800679E+00
   0.313108E+01  0.798588E+00
   0.313128E+01  0.796640E+00
   0.313147E+01  0.794699E+00
   0.313167E+01  0.792847E+00
   0.313186E+01  0.790890E+00
   0.313206E+01  0.788885E+00
   0.313226E+01  0.786729E+00
   0.313235E+01  0.785575E+00
   0.313245E+01  0.784332E+00
   0.313265E+01  0.781663E+00
   0.313304E+01  0.776010E+00
   0.313343E+01  0.769756E+00
   0.313363E+01  0.766485E+00
   0.313383E+01  0.763080E+00
   0.313402E+01  0.759604E+00
   0.313442E+01  0.752162E+00
   0.313481E+01  0.744228E+00
   0.313501E+01  0.740186E+00
   0.313520E+01  0.735933E+00
   0.313530E+01  0.733659E+00
   0.313540E+01  0.731024E+00
   0.313550E+01  0.728261E+00
   0.313560E+01  0.725272E+00
   0.313579E+01  0.718820E+00
   0.313599E+01  0.712401E+00
   0.313619E+01  0.705973E+00
   0.313628E+01  0.702949E+00
   0.313638E+01  0.700172E+00
   0.313658E+01  0.695243E+00
   0.313668E+01  0.693246E+00
   0.313678E+01  0.691527E+00
   0.313687E+01  0.690063E+00
   0.313697E+01  0.689075E+00
   0.313707E+01  0.688708E+00
   0.313714E+01  0.688792E+00
   0.313717E+01  0.688934E+00
   0.313727E+01  0.689455E+00
   0.313737E+01  0.690108E+00
   0.313747E+01  0.690969E+00
   0.313756E+01  0.692043E+00
   0.313766E+01  0.693250E+00
   0.313776E+01  0.694785E+00
   0.313786E+01  0.696536E+00
   0.313796E+01  0.698897E+00
   0.313806E+01  0.701561E+00
   0.313815E+01  0.704782E+00
   0.313825E+01  0.708300E+00
   0.313835E+01  0.712099E+00
   0.313845E+01  0.715894E+00
   0.313855E+01  0.719388E+00
   0.313865E+01  0.721949E+00
   0.313875E+01  0.723918E+00
   0.313884E+01  0.725260E+00
   0.313894E+01  0.726067E+00
   0.313904E+01  0.726520E+00
   0.313914E+01  0.726574E+00
   0.313924E+01  0.726561E+00
   0.313934E+01  0.726682E+00
   0.313944E+01  0.727224E+00
   0.313953E+01  0.728388E+00
   0.313963E+01  0.730583E+00
   0.313973E+01  0.733846E+00
   0.313983E+01  0.738083E+00
   0.313993E+01  0.742911E+00
   0.314003E+01  0.748063E+00
   0.314012E+01  0.753301E+00
   0.314022E+01  0.758541E+00
   0.314032E+01  0.764017E+00
   0.314052E+01  0.775200E+00
   0.314072E+01  0.786467E+00
   0.314092E+01  0.797186E+00
   0.314111E+01  0.807162E+00
   0.314121E+01  0.811313E+00
   0.314131E+01  0.815287E+00
   0.314141E+01  0.818374E+00
   0.314151E+01  0.820965E+00
   0.314170E+01  0.824649E+00
   0.314180E+01  0.825828E+00
   0.314190E+01  0.826686E+00
   0.314200E+01  0.827429E+00
   0.314210E+01  0.828010E+00
   0.314220E+01  0.828497E+00
   0.314230E+01  0.828949E+00
   0.314240E+01  0.829355E+00
   0.314249E+01  0.829786E+00
   0.314259E+01  0.830122E+00
   0.314269E+01  0.830483E+00
   0.314279E+01  0.830844E+00
   0.314289E+01  0.831121E+00
   0.314299E+01  0.831349E+00
   0.314309E+01  0.831468E+00
   0.314318E+01  0.831598E+00
   0.314328E+01  0.831630E+00
   0.314338E+01  0.831502E+00
   0.314348E+01  0.831349E+00
   0.314358E+01  0.831222E+00
   0.314363E+01  0.831231E+00
   0.314368E+01  0.831315E+00
   0.314373E+01  0.831398E+00
   0.314378E+01  0.831618E+00
   0.314388E+01  0.832045E+00
   0.314398E+01  0.832511E+00
   0.314408E+01  0.833041E+00
   0.314427E+01  0.833932E+00
   0.314447E+01  0.834514E+00
   0.314467E+01  0.834883E+00
   0.314477E+01  0.835030E+00
   0.314487E+01  0.835089E+00
   0.314497E+01  0.835210E+00
   0.314506E+01  0.835243E+00
   0.314526E+01  0.835374E+00
   0.314551E+01  0.835463E+00
   0.314576E+01  0.835578E+00
   0.314600E+01  0.835655E+00
   0.314625E+01  0.835745E+00
   0.314650E+01  0.835758E+00
   0.314675E+01  0.835784E+00
   0.314699E+01  0.835797E+00
   0.314724E+01  0.835708E+00
   0.314749E+01  0.835683E+00
   0.314774E+01  0.835646E+00
   0.314798E+01  0.835557E+00
   0.314823E+01  0.835506E+00
   0.314873E+01  0.835354E+00
   0.314922E+01  0.835164E+00
   0.314972E+01  0.835012E+00
   0.315022E+01  0.834885E+00
   0.315071E+01  0.834708E+00
   0.315121E+01  0.834569E+00
   0.315171E+01  0.834405E+00
   0.315220E+01  0.834089E+00
   0.315245E+01  0.833976E+00
   0.315270E+01  0.833799E+00
   0.315295E+01  0.833585E+00
   0.315320E+01  0.833258E+00
   0.315345E+01  0.833032E+00
   0.315369E+01  0.832743E+00
   0.315394E+01  0.832506E+00
   0.315419E+01  0.832131E+00
   0.315469E+01  0.831522E+00
   0.315489E+01  0.831214E+00
   0.315499E+01  0.831085E+00
   0.315509E+01  0.830944E+00
   0.315519E+01  0.830828E+00
   0.315529E+01  0.830625E+00
   0.315539E+01  0.830423E+00
   0.315549E+01  0.830185E+00
   0.315558E+01  0.829872E+00
   0.315578E+01  0.829044E+00
   0.315598E+01  0.827579E+00
   0.315618E+01  0.825941E+00
   0.315628E+01  0.825377E+00
   0.315638E+01  0.825064E+00
   0.315648E+01  0.825071E+00
   0.315658E+01  0.825362E+00
   0.315668E+01  0.826022E+00
   0.315678E+01  0.826757E+00
   0.315688E+01  0.827485E+00
   0.315698E+01  0.828071E+00
   0.315718E+01  0.828801E+00
   0.315728E+01  0.829113E+00
   0.315748E+01  0.829469E+00
   0.315758E+01  0.829611E+00
   0.315768E+01  0.829753E+00
   0.315778E+01  0.829858E+00
   0.315788E+01  0.829915E+00
   0.315798E+01  0.829934E+00
   0.315808E+01  0.829979E+00
   0.315818E+01  0.829949E+00
   0.315843E+01  0.830010E+00
   0.315868E+01  0.829960E+00
   0.315893E+01  0.829960E+00
   0.315917E+01  0.829898E+00
   0.315967E+01  0.829700E+00
   0.316017E+01  0.829515E+00
   0.316067E+01  0.829159E+00
   0.316117E+01  0.828852E+00
   0.316167E+01  0.828521E+00
   0.316217E+01  0.828131E+00
   0.316242E+01  0.827948E+00
   0.316267E+01  0.827753E+00
   0.316317E+01  0.827268E+00
   0.316367E+01  0.826796E+00
   0.316417E+01  0.826301E+00
   0.316467E+01  0.825772E+00
   0.316518E+01  0.825280E+00
   0.316542E+01  0.824970E+00
   0.316568E+01  0.824636E+00
   0.316598E+01  0.824266E+00
   0.316618E+01  0.823936E+00
   0.316638E+01  0.823549E+00
   0.316658E+01  0.823186E+00
   0.316678E+01  0.822683E+00
   0.316698E+01  0.822147E+00
   0.316718E+01  0.821474E+00
   0.316738E+01  0.820747E+00
   0.316758E+01  0.819920E+00
   0.316778E+01  0.818961E+00
   0.316798E+01  0.817818E+00
   0.316808E+01  0.817103E+00
   0.316818E+01  0.816269E+00
   0.316828E+01  0.815296E+00
   0.316838E+01  0.814154E+00
   0.316849E+01  0.812825E+00
   0.316859E+01  0.811412E+00
   0.316869E+01  0.809576E+00
   0.316879E+01  0.807145E+00
   0.316889E+01  0.803762E+00
   0.316899E+01  0.799186E+00
   0.316909E+01  0.793014E+00
   0.316919E+01  0.784452E+00
   0.316929E+01  0.773577E+00
   0.316939E+01  0.761836E+00
   0.316949E+01  0.751059E+00
   0.316954E+01  0.746632E+00
   0.316959E+01  0.742912E+00
   0.316964E+01  0.740215E+00
   0.316969E+01  0.738587E+00
   0.316974E+01  0.738772E+00
   0.316979E+01  0.740422E+00
   0.316984E+01  0.743115E+00
   0.316989E+01  0.746734E+00
   0.316999E+01  0.756557E+00
   0.317009E+01  0.768354E+00
   0.317019E+01  0.779672E+00
   0.317029E+01  0.789372E+00
   0.317039E+01  0.796534E+00
   0.317049E+01  0.802287E+00
   0.317060E+01  0.806053E+00
   0.317069E+01  0.808837E+00
   0.317080E+01  0.810601E+00
   0.317090E+01  0.811932E+00
   0.317100E+01  0.812883E+00
   0.317110E+01  0.813730E+00
   0.317120E+01  0.814363E+00
   0.317130E+01  0.814943E+00
   0.317140E+01  0.815437E+00
   0.317150E+01  0.815887E+00
   0.317160E+01  0.816273E+00
   0.317170E+01  0.816614E+00
   0.317180E+01  0.816968E+00
   0.317190E+01  0.817233E+00
   0.317200E+01  0.817362E+00
   0.317220E+01  0.817487E+00
   0.317240E+01  0.817544E+00
   0.317261E+01  0.817488E+00
   0.317281E+01  0.817398E+00
   0.317296E+01  0.817277E+00
   0.317321E+01  0.817094E+00
   0.317346E+01  0.816855E+00
   0.317371E+01  0.816629E+00
   0.317422E+01  0.816085E+00
   0.317472E+01  0.815489E+00
   0.317523E+01  0.814893E+00
   0.317573E+01  0.814312E+00
   0.317624E+01  0.813601E+00
   0.317674E+01  0.812848E+00
   0.317724E+01  0.812111E+00
   0.317775E+01  0.811257E+00
   0.317825E+01  0.810387E+00
   0.317876E+01  0.809393E+00
   0.317927E+01  0.808480E+00
   0.318028E+01  0.806733E+00
   0.318129E+01  0.805098E+00
   0.318230E+01  0.803531E+00
   0.318331E+01  0.801938E+00
   0.318382E+01  0.801177E+00
   0.318433E+01  0.800380E+00
   0.318483E+01  0.799508E+00
   0.318534E+01  0.798549E+00
   0.318585E+01  0.797537E+00
   0.318636E+01  0.796375E+00
   0.318737E+01  0.793920E+00
   0.318839E+01  0.791370E+00
   0.318941E+01  0.788672E+00
   0.319042E+01  0.785836E+00
   0.319144E+01  0.782769E+00
   0.319246E+01  0.779503E+00
   0.319348E+01  0.776137E+00
   0.319450E+01  0.772644E+00
   0.319552E+01  0.768992E+00
   0.319654E+01  0.765305E+00
   0.319757E+01  0.761483E+00
   0.319859E+01  0.757529E+00
   0.319961E+01  0.753499E+00
   0.320064E+01  0.749354E+00
   0.320166E+01  0.745177E+00
   0.320269E+01  0.740858E+00
   0.320371E+01  0.736654E+00
   0.320474E+01  0.732514E+00
   0.320577E+01  0.728290E+00
   0.320680E+01  0.724136E+00
   0.320782E+01  0.720010E+00
   0.320885E+01  0.715919E+00
   0.320988E+01  0.711915E+00
   0.321203E+01  0.703831E+00
   0.321403E+01  0.696537E+00
   0.321603E+01  0.689679E+00
   0.321703E+01  0.686324E+00
   0.321803E+01  0.683197E+00
   0.321903E+01  0.680254E+00
   0.322003E+01  0.677372E+00
   0.322103E+01  0.674794E+00
   0.322203E+01  0.672488E+00
   0.322303E+01  0.670342E+00
   0.322403E+01  0.668287E+00
   0.322603E+01  0.664422E+00
   0.322803E+01  0.660819E+00
   0.323003E+01  0.657543E+00
   0.323053E+01  0.656750E+00
   0.323103E+01  0.656031E+00
   0.323153E+01  0.655337E+00
   0.323203E+01  0.654716E+00
   0.323253E+01  0.654149E+00
   0.323303E+01  0.653637E+00
   0.323353E+01  0.653204E+00
   0.323403E+01  0.652782E+00
   0.323453E+01  0.652469E+00
   0.323503E+01  0.652236E+00
   0.323553E+01  0.652059E+00
   0.323603E+01  0.651956E+00
   0.323653E+01  0.651921E+00
   0.323703E+01  0.651915E+00
   0.323753E+01  0.651970E+00
   0.323803E+01  0.652065E+00
   0.323903E+01  0.652436E+00
   0.324003E+01  0.652812E+00
   0.324103E+01  0.653132E+00
   0.324203E+01  0.653365E+00
   0.324253E+01  0.653443E+00
   0.324303E+01  0.653492E+00
   0.324353E+01  0.653500E+00
   0.324403E+01  0.653433E+00
   0.324453E+01  0.653281E+00
   0.324503E+01  0.653086E+00
   0.324553E+01  0.652811E+00
   0.324603E+01  0.652510E+00
   0.324653E+01  0.652182E+00
   0.324703E+01  0.651815E+00
   0.324753E+01  0.651404E+00
   0.324803E+01  0.651000E+00
   0.324853E+01  0.650555E+00
   0.324903E+01  0.650099E+00
   0.325003E+01  0.649084E+00
   0.325053E+01  0.648512E+00
   0.325103E+01  0.647938E+00
   0.325203E+01  0.646742E+00
   0.325303E+01  0.645587E+00
   0.325353E+01  0.645033E+00
   0.325403E+01  0.644508E+00
   0.325453E+01  0.644033E+00
   0.325503E+01  0.643588E+00
   0.325603E+01  0.642772E+00
   0.325703E+01  0.642090E+00
   0.325753E+01  0.641782E+00
   0.325803E+01  0.641560E+00
   0.325903E+01  0.641236E+00
   0.326003E+01  0.641043E+00
   0.326103E+01  0.640959E+00
   0.326153E+01  0.640947E+00
   0.326203E+01  0.640977E+00
   0.326253E+01  0.641028E+00
   0.326303E+01  0.641129E+00
   0.326353E+01  0.641264E+00
   0.326403E+01  0.641450E+00
   0.326453E+01  0.641657E+00
   0.326503E+01  0.641908E+00
   0.326603E+01  0.642512E+00
   0.326703E+01  0.643213E+00
   0.326803E+01  0.644066E+00
   0.326853E+01  0.644562E+00
   0.326903E+01  0.645085E+00
   0.326953E+01  0.645515E+00
   0.327003E+01  0.645803E+00
   0.327023E+01  0.645875E+00
   0.327043E+01  0.645875E+00
   0.327063E+01  0.645844E+00
   0.327073E+01  0.645809E+00
   0.327083E+01  0.645752E+00
   0.327103E+01  0.645538E+00
   0.327123E+01  0.645239E+00
   0.327143E+01  0.644818E+00
   0.327163E+01  0.644317E+00
   0.327183E+01  0.643770E+00
   0.327203E+01  0.643126E+00
   0.327223E+01  0.642449E+00
   0.327243E+01  0.641750E+00
   0.327263E+01  0.640981E+00
   0.327283E+01  0.640219E+00
   0.327303E+01  0.639405E+00
   0.327323E+01  0.638509E+00
   0.327395E+01  0.635149E+00
   0.327449E+01  0.632430E+00
   0.327502E+01  0.629507E+00
   0.327556E+01  0.626395E+00
   0.327610E+01  0.623148E+00
   0.327717E+01  0.616456E+00
   0.327825E+01  0.609403E+00
   0.327878E+01  0.605647E+00
   0.327932E+01  0.601901E+00
   0.328040E+01  0.594293E+00
   0.328147E+01  0.586625E+00
   0.328255E+01  0.578890E+00
   0.328363E+01  0.571323E+00
   0.328471E+01  0.563797E+00
   0.328579E+01  0.556191E+00
   0.328687E+01  0.548795E+00
   0.328795E+01  0.541469E+00
   0.328903E+01  0.533962E+00
   0.329011E+01  0.526309E+00
   0.329120E+01  0.518059E+00
   0.329174E+01  0.513869E+00
   0.329228E+01  0.509513E+00
   0.329282E+01  0.504928E+00
   0.329336E+01  0.500129E+00
   0.329391E+01  0.495086E+00
   0.329445E+01  0.489636E+00
   0.329499E+01  0.483814E+00
   0.329553E+01  0.477706E+00
   0.329608E+01  0.471319E+00
   0.329662E+01  0.464612E+00
   0.329716E+01  0.457766E+00
   0.329771E+01  0.450928E+00
   0.329825E+01  0.444066E+00
   0.329880E+01  0.437121E+00
   0.329934E+01  0.430164E+00
   0.329988E+01  0.423123E+00
   0.330097E+01  0.409389E+00
   0.330206E+01  0.396096E+00
   0.330315E+01  0.383293E+00
   0.330425E+01  0.370947E+00
   0.330534E+01  0.358913E+00
   0.330643E+01  0.346965E+00
   0.330753E+01  0.334979E+00
   0.330807E+01  0.329086E+00
   0.330862E+01  0.323108E+00
   0.330917E+01  0.317135E+00
   0.330972E+01  0.310915E+00
   0.331026E+01  0.304668E+00
   0.331081E+01  0.298355E+00
   0.331191E+01  0.286312E+00
   0.331301E+01  0.275324E+00
   0.331410E+01  0.265047E+00
   0.331520E+01  0.255494E+00
   0.331740E+01  0.237043E+00
   0.331961E+01  0.219064E+00
   0.332071E+01  0.209969E+00
   0.332126E+01  0.205307E+00
   0.332181E+01  0.200841E+00
   0.332236E+01  0.195855E+00
   0.332264E+01  0.193241E+00
   0.332291E+01  0.190504E+00
   0.332319E+01  0.187680E+00
   0.332347E+01  0.184519E+00
   0.332374E+01  0.181069E+00
   0.332402E+01  0.176789E+00
   0.332413E+01  0.175010E+00
   0.332424E+01  0.173107E+00
   0.332446E+01  0.169002E+00
   0.332468E+01  0.164697E+00
   0.332490E+01  0.160072E+00
   0.332501E+01  0.157768E+00
   0.332512E+01  0.155629E+00
   0.332524E+01  0.153919E+00
   0.332535E+01  0.152512E+00
   0.332546E+01  0.151291E+00
   0.332551E+01  0.150849E+00
   0.332557E+01  0.150497E+00
   0.332562E+01  0.150285E+00
   0.332568E+01  0.150144E+00
   0.332573E+01  0.150157E+00
   0.332579E+01  0.150330E+00
   0.332584E+01  0.150550E+00
   0.332590E+01  0.150892E+00
   0.332595E+01  0.151337E+00
   0.332601E+01  0.151844E+00
   0.332612E+01  0.153047E+00
   0.332623E+01  0.154429E+00
   0.332634E+01  0.155978E+00
   0.332656E+01  0.159272E+00
   0.332678E+01  0.162830E+00
   0.332701E+01  0.166406E+00
   0.332723E+01  0.169935E+00
   0.332745E+01  0.173313E+00
   0.332756E+01  0.174866E+00
   0.332767E+01  0.176258E+00
   0.332778E+01  0.177448E+00
   0.332789E+01  0.178421E+00
   0.332800E+01  0.179164E+00
   0.332811E+01  0.179717E+00
   0.332822E+01  0.180077E+00
   0.332833E+01  0.180183E+00
   0.332844E+01  0.180082E+00
   0.332856E+01  0.179757E+00
   0.332867E+01  0.179256E+00
   0.332878E+01  0.178559E+00
   0.332889E+01  0.177700E+00
   0.332900E+01  0.176703E+00
   0.332911E+01  0.175406E+00
   0.332933E+01  0.172265E+00
   0.332955E+01  0.168568E+00
   0.332966E+01  0.166813E+00
   0.332978E+01  0.165271E+00
   0.332989E+01  0.164017E+00
   0.333000E+01  0.162862E+00
   0.333011E+01  0.161911E+00
   0.333022E+01  0.161222E+00
   0.333033E+01  0.160611E+00
   0.333044E+01  0.160195E+00
   0.333055E+01  0.159855E+00
   0.333066E+01  0.159640E+00
   0.333077E+01  0.159580E+00
   0.333100E+01  0.159665E+00
   0.333111E+01  0.159759E+00
   0.333122E+01  0.159911E+00
   0.333133E+01  0.160140E+00
   0.333144E+01  0.160424E+00
   0.333155E+01  0.160778E+00
   0.333166E+01  0.161173E+00
   0.333177E+01  0.161594E+00
   0.333188E+01  0.162036E+00
   0.333211E+01  0.162993E+00
   0.333233E+01  0.164064E+00
   0.333244E+01  0.164613E+00
   0.333255E+01  0.165180E+00
   0.333266E+01  0.165769E+00
   0.333277E+01  0.166385E+00
   0.333288E+01  0.167031E+00
   0.333299E+01  0.167679E+00
   0.333322E+01  0.169030E+00
   0.333344E+01  0.170502E+00
   0.333399E+01  0.174358E+00
   0.333455E+01  0.178459E+00
   0.333511E+01  0.183290E+00
   0.333566E+01  0.188573E+00
   0.333594E+01  0.191358E+00
   0.333622E+01  0.194578E+00
   0.333650E+01  0.198151E+00
   0.333678E+01  0.202336E+00
   0.333733E+01  0.212241E+00
   0.333789E+01  0.222922E+00
   0.333845E+01  0.234307E+00
   0.333900E+01  0.246633E+00
   0.333956E+01  0.259504E+00
   0.334012E+01  0.272867E+00
   0.334068E+01  0.286603E+00
   0.334179E+01  0.316525E+00
   0.334291E+01  0.348179E+00
   0.334347E+01  0.364592E+00
   0.334403E+01  0.381620E+00
   0.334515E+01  0.418499E+00
   0.334627E+01  0.458848E+00
   0.334649E+01  0.466910E+00
   0.334672E+01  0.474942E+00
   0.334694E+01  0.482906E+00
   0.334716E+01  0.490999E+00
   0.334739E+01  0.499261E+00
   0.334761E+01  0.507424E+00
   0.334784E+01  0.515617E+00
   0.334806E+01  0.523778E+00
   0.334829E+01  0.532054E+00
   0.334851E+01  0.540232E+00
   0.334873E+01  0.548348E+00
   0.334896E+01  0.556530E+00
   0.334918E+01  0.564401E+00
   0.334941E+01  0.572470E+00
   0.334963E+01  0.580530E+00
   0.334986E+01  0.588416E+00
   0.335008E+01  0.596223E+00
   0.335031E+01  0.604293E+00
   0.335053E+01  0.612082E+00
   0.335075E+01  0.619639E+00
   0.335098E+01  0.626832E+00
   0.335120E+01  0.633783E+00
   0.335143E+01  0.640432E+00
   0.335165E+01  0.646507E+00
   0.335188E+01  0.651587E+00
   0.335193E+01  0.652639E+00
   0.335203E+01  0.654461E+00
   0.335223E+01  0.657846E+00
   0.335243E+01  0.660853E+00
   0.335263E+01  0.663597E+00
   0.335273E+01  0.664684E+00
   0.335283E+01  0.665550E+00
   0.335293E+01  0.666053E+00
   0.335303E+01  0.666156E+00
   0.335313E+01  0.665939E+00
   0.335323E+01  0.665519E+00
   0.335343E+01  0.664886E+00
   0.335353E+01  0.665064E+00
   0.335363E+01  0.665820E+00
   0.335373E+01  0.667304E+00
   0.335383E+01  0.669559E+00
   0.335393E+01  0.672682E+00
   0.335403E+01  0.676608E+00
   0.335423E+01  0.685151E+00
   0.335443E+01  0.693606E+00
   0.335463E+01  0.700572E+00
   0.335483E+01  0.705355E+00
   0.335503E+01  0.708714E+00
   0.335523E+01  0.711330E+00
   0.335543E+01  0.713578E+00
   0.335563E+01  0.715460E+00
   0.335583E+01  0.717191E+00
   0.335603E+01  0.718754E+00
   0.335623E+01  0.720243E+00
   0.335653E+01  0.722201E+00
   0.335683E+01  0.723930E+00
   0.335703E+01  0.725072E+00
   0.335753E+01  0.727498E+00
   0.335803E+01  0.729803E+00
   0.335853E+01  0.731883E+00
   0.335903E+01  0.733909E+00
   0.335953E+01  0.735714E+00
   0.336003E+01  0.737432E+00
   0.336053E+01  0.739070E+00
   0.336103E+01  0.740554E+00
   0.336153E+01  0.741920E+00
   0.336203E+01  0.743174E+00
   0.336253E+01  0.744335E+00
   0.336303E+01  0.745449E+00
   0.336353E+01  0.746507E+00
   0.336403E+01  0.747453E+00
   0.336428E+01  0.747862E+00
   0.336453E+01  0.748266E+00
   0.336478E+01  0.748572E+00
   0.336493E+01  0.748749E+00
   0.336503E+01  0.748814E+00
   0.336523E+01  0.748963E+00
   0.336543E+01  0.748958E+00
   0.336553E+01  0.748901E+00
   0.336563E+01  0.748805E+00
   0.336573E+01  0.748555E+00
   0.336583E+01  0.748207E+00
   0.336593E+01  0.747691E+00
   0.336603E+01  0.746967E+00
   0.336613E+01  0.746046E+00
   0.336623E+01  0.745026E+00
   0.336633E+01  0.743982E+00
   0.336643E+01  0.743036E+00
   0.336648E+01  0.742703E+00
   0.336653E+01  0.742511E+00
   0.336658E+01  0.742421E+00
   0.336663E+01  0.742505E+00
   0.336668E+01  0.742643E+00
   0.336673E+01  0.742944E+00
   0.336678E+01  0.743318E+00
   0.336683E+01  0.743811E+00
   0.336688E+01  0.744354E+00
   0.336693E+01  0.744985E+00
   0.336703E+01  0.746359E+00
   0.336713E+01  0.747639E+00
   0.336723E+01  0.748686E+00
   0.336733E+01  0.749511E+00
   0.336743E+01  0.750069E+00
   0.336753E+01  0.750539E+00
   0.336763E+01  0.750836E+00
   0.336773E+01  0.751085E+00
   0.336783E+01  0.751276E+00
   0.336793E+01  0.751459E+00
   0.336803E+01  0.751593E+00
   0.336823E+01  0.751720E+00
   0.336833E+01  0.751788E+00
   0.336843E+01  0.751815E+00
   0.336853E+01  0.751808E+00
   0.336863E+01  0.751767E+00
   0.336883E+01  0.751687E+00
   0.336903E+01  0.751517E+00
   0.336913E+01  0.751418E+00
   0.336923E+01  0.751354E+00
   0.336933E+01  0.751223E+00
   0.336943E+01  0.751067E+00
   0.336953E+01  0.750871E+00
   0.336963E+01  0.750632E+00
   0.336973E+01  0.750371E+00
   0.336983E+01  0.750068E+00
   0.336993E+01  0.749683E+00
   0.337003E+01  0.749317E+00
   0.337013E+01  0.748991E+00
   0.337023E+01  0.748707E+00
   0.337033E+01  0.748479E+00
   0.337043E+01  0.748359E+00
   0.337053E+01  0.748303E+00
   0.337063E+01  0.748296E+00
   0.337073E+01  0.748290E+00
   0.337083E+01  0.748331E+00
   0.337103E+01  0.748374E+00
   0.337123E+01  0.748409E+00
   0.337143E+01  0.748411E+00
   0.337163E+01  0.748316E+00
   0.337183E+01  0.748198E+00
   0.337203E+01  0.748013E+00
   0.337253E+01  0.747410E+00
   0.337303E+01  0.746785E+00
   0.337353E+01  0.746091E+00
   0.337403E+01  0.745406E+00
   0.337503E+01  0.743925E+00
   0.337603E+01  0.742429E+00
   0.337703E+01  0.741048E+00
   0.337803E+01  0.739630E+00
   0.337903E+01  0.738068E+00
   0.337953E+01  0.737220E+00
   0.338003E+01  0.736259E+00
   0.338053E+01  0.735213E+00
   0.338103E+01  0.734045E+00
   0.338203E+01  0.731561E+00
   0.338303E+01  0.728814E+00
   0.338403E+01  0.725964E+00
   0.338503E+01  0.722958E+00
   0.338603E+01  0.719805E+00
   0.338703E+01  0.716402E+00
   0.338803E+01  0.712885E+00
   0.338903E+01  0.709400E+00
   0.339003E+01  0.705789E+00
   0.339057E+01  0.703843E+00
   0.339172E+01  0.699653E+00
   0.339287E+01  0.695345E+00
   0.339402E+01  0.690945E+00
   0.339517E+01  0.686397E+00
   0.339575E+01  0.683957E+00
   0.339633E+01  0.681338E+00
   0.339690E+01  0.678551E+00
   0.339748E+01  0.675447E+00
   0.339806E+01  0.671900E+00
   0.339835E+01  0.669896E+00
   0.339864E+01  0.667775E+00
   0.339893E+01  0.665457E+00
   0.339921E+01  0.662972E+00
   0.339979E+01  0.657645E+00
   0.340025E+01  0.653129E+00
   0.340049E+01  0.650943E+00
   0.340072E+01  0.648858E+00
   0.340083E+01  0.647906E+00
   0.340095E+01  0.647001E+00
   0.340118E+01  0.645276E+00
   0.340141E+01  0.643588E+00
   0.340164E+01  0.641767E+00
   0.340187E+01  0.639815E+00
   0.340211E+01  0.637678E+00
   0.340234E+01  0.635398E+00
   0.340257E+01  0.632931E+00
   0.340280E+01  0.630516E+00
   0.340303E+01  0.628376E+00
   0.340315E+01  0.627586E+00
   0.340326E+01  0.627024E+00
   0.340338E+01  0.626816E+00
   0.340349E+01  0.626819E+00
   0.340361E+01  0.627061E+00
   0.340373E+01  0.627523E+00
   0.340384E+01  0.628115E+00
   0.340396E+01  0.628865E+00
   0.340407E+01  0.629728E+00
   0.340419E+01  0.630790E+00
   0.340431E+01  0.632066E+00
   0.340442E+01  0.633501E+00
   0.340454E+01  0.635314E+00
   0.340465E+01  0.637496E+00
   0.340477E+01  0.640162E+00
   0.340500E+01  0.646800E+00
   0.340529E+01  0.657034E+00
   0.340558E+01  0.667449E+00
   0.340587E+01  0.677243E+00
   0.340616E+01  0.685604E+00
   0.340645E+01  0.692367E+00
   0.340674E+01  0.697503E+00
   0.340703E+01  0.701754E+00
   0.340732E+01  0.705367E+00
   0.340761E+01  0.708557E+00
   0.340790E+01  0.711544E+00
   0.340819E+01  0.714085E+00
   0.340848E+01  0.716329E+00
   0.340877E+01  0.718220E+00
   0.340907E+01  0.719827E+00
   0.340936E+01  0.721314E+00
   0.340965E+01  0.722593E+00
   0.340994E+01  0.723700E+00
   0.341023E+01  0.724693E+00
   0.341052E+01  0.725559E+00
   0.341081E+01  0.726401E+00
   0.341110E+01  0.727158E+00
   0.341139E+01  0.727914E+00
   0.341168E+01  0.728581E+00
   0.341197E+01  0.729230E+00
   0.341255E+01  0.730498E+00
   0.341314E+01  0.731678E+00
   0.341372E+01  0.732814E+00
   0.341430E+01  0.733889E+00
   0.341489E+01  0.734925E+00
   0.341547E+01  0.735914E+00
   0.341605E+01  0.736885E+00
   0.341664E+01  0.737816E+00
   0.341722E+01  0.738721E+00
   0.341780E+01  0.739624E+00
   0.341839E+01  0.740484E+00
   0.341897E+01  0.741342E+00
   0.341927E+01  0.741748E+00
   0.341956E+01  0.742075E+00
   0.341985E+01  0.742418E+00
   0.342014E+01  0.742689E+00
   0.342026E+01  0.742778E+00
   0.342049E+01  0.742900E+00
   0.342073E+01  0.742964E+00
   0.342096E+01  0.742947E+00
   0.342120E+01  0.742915E+00
   0.342131E+01  0.742842E+00
   0.342143E+01  0.742785E+00
   0.342155E+01  0.742647E+00
   0.342166E+01  0.742493E+00
   0.342178E+01  0.742322E+00
   0.342190E+01  0.742184E+00
   0.342202E+01  0.742119E+00
   0.342213E+01  0.742063E+00
   0.342225E+01  0.742070E+00
   0.342237E+01  0.742119E+00
   0.342248E+01  0.742248E+00
   0.342260E+01  0.742427E+00
   0.342272E+01  0.742670E+00
   0.342284E+01  0.742979E+00
   0.342295E+01  0.743321E+00
   0.342307E+01  0.743722E+00
   0.342319E+01  0.744082E+00
   0.342330E+01  0.744443E+00
   0.342342E+01  0.744822E+00
   0.342354E+01  0.745077E+00
   0.342377E+01  0.745540E+00
   0.342401E+01  0.745938E+00
   0.342424E+01  0.746321E+00
   0.342454E+01  0.746750E+00
   0.342483E+01  0.747163E+00
   0.342512E+01  0.747603E+00
   0.342542E+01  0.747994E+00
   0.342571E+01  0.748387E+00
   0.342600E+01  0.748771E+00
   0.342630E+01  0.749089E+00
   0.342659E+01  0.749400E+00
   0.342688E+01  0.749677E+00
   0.342718E+01  0.749980E+00
   0.342776E+01  0.750493E+00
   0.342835E+01  0.750933E+00
   0.342894E+01  0.751321E+00
   0.342953E+01  0.751764E+00
   0.343012E+01  0.752181E+00
   0.343070E+01  0.752566E+00
   0.343129E+01  0.752916E+00
   0.343188E+01  0.753275E+00
   0.343218E+01  0.753456E+00
   0.343247E+01  0.753603E+00
   0.343276E+01  0.753757E+00
   0.343306E+01  0.753885E+00
   0.343336E+01  0.754015E+00
   0.343365E+01  0.754134E+00
   0.343394E+01  0.754273E+00
   0.343424E+01  0.754367E+00
   0.343453E+01  0.754453E+00
   0.343483E+01  0.754538E+00
   0.343512E+01  0.754579E+00
   0.343542E+01  0.754639E+00
   0.343571E+01  0.754628E+00
   0.343601E+01  0.754634E+00
   0.343660E+01  0.754620E+00
   0.343719E+01  0.754607E+00
   0.343778E+01  0.754576E+00
   0.343808E+01  0.754547E+00
   0.343837E+01  0.754536E+00
   0.343867E+01  0.754516E+00
   0.343896E+01  0.754461E+00
   0.343955E+01  0.754280E+00
   0.344015E+01  0.754099E+00
   0.344074E+01  0.753812E+00
   0.344133E+01  0.753578E+00
   0.344163E+01  0.753392E+00
   0.344192E+01  0.753258E+00
   0.344222E+01  0.753097E+00
   0.344252E+01  0.752920E+00
   0.344281E+01  0.752768E+00
   0.344311E+01  0.752590E+00
   0.344370E+01  0.752332E+00
   0.344400E+01  0.752163E+00
   0.344429E+01  0.752038E+00
   0.344459E+01  0.751922E+00
   0.344489E+01  0.751806E+00
   0.344518E+01  0.751707E+00
   0.344548E+01  0.751618E+00
   0.344578E+01  0.751571E+00
   0.344608E+01  0.751542E+00
   0.344667E+01  0.751493E+00
   0.344726E+01  0.751452E+00
   0.344756E+01  0.751432E+00
   0.344786E+01  0.751403E+00
   0.344815E+01  0.751418E+00
   0.344845E+01  0.751432E+00
   0.344875E+01  0.751473E+00
   0.344905E+01  0.751531E+00
   0.344964E+01  0.751831E+00
   0.345024E+01  0.752105E+00
   0.345083E+01  0.752256E+00
   0.345143E+01  0.752278E+00
   0.345173E+01  0.752284E+00
   0.345202E+01  0.752263E+00
   0.345232E+01  0.752208E+00
   0.345262E+01  0.752135E+00
   0.345292E+01  0.752062E+00
   0.345322E+01  0.751945E+00
   0.345351E+01  0.751803E+00
   0.345381E+01  0.751694E+00
   0.345411E+01  0.751499E+00
   0.345441E+01  0.751294E+00
   0.345471E+01  0.751074E+00
   0.345501E+01  0.750801E+00
   0.345530E+01  0.750519E+00
   0.345560E+01  0.750203E+00
   0.345590E+01  0.749844E+00
   0.345620E+01  0.749443E+00
   0.345650E+01  0.749033E+00
   0.345680E+01  0.748530E+00
   0.345710E+01  0.747995E+00
   0.345740E+01  0.747417E+00
   0.345799E+01  0.746140E+00
   0.345859E+01  0.744754E+00
   0.345919E+01  0.743270E+00
   0.345979E+01  0.741757E+00
   0.346039E+01  0.740190E+00
   0.346099E+01  0.738661E+00
   0.346158E+01  0.737273E+00
   0.346218E+01  0.736008E+00
   0.346248E+01  0.735474E+00
   0.346278E+01  0.735005E+00
   0.346308E+01  0.734641E+00
   0.346338E+01  0.734341E+00
   0.346368E+01  0.734137E+00
   0.346398E+01  0.733933E+00
   0.346428E+01  0.733863E+00
   0.346458E+01  0.733818E+00
   0.346488E+01  0.733923E+00
   0.346518E+01  0.734092E+00
   0.346548E+01  0.734388E+00
   0.346578E+01  0.734725E+00
   0.346609E+01  0.735150E+00
   0.346638E+01  0.735625E+00
   0.346669E+01  0.736214E+00
   0.346699E+01  0.736886E+00
   0.346729E+01  0.737585E+00
   0.346759E+01  0.738361E+00
   0.346819E+01  0.740089E+00
   0.346879E+01  0.742011E+00
   0.346939E+01  0.744050E+00
   0.346999E+01  0.746243E+00
   0.347060E+01  0.748432E+00
   0.347120E+01  0.750645E+00
   0.347180E+01  0.752727E+00
   0.347240E+01  0.754722E+00
   0.347301E+01  0.756578E+00
   0.347361E+01  0.758354E+00
   0.347391E+01  0.759168E+00
   0.347421E+01  0.759920E+00
   0.347451E+01  0.760601E+00
   0.347482E+01  0.761247E+00
   0.347542E+01  0.762472E+00
   0.347572E+01  0.763042E+00
   0.347602E+01  0.763555E+00
   0.347633E+01  0.764043E+00
   0.347663E+01  0.764473E+00
   0.347693E+01  0.764839E+00
   0.347723E+01  0.765098E+00
   0.347754E+01  0.765359E+00
   0.347784E+01  0.765542E+00
   0.347844E+01  0.765890E+00
   0.347905E+01  0.766201E+00
   0.347965E+01  0.766589E+00
   0.348026E+01  0.767039E+00
   0.348087E+01  0.767726E+00
   0.348117E+01  0.768109E+00
   0.348147E+01  0.768583E+00
   0.348177E+01  0.769030E+00
   0.348208E+01  0.769557E+00
   0.348238E+01  0.770126E+00
   0.348268E+01  0.770707E+00
   0.348299E+01  0.771341E+00
   0.348329E+01  0.772049E+00
   0.348360E+01  0.772760E+00
   0.348390E+01  0.773515E+00
   0.348451E+01  0.775100E+00
   0.348511E+01  0.776754E+00
   0.348572E+01  0.778471E+00
   0.348633E+01  0.780196E+00
   0.348693E+01  0.781954E+00
   0.348754E+01  0.783669E+00
   0.348815E+01  0.785282E+00
   0.348876E+01  0.786657E+00
   0.348937E+01  0.787888E+00
   0.348967E+01  0.788456E+00
   0.348998E+01  0.788993E+00
   0.349028E+01  0.789441E+00
   0.349059E+01  0.789811E+00
   0.349089E+01  0.790170E+00
   0.349120E+01  0.790438E+00
   0.349150E+01  0.790696E+00
   0.349181E+01  0.790885E+00
   0.349211E+01  0.791051E+00
   0.349242E+01  0.791137E+00
   0.349272E+01  0.791153E+00
   0.349303E+01  0.791124E+00
   0.349333E+01  0.791036E+00
   0.349364E+01  0.790891E+00
   0.349394E+01  0.790690E+00
   0.349425E+01  0.790406E+00
   0.349455E+01  0.790010E+00
   0.349486E+01  0.789545E+00
   0.349516E+01  0.789002E+00
   0.349547E+01  0.788370E+00
   0.349577E+01  0.787718E+00
   0.349608E+01  0.786977E+00
   0.349639E+01  0.786197E+00
   0.349669E+01  0.785275E+00
   0.349730E+01  0.783292E+00
   0.349791E+01  0.781236E+00
   0.349853E+01  0.778981E+00
   0.349914E+01  0.776568E+00
   0.349975E+01  0.774262E+00
   0.350036E+01  0.772029E+00
   0.350098E+01  0.769905E+00
   0.350159E+01  0.767969E+00
   0.350190E+01  0.767053E+00
   0.350220E+01  0.766153E+00
   0.350251E+01  0.765345E+00
   0.350282E+01  0.764502E+00
   0.350343E+01  0.763041E+00
   0.350466E+01  0.760317E+00
   0.350589E+01  0.757710E+00
   0.350712E+01  0.755055E+00
   0.350835E+01  0.752367E+00
   0.350958E+01  0.749350E+00
   0.351019E+01  0.747812E+00
   0.351081E+01  0.746207E+00
   0.351143E+01  0.744738E+00
   0.351204E+01  0.743375E+00
   0.351266E+01  0.742067E+00
   0.351328E+01  0.740945E+00
   0.351390E+01  0.739907E+00
   0.351451E+01  0.738891E+00
   0.351482E+01  0.738380E+00
   0.351513E+01  0.737897E+00
   0.351544E+01  0.737422E+00
   0.351575E+01  0.736907E+00
   0.351606E+01  0.736468E+00
   0.351637E+01  0.736081E+00
   0.351668E+01  0.735718E+00
   0.351698E+01  0.735406E+00
   0.351729E+01  0.735185E+00
   0.351760E+01  0.734997E+00
   0.351791E+01  0.734851E+00
   0.351822E+01  0.734779E+00
   0.351853E+01  0.734790E+00
   0.351884E+01  0.734833E+00
   0.351915E+01  0.734952E+00
   0.351946E+01  0.735111E+00
   0.351977E+01  0.735338E+00
   0.352008E+01  0.735621E+00
   0.352039E+01  0.736006E+00
   0.352070E+01  0.736484E+00
   0.352101E+01  0.736980E+00
   0.352132E+01  0.737612E+00
   0.352163E+01  0.738271E+00
   0.352194E+01  0.739070E+00
   0.352225E+01  0.739982E+00
   0.352256E+01  0.740995E+00
   0.352318E+01  0.743145E+00
   0.352380E+01  0.745448E+00
   0.352442E+01  0.747864E+00
   0.352567E+01  0.752794E+00
   0.352629E+01  0.755169E+00
   0.352691E+01  0.757532E+00
   0.352815E+01  0.762010E+00
   0.352940E+01  0.766159E+00
   0.353064E+01  0.770117E+00
   0.353189E+01  0.773936E+00
   0.353314E+01  0.777617E+00
   0.353439E+01  0.781156E+00
   0.353503E+01  0.782862E+00
   0.353603E+01  0.785460E+00
   0.353803E+01  0.790494E+00
   0.354003E+01  0.795184E+00
   0.354203E+01  0.799760E+00
   0.354403E+01  0.803720E+00
   0.354503E+01  0.805582E+00
   0.354703E+01  0.809062E+00
   0.354903E+01  0.812093E+00
   0.355103E+01  0.814867E+00
   0.355303E+01  0.817252E+00
   0.355503E+01  0.819296E+00
   0.355703E+01  0.821013E+00
   0.355903E+01  0.822381E+00
   0.356003E+01  0.822969E+00
   0.356103E+01  0.823341E+00
   0.356203E+01  0.823677E+00
   0.356303E+01  0.823800E+00
   0.356403E+01  0.823931E+00
   0.356503E+01  0.824032E+00
   0.356603E+01  0.824035E+00
   0.356703E+01  0.823876E+00
   0.356803E+01  0.823580E+00
   0.356903E+01  0.823110E+00
   0.357003E+01  0.822655E+00
   0.357203E+01  0.821584E+00
   0.357403E+01  0.820092E+00
   0.357503E+01  0.819087E+00
   0.357603E+01  0.818008E+00
   0.357703E+01  0.816798E+00
   0.357803E+01  0.815545E+00
   0.357903E+01  0.814131E+00
   0.358003E+01  0.812573E+00
   0.358103E+01  0.810856E+00
   0.358203E+01  0.808942E+00
   0.358403E+01  0.804688E+00
   0.358603E+01  0.799608E+00
   0.358703E+01  0.796759E+00
   0.358803E+01  0.793673E+00
   0.359003E+01  0.787300E+00
   0.359203E+01  0.780487E+00
   0.359403E+01  0.773574E+00
   0.359603E+01  0.766378E+00
   0.359803E+01  0.758903E+00
   0.360003E+01  0.750679E+00
   0.360103E+01  0.745915E+00
   0.360203E+01  0.740739E+00
   0.360253E+01  0.738009E+00
   0.360303E+01  0.735018E+00
   0.360403E+01  0.728691E+00
   0.360503E+01  0.721741E+00
   0.360603E+01  0.714245E+00
   0.360703E+01  0.706238E+00
   0.360803E+01  0.697969E+00
   0.360903E+01  0.689664E+00
   0.361003E+01  0.681560E+00
   0.361103E+01  0.673448E+00
   0.361123E+01  0.671761E+00
   0.361143E+01  0.670017E+00
   0.361153E+01  0.669092E+00
   0.361163E+01  0.668146E+00
   0.361173E+01  0.667120E+00
   0.361183E+01  0.665943E+00
   0.361193E+01  0.664574E+00
   0.361203E+01  0.663033E+00
   0.361213E+01  0.661167E+00
   0.361223E+01  0.659095E+00
   0.361233E+01  0.656667E+00
   0.361243E+01  0.653796E+00
   0.361253E+01  0.650215E+00
   0.361263E+01  0.645992E+00
   0.361278E+01  0.638648E+00
   0.361293E+01  0.630239E+00
   0.361303E+01  0.625143E+00
   0.361313E+01  0.620797E+00
   0.361318E+01  0.619511E+00
   0.361323E+01  0.618624E+00
   0.361328E+01  0.618136E+00
   0.361333E+01  0.618121E+00
   0.361338E+01  0.618748E+00
   0.361343E+01  0.619683E+00
   0.361348E+01  0.620966E+00
   0.361353E+01  0.622633E+00
   0.361363E+01  0.627151E+00
   0.361373E+01  0.632151E+00
   0.361383E+01  0.636970E+00
   0.361393E+01  0.641228E+00
   0.361403E+01  0.645100E+00
   0.361413E+01  0.648541E+00
   0.361423E+01  0.651210E+00
   0.361433E+01  0.653419E+00
   0.361443E+01  0.655350E+00
   0.361453E+01  0.656831E+00
   0.361478E+01  0.659304E+00
   0.361503E+01  0.660945E+00
   0.361513E+01  0.661412E+00
   0.361523E+01  0.661890E+00
   0.361533E+01  0.662277E+00
   0.361543E+01  0.662648E+00
   0.361563E+01  0.663335E+00
   0.361583E+01  0.663965E+00
   0.361603E+01  0.664587E+00
   0.361623E+01  0.665150E+00
   0.361653E+01  0.665936E+00
   0.361703E+01  0.667205E+00
   0.361803E+01  0.669730E+00
   0.362003E+01  0.674614E+00
   0.362024E+01  0.675021E+00
   0.362053E+01  0.675613E+00
   0.362083E+01  0.676178E+00
   0.362103E+01  0.676511E+00
   0.362123E+01  0.676765E+00
   0.362143E+01  0.676930E+00
   0.362163E+01  0.676925E+00
   0.362183E+01  0.676735E+00
   0.362203E+01  0.676367E+00
   0.362213E+01  0.676139E+00
   0.362223E+01  0.675884E+00
   0.362234E+01  0.675637E+00
   0.362243E+01  0.675381E+00
   0.362253E+01  0.675165E+00
   0.362263E+01  0.675027E+00
   0.362273E+01  0.675129E+00
   0.362283E+01  0.675422E+00
   0.362293E+01  0.675897E+00
   0.362303E+01  0.676501E+00
   0.362324E+01  0.677810E+00
   0.362333E+01  0.678377E+00
   0.362343E+01  0.678832E+00
   0.362353E+01  0.679195E+00
   0.362364E+01  0.679479E+00
   0.362384E+01  0.679910E+00
   0.362404E+01  0.680244E+00
   0.362423E+01  0.680492E+00
   0.362444E+01  0.680694E+00
   0.362463E+01  0.680830E+00
   0.362484E+01  0.680894E+00
   0.362503E+01  0.680930E+00
   0.362533E+01  0.680920E+00
   0.362554E+01  0.680889E+00
   0.362583E+01  0.680780E+00
   0.362603E+01  0.680667E+00
   0.362634E+01  0.680444E+00
   0.362653E+01  0.680244E+00
   0.362683E+01  0.679935E+00
   0.362703E+01  0.679670E+00
   0.362804E+01  0.678185E+00
   0.362904E+01  0.676549E+00
   0.362954E+01  0.675783E+00
   0.363003E+01  0.675065E+00
   0.363034E+01  0.674671E+00
   0.363054E+01  0.674433E+00
   0.363083E+01  0.674141E+00
   0.363103E+01  0.673949E+00
   0.363124E+01  0.673774E+00
   0.363144E+01  0.673627E+00
   0.363164E+01  0.673431E+00
   0.363184E+01  0.673237E+00
   0.363193E+01  0.673131E+00
   0.363204E+01  0.673056E+00
   0.363213E+01  0.673050E+00
   0.363224E+01  0.673095E+00
   0.363233E+01  0.673172E+00
   0.363244E+01  0.673314E+00
   0.363264E+01  0.673644E+00
   0.363304E+01  0.674386E+00
   0.363403E+01  0.676358E+00
   0.363503E+01  0.678272E+00
   0.363604E+01  0.680155E+00
   0.363704E+01  0.682084E+00
   0.363803E+01  0.683898E+00
   0.363903E+01  0.685424E+00
   0.363929E+01  0.685771E+00
   0.363954E+01  0.686025E+00
   0.363978E+01  0.686249E+00
   0.364004E+01  0.686462E+00
   0.364029E+01  0.686618E+00
   0.364053E+01  0.686712E+00
   0.364079E+01  0.686763E+00
   0.364104E+01  0.686775E+00
   0.364128E+01  0.686761E+00
   0.364154E+01  0.686644E+00
   0.364179E+01  0.686542E+00
   0.364203E+01  0.686377E+00
   0.364254E+01  0.685983E+00
   0.364303E+01  0.685431E+00
   0.364334E+01  0.685021E+00
   0.364354E+01  0.684693E+00
   0.364384E+01  0.684120E+00
   0.364404E+01  0.683728E+00
   0.364424E+01  0.683264E+00
   0.364444E+01  0.682736E+00
   0.364464E+01  0.682235E+00
   0.364484E+01  0.681641E+00
   0.364504E+01  0.680971E+00
   0.364524E+01  0.680252E+00
   0.364544E+01  0.679419E+00
   0.364564E+01  0.678545E+00
   0.364583E+01  0.677543E+00
   0.364603E+01  0.676475E+00
   0.364623E+01  0.675329E+00
   0.364643E+01  0.674101E+00
   0.364663E+01  0.672758E+00
   0.364683E+01  0.671293E+00
   0.364703E+01  0.669722E+00
   0.364723E+01  0.667999E+00
   0.364744E+01  0.665892E+00
   0.364754E+01  0.664754E+00
   0.364764E+01  0.663420E+00
   0.364773E+01  0.661931E+00
   0.364784E+01  0.660130E+00
   0.364793E+01  0.658082E+00
   0.364804E+01  0.655497E+00
   0.364824E+01  0.649098E+00
   0.364844E+01  0.640988E+00
   0.364853E+01  0.635972E+00
   0.364864E+01  0.629711E+00
   0.364873E+01  0.623030E+00
   0.364884E+01  0.616173E+00
   0.364893E+01  0.609934E+00
   0.364899E+01  0.607381E+00
   0.364904E+01  0.605303E+00
   0.364908E+01  0.603696E+00
   0.364913E+01  0.602745E+00
   0.364919E+01  0.602404E+00
   0.364924E+01  0.602659E+00
   0.364928E+01  0.603477E+00
   0.364934E+01  0.604824E+00
   0.364939E+01  0.606573E+00
   0.364944E+01  0.608661E+00
   0.364954E+01  0.613639E+00
   0.364964E+01  0.618883E+00
   0.364974E+01  0.624165E+00
   0.364983E+01  0.629131E+00
   0.364994E+01  0.633480E+00
   0.365003E+01  0.637127E+00
   0.365014E+01  0.640069E+00
   0.365023E+01  0.642255E+00
   0.365034E+01  0.644044E+00
   0.365043E+01  0.645268E+00
   0.365054E+01  0.646150E+00
   0.365063E+01  0.646719E+00
   0.365074E+01  0.647142E+00
   0.365083E+01  0.647372E+00
   0.365103E+01  0.647553E+00
   0.365114E+01  0.647557E+00
   0.365123E+01  0.647489E+00
   0.365134E+01  0.647340E+00
   0.365144E+01  0.647115E+00
   0.365154E+01  0.646830E+00
   0.365174E+01  0.646202E+00
   0.365204E+01  0.645154E+00
   0.365253E+01  0.643198E+00
   0.365304E+01  0.641108E+00
   0.365354E+01  0.638953E+00
   0.365403E+01  0.636901E+00
   0.365503E+01  0.632981E+00
   0.365604E+01  0.629208E+00
   0.366004E+01  0.614143E+00
   0.366104E+01  0.610189E+00
   0.366203E+01  0.605991E+00
   0.366404E+01  0.597267E+00
   0.366453E+01  0.595191E+00
   0.366484E+01  0.594011E+00
   0.366504E+01  0.593224E+00
   0.366554E+01  0.591419E+00
   0.366584E+01  0.590390E+00
   0.366603E+01  0.589733E+00
   0.366623E+01  0.589043E+00
   0.366654E+01  0.588009E+00
   0.366703E+01  0.586311E+00
   0.366804E+01  0.582753E+00
   0.366853E+01  0.580887E+00
   0.366904E+01  0.578947E+00
   0.367003E+01  0.574964E+00
   0.367023E+01  0.574161E+00
   0.367043E+01  0.573365E+00
   0.367063E+01  0.572581E+00
   0.367083E+01  0.571911E+00
   0.367094E+01  0.571614E+00
   0.367103E+01  0.571473E+00
   0.367114E+01  0.571446E+00
   0.367123E+01  0.571458E+00
   0.367143E+01  0.571508E+00
   0.367164E+01  0.571419E+00
   0.367184E+01  0.571074E+00
   0.367204E+01  0.570451E+00
   0.367224E+01  0.569331E+00
   0.367253E+01  0.567206E+00
   0.367284E+01  0.564725E+00
   0.367304E+01  0.562839E+00
   0.367313E+01  0.561853E+00
   0.367324E+01  0.560972E+00
   0.367333E+01  0.560193E+00
   0.367344E+01  0.559729E+00
   0.367354E+01  0.559407E+00
   0.367364E+01  0.559214E+00
   0.367384E+01  0.559065E+00
   0.367403E+01  0.559455E+00
   0.367414E+01  0.559885E+00
   0.367423E+01  0.560251E+00
   0.367434E+01  0.560447E+00
   0.367443E+01  0.560290E+00
   0.367454E+01  0.559754E+00
   0.367459E+01  0.559339E+00
   0.367463E+01  0.558809E+00
   0.367469E+01  0.558190E+00
   0.367474E+01  0.557579E+00
   0.367479E+01  0.556954E+00
   0.367483E+01  0.556361E+00
   0.367489E+01  0.555798E+00
   0.367494E+01  0.555311E+00
   0.367498E+01  0.554894E+00
   0.367503E+01  0.554579E+00
   0.367509E+01  0.554383E+00
   0.367514E+01  0.554401E+00
   0.367518E+01  0.554552E+00
   0.367523E+01  0.554856E+00
   0.367529E+01  0.555384E+00
   0.367534E+01  0.556104E+00
   0.367538E+01  0.557055E+00
   0.367543E+01  0.558217E+00
   0.367554E+01  0.560775E+00
   0.367564E+01  0.563629E+00
   0.367574E+01  0.566644E+00
   0.367584E+01  0.569591E+00
   0.367604E+01  0.575441E+00
   0.367624E+01  0.580145E+00
   0.367633E+01  0.582224E+00
   0.367644E+01  0.584111E+00
   0.367653E+01  0.585660E+00
   0.367664E+01  0.587087E+00
   0.367684E+01  0.589554E+00
   0.367704E+01  0.591601E+00
   0.367724E+01  0.593191E+00
   0.367744E+01  0.594621E+00
   0.367764E+01  0.595793E+00
   0.367784E+01  0.596911E+00
   0.367803E+01  0.598014E+00
   0.367823E+01  0.599084E+00
   0.367854E+01  0.600618E+00
   0.367903E+01  0.603052E+00
   0.368004E+01  0.607714E+00
   0.368053E+01  0.609923E+00
   0.368104E+01  0.611970E+00
   0.368203E+01  0.615690E+00
   0.368504E+01  0.626178E+00
   0.369004E+01  0.642981E+00
   0.369054E+01  0.644548E+00
   0.369103E+01  0.646094E+00
   0.369154E+01  0.647581E+00
   0.369204E+01  0.648972E+00
   0.369253E+01  0.650341E+00
   0.369304E+01  0.651655E+00
   0.369404E+01  0.654125E+00
   0.369503E+01  0.656236E+00
   0.369523E+01  0.656591E+00
   0.369543E+01  0.656892E+00
   0.369563E+01  0.657131E+00
   0.369574E+01  0.657182E+00
   0.369584E+01  0.657200E+00
   0.369604E+01  0.657075E+00
   0.369613E+01  0.657062E+00
   0.369624E+01  0.657095E+00
   0.369633E+01  0.657122E+00
   0.369644E+01  0.657198E+00
   0.369653E+01  0.657359E+00
   0.369664E+01  0.657552E+00
   0.369684E+01  0.658059E+00
   0.369704E+01  0.658617E+00
   0.369724E+01  0.659128E+00
   0.369753E+01  0.659775E+00
   0.369774E+01  0.660064E+00
   0.369804E+01  0.660461E+00
   0.369823E+01  0.660672E+00
   0.369854E+01  0.660925E+00
   0.369903E+01  0.661275E+00
   0.369954E+01  0.661526E+00
   0.369978E+01  0.661631E+00
   0.370004E+01  0.661709E+00
   0.370053E+01  0.661816E+00
   0.370104E+01  0.661862E+00
   0.370128E+01  0.661855E+00
   0.370153E+01  0.661860E+00
   0.370204E+01  0.661760E+00
   0.370254E+01  0.661620E+00
   0.370303E+01  0.661414E+00
   0.370354E+01  0.661180E+00
   0.370404E+01  0.660975E+00
   0.370429E+01  0.660896E+00
   0.370453E+01  0.660811E+00
   0.370479E+01  0.660768E+00
   0.370504E+01  0.660745E+00
   0.370528E+01  0.660781E+00
   0.370553E+01  0.660838E+00
   0.370604E+01  0.660990E+00
   0.370654E+01  0.661208E+00
   0.370703E+01  0.661457E+00
   0.370754E+01  0.661748E+00
   0.370804E+01  0.662055E+00
   0.370829E+01  0.662260E+00
   0.370853E+01  0.662434E+00
   0.370904E+01  0.662898E+00
   0.370953E+01  0.663447E+00
   0.370964E+01  0.663614E+00
   0.370973E+01  0.663757E+00
   0.370984E+01  0.663935E+00
   0.370994E+01  0.664110E+00
   0.371004E+01  0.664301E+00
   0.371024E+01  0.664768E+00
   0.371043E+01  0.665234E+00
   0.371063E+01  0.665721E+00
   0.371103E+01  0.666752E+00
   0.371154E+01  0.668176E+00
   0.371204E+01  0.669705E+00
   0.371254E+01  0.671204E+00
   0.371274E+01  0.671738E+00
   0.371294E+01  0.672210E+00
   0.371304E+01  0.672385E+00
   0.371324E+01  0.672737E+00
   0.371344E+01  0.672971E+00
   0.371353E+01  0.673042E+00
   0.371364E+01  0.673106E+00
   0.371373E+01  0.673110E+00
   0.371384E+01  0.673094E+00
   0.371404E+01  0.673022E+00
   0.371424E+01  0.672940E+00
   0.371454E+01  0.672773E+00
   0.371484E+01  0.672599E+00
   0.371503E+01  0.672567E+00
   0.371514E+01  0.672565E+00
   0.371523E+01  0.672593E+00
   0.371534E+01  0.672676E+00
   0.371543E+01  0.672754E+00
   0.371564E+01  0.673013E+00
   0.371584E+01  0.673262E+00
   0.371594E+01  0.673412E+00
   0.371604E+01  0.673527E+00
   0.371614E+01  0.673618E+00
   0.371624E+01  0.673703E+00
   0.371634E+01  0.673757E+00
   0.371644E+01  0.673775E+00
   0.371653E+01  0.673786E+00
   0.371664E+01  0.673794E+00
   0.371684E+01  0.673741E+00
   0.371704E+01  0.673696E+00
   0.371754E+01  0.673489E+00
   0.371804E+01  0.673185E+00
   0.371854E+01  0.672848E+00
   0.371904E+01  0.672472E+00
   0.371954E+01  0.672072E+00
   0.372004E+01  0.671640E+00
   0.372034E+01  0.671344E+00
   0.372053E+01  0.671139E+00
   0.372114E+01  0.670481E+00
   0.372204E+01  0.669451E+00
   0.372404E+01  0.667094E+00
   0.372604E+01  0.664741E+00
   0.372704E+01  0.663677E+00
   0.372804E+01  0.662671E+00
   0.372904E+01  0.661888E+00
   0.372954E+01  0.661527E+00
   0.373004E+01  0.661235E+00
   0.373029E+01  0.661116E+00
   0.373054E+01  0.661001E+00
   0.373104E+01  0.660813E+00
   0.373154E+01  0.660670E+00
   0.373204E+01  0.660487E+00
   0.373304E+01  0.660221E+00
   0.373404E+01  0.659938E+00
   0.373454E+01  0.659742E+00
   0.373504E+01  0.659570E+00
   0.373554E+01  0.659337E+00
   0.373642E+01  0.658852E+00
   0.373781E+01  0.657926E+00
   0.373921E+01  0.656701E+00
   0.374061E+01  0.655282E+00
   0.374201E+01  0.653560E+00
   0.374341E+01  0.651661E+00
   0.374481E+01  0.649678E+00
   0.374586E+01  0.648104E+00
   0.374621E+01  0.647585E+00
   0.374762E+01  0.645395E+00
   0.374903E+01  0.643064E+00
   0.375043E+01  0.640666E+00
   0.375325E+01  0.635121E+00
   0.375404E+01  0.633534E+00
   0.375454E+01  0.632554E+00
   0.375504E+01  0.631522E+00
   0.375529E+01  0.631030E+00
   0.375554E+01  0.630449E+00
   0.375579E+01  0.629879E+00
   0.375604E+01  0.629167E+00
   0.375634E+01  0.628212E+00
   0.375654E+01  0.627449E+00
   0.375664E+01  0.627029E+00
   0.375674E+01  0.626553E+00
   0.375694E+01  0.625431E+00
   0.375714E+01  0.624092E+00
   0.375724E+01  0.623286E+00
   0.375734E+01  0.622383E+00
   0.375744E+01  0.621382E+00
   0.375754E+01  0.620207E+00
   0.375764E+01  0.618898E+00
   0.375774E+01  0.617502E+00
   0.375784E+01  0.615743E+00
   0.375794E+01  0.613606E+00
   0.375804E+01  0.611112E+00
   0.375814E+01  0.607879E+00
   0.375824E+01  0.603918E+00
   0.375834E+01  0.599147E+00
   0.375844E+01  0.593477E+00
   0.375854E+01  0.586838E+00
   0.375864E+01  0.580279E+00
   0.375874E+01  0.574310E+00
   0.375879E+01  0.571775E+00
   0.375884E+01  0.569614E+00
   0.375889E+01  0.567945E+00
   0.375894E+01  0.566953E+00
   0.375899E+01  0.566405E+00
   0.375904E+01  0.566321E+00
   0.375909E+01  0.567178E+00
   0.375914E+01  0.568499E+00
   0.375919E+01  0.570185E+00
   0.375924E+01  0.572341E+00
   0.375934E+01  0.577576E+00
   0.375944E+01  0.583522E+00
   0.375954E+01  0.589612E+00
   0.375964E+01  0.595077E+00
   0.375974E+01  0.599746E+00
   0.375984E+01  0.603476E+00
   0.375994E+01  0.606429E+00
   0.376004E+01  0.608804E+00
   0.376014E+01  0.610726E+00
   0.376034E+01  0.613568E+00
   0.376054E+01  0.615695E+00
   0.376064E+01  0.616445E+00
   0.376074E+01  0.616994E+00
   0.376084E+01  0.617405E+00
   0.376094E+01  0.617668E+00
   0.376104E+01  0.617853E+00
   0.376114E+01  0.617979E+00
   0.376134E+01  0.618116E+00
   0.376154E+01  0.618154E+00
   0.376174E+01  0.618133E+00
   0.376184E+01  0.618092E+00
   0.376204E+01  0.617990E+00
   0.376224E+01  0.617830E+00
   0.376244E+01  0.617667E+00
   0.376254E+01  0.617551E+00
   0.376274E+01  0.617321E+00
   0.376304E+01  0.616874E+00
   0.376354E+01  0.616074E+00
   0.376374E+01  0.615728E+00
   0.376404E+01  0.615216E+00
   0.376427E+01  0.614779E+00
   0.376455E+01  0.614252E+00
   0.376526E+01  0.612880E+00
   0.376597E+01  0.611467E+00
   0.376668E+01  0.609947E+00
   0.376739E+01  0.608405E+00
   0.376881E+01  0.605206E+00
   0.377023E+01  0.601922E+00
   0.377308E+01  0.595155E+00
   0.377593E+01  0.588047E+00
   0.377878E+01  0.580651E+00
   0.378021E+01  0.576905E+00
   0.378164E+01  0.573116E+00
   0.378307E+01  0.569177E+00
   0.378450E+01  0.565176E+00
   0.378593E+01  0.561156E+00
   0.378737E+01  0.557054E+00
   0.378880E+01  0.552845E+00
   0.378952E+01  0.550631E+00
   0.379024E+01  0.548282E+00
   0.379168E+01  0.543250E+00
   0.379225E+01  0.541163E+00
   0.379254E+01  0.540056E+00
   0.379283E+01  0.538780E+00
   0.379297E+01  0.538052E+00
   0.379311E+01  0.537284E+00
   0.379326E+01  0.536520E+00
   0.379340E+01  0.535606E+00
   0.379355E+01  0.534584E+00
   0.379369E+01  0.533048E+00
   0.379383E+01  0.530603E+00
   0.379398E+01  0.528029E+00
   0.379412E+01  0.525987E+00
   0.379427E+01  0.524515E+00
   0.379441E+01  0.524025E+00
   0.379455E+01  0.524624E+00
   0.379470E+01  0.525819E+00
   0.379484E+01  0.527102E+00
   0.379499E+01  0.528101E+00
   0.379513E+01  0.528820E+00
   0.379527E+01  0.529198E+00
   0.379542E+01  0.529273E+00
   0.379556E+01  0.529174E+00
   0.379571E+01  0.529023E+00
   0.379585E+01  0.528805E+00
   0.379599E+01  0.528550E+00
   0.379614E+01  0.528242E+00
   0.379643E+01  0.527524E+00
   0.379671E+01  0.526699E+00
   0.379744E+01  0.524487E+00
   0.379816E+01  0.522234E+00
   0.379888E+01  0.519914E+00
   0.379960E+01  0.517650E+00
   0.380032E+01  0.515430E+00
   0.380177E+01  0.511131E+00
   0.380321E+01  0.506931E+00
   0.380466E+01  0.502851E+00
   0.380611E+01  0.498740E+00
   0.380756E+01  0.494502E+00
   0.380901E+01  0.490195E+00
   0.381046E+01  0.485789E+00
   0.381191E+01  0.481209E+00
   0.381337E+01  0.476501E+00
   0.381482E+01  0.471601E+00
   0.381628E+01  0.466611E+00
   0.381773E+01  0.461538E+00
   0.381919E+01  0.456395E+00
   0.382065E+01  0.451158E+00
   0.382211E+01  0.445959E+00
   0.382357E+01  0.440666E+00
   0.382504E+01  0.435290E+00
   0.382650E+01  0.429687E+00
   0.382797E+01  0.423792E+00
   0.382870E+01  0.420688E+00
   0.382943E+01  0.417435E+00
   0.382980E+01  0.415723E+00
   0.383017E+01  0.413990E+00
   0.383053E+01  0.412194E+00
   0.383090E+01  0.410293E+00
   0.383127E+01  0.408249E+00
   0.383163E+01  0.405971E+00
   0.383171E+01  0.405476E+00
   0.383185E+01  0.404455E+00
   0.383200E+01  0.403357E+00
   0.383222E+01  0.401619E+00
   0.383237E+01  0.400302E+00
   0.383251E+01  0.398794E+00
   0.383259E+01  0.397938E+00
   0.383266E+01  0.396865E+00
   0.383274E+01  0.395592E+00
   0.383281E+01  0.394020E+00
   0.383288E+01  0.392142E+00
   0.383296E+01  0.389822E+00
   0.383303E+01  0.386950E+00
   0.383310E+01  0.383304E+00
   0.383318E+01  0.379146E+00
   0.383325E+01  0.374565E+00
   0.383340E+01  0.362912E+00
   0.383354E+01  0.349076E+00
   0.383369E+01  0.333232E+00
   0.383376E+01  0.325618E+00
   0.383384E+01  0.319223E+00
   0.383391E+01  0.313849E+00
   0.383399E+01  0.310667E+00
   0.383406E+01  0.309220E+00
   0.383413E+01  0.309769E+00
   0.383420E+01  0.311671E+00
   0.383428E+01  0.315216E+00
   0.383435E+01  0.320362E+00
   0.383443E+01  0.326379E+00
   0.383457E+01  0.340279E+00
   0.383472E+01  0.355014E+00
   0.383487E+01  0.367183E+00
   0.383501E+01  0.374807E+00
   0.383516E+01  0.380780E+00
   0.383523E+01  0.382792E+00
   0.383531E+01  0.384421E+00
   0.383538E+01  0.385754E+00
   0.383546E+01  0.386776E+00
   0.383560E+01  0.388466E+00
   0.383575E+01  0.389781E+00
   0.383590E+01  0.390821E+00
   0.383604E+01  0.391507E+00
   0.383619E+01  0.391886E+00
   0.383634E+01  0.392058E+00
   0.383649E+01  0.392144E+00
   0.383663E+01  0.392129E+00
   0.383678E+01  0.392052E+00
   0.383693E+01  0.391902E+00
   0.383708E+01  0.391737E+00
   0.383722E+01  0.391567E+00
   0.383737E+01  0.391392E+00
   0.383752E+01  0.391197E+00
   0.383766E+01  0.390977E+00
   0.383781E+01  0.390745E+00
   0.383796E+01  0.390471E+00
   0.383811E+01  0.390176E+00
   0.383825E+01  0.389873E+00
   0.383840E+01  0.389570E+00
   0.383869E+01  0.388938E+00
   0.383899E+01  0.388315E+00
   0.383973E+01  0.386790E+00
   0.384046E+01  0.385203E+00
   0.384120E+01  0.383570E+00
   0.384268E+01  0.380124E+00
   0.384416E+01  0.376571E+00
   0.384563E+01  0.372877E+00
   0.384711E+01  0.369091E+00
   0.384785E+01  0.367170E+00
   0.384859E+01  0.365181E+00
   0.385008E+01  0.361138E+00
   0.385156E+01  0.356889E+00
   0.385304E+01  0.352449E+00
   0.385453E+01  0.347839E+00
   0.385602E+01  0.343347E+00
   0.385750E+01  0.338905E+00
   0.385899E+01  0.334480E+00
   0.386048E+01  0.330138E+00
   0.386197E+01  0.325914E+00
   0.386347E+01  0.321589E+00
   0.386496E+01  0.317173E+00
   0.386645E+01  0.312712E+00
   0.386720E+01  0.310261E+00
   0.386795E+01  0.307620E+00
   0.386945E+01  0.302110E+00
   0.387094E+01  0.296344E+00
   0.387244E+01  0.290335E+00
   0.387394E+01  0.284264E+00
   0.387545E+01  0.277971E+00
   0.387695E+01  0.271693E+00
   0.387845E+01  0.265471E+00
   0.387996E+01  0.259246E+00
   0.388146E+01  0.252905E+00
   0.388297E+01  0.246516E+00
   0.388448E+01  0.240025E+00
   0.388523E+01  0.236756E+00
   0.388599E+01  0.233451E+00
   0.388674E+01  0.230228E+00
   0.388705E+01  0.228984E+00
   0.388735E+01  0.227720E+00
   0.388750E+01  0.227039E+00
   0.388780E+01  0.225689E+00
   0.388810E+01  0.224215E+00
   0.388841E+01  0.222749E+00
   0.388871E+01  0.221255E+00
   0.388901E+01  0.219830E+00
   0.388931E+01  0.218446E+00
   0.388962E+01  0.217029E+00
   0.388992E+01  0.215695E+00
   0.389022E+01  0.214251E+00
   0.389037E+01  0.213465E+00
   0.389052E+01  0.212558E+00
   0.389068E+01  0.211482E+00
   0.389083E+01  0.210430E+00
   0.389098E+01  0.209470E+00
   0.389113E+01  0.208808E+00
   0.389128E+01  0.208493E+00
   0.389143E+01  0.208468E+00
   0.389159E+01  0.208635E+00
   0.389174E+01  0.208824E+00
   0.389189E+01  0.208957E+00
   0.389204E+01  0.208980E+00
   0.389219E+01  0.208914E+00
   0.389234E+01  0.208721E+00
   0.389249E+01  0.208464E+00
   0.389264E+01  0.208199E+00
   0.389280E+01  0.207850E+00
   0.389295E+01  0.207480E+00
   0.389325E+01  0.206550E+00
   0.389356E+01  0.205539E+00
   0.389386E+01  0.204426E+00
   0.389431E+01  0.202688E+00
   0.389507E+01  0.199728E+00
   0.389659E+01  0.193963E+00
   0.389811E+01  0.188325E+00
   0.389963E+01  0.182836E+00
   0.390115E+01  0.177495E+00
   0.390267E+01  0.172196E+00
   0.390420E+01  0.167055E+00
   0.390572E+01  0.162130E+00
   0.390725E+01  0.157265E+00
   0.390878E+01  0.152432E+00
   0.391031E+01  0.147678E+00
   0.391183E+01  0.142939E+00
   0.391337E+01  0.138362E+00
   0.391413E+01  0.136124E+00
   0.391490E+01  0.133776E+00
   0.391566E+01  0.131435E+00
   0.391582E+01  0.130956E+00
   0.391597E+01  0.130483E+00
   0.391612E+01  0.129934E+00
   0.391628E+01  0.129393E+00
   0.391643E+01  0.128745E+00
   0.391658E+01  0.127969E+00
   0.391674E+01  0.127222E+00
   0.391689E+01  0.126458E+00
   0.391704E+01  0.125723E+00
   0.391720E+01  0.125165E+00
   0.391735E+01  0.124814E+00
   0.391750E+01  0.124522E+00
   0.391766E+01  0.124338E+00
   0.391781E+01  0.124151E+00
   0.391797E+01  0.123917E+00
   0.391812E+01  0.123701E+00
   0.391827E+01  0.123463E+00
   0.391843E+01  0.123193E+00
   0.391873E+01  0.122501E+00
   0.391950E+01  0.120600E+00
   0.392104E+01  0.116426E+00
   0.392258E+01  0.112278E+00
   0.392412E+01  0.108228E+00
   0.392566E+01  0.104242E+00
   0.392720E+01  0.100371E+00
   0.392874E+01  0.966039E-01
   0.393029E+01  0.928774E-01
   0.393183E+01  0.892206E-01
   0.393338E+01  0.857033E-01
   0.393493E+01  0.822359E-01
   0.393648E+01  0.788566E-01
   0.393803E+01  0.756246E-01
   0.393958E+01  0.724706E-01
   0.394113E+01  0.694373E-01
   0.394269E+01  0.665404E-01
   0.394424E+01  0.637335E-01
   0.394580E+01  0.610761E-01
   0.394735E+01  0.584818E-01
   0.394813E+01  0.572007E-01
   0.394891E+01  0.559350E-01
   0.395047E+01  0.533895E-01
   0.395204E+01  0.511017E-01
   0.395360E+01  0.488185E-01
   0.395438E+01  0.476928E-01
   0.395516E+01  0.465992E-01
   0.395594E+01  0.455464E-01
   0.395673E+01  0.445372E-01
   0.395829E+01  0.425328E-01
   0.395986E+01  0.406413E-01
   0.396143E+01  0.387823E-01
   0.396300E+01  0.369733E-01
   0.396457E+01  0.351971E-01
   0.396825E+01  0.308752E-01
   0.398406E+01  0.172007E-01
   0.399202E+01  0.124400E-01
   0.400000E+01  0.879356E-02
   0.400802E+01  0.603196E-02
   0.401123E+01  0.511246E-02
   0.401606E+01  0.394272E-02
   0.401929E+01  0.329647E-02
   0.402414E+01  0.236984E-02
   0.403226E+01  0.178560E-02
   0.404000E+01  0.154555E-02
   0.405000E+01  0.148029E-02
   0.406000E+01  0.146834E-02
   0.406500E+01  0.147119E-02
   0.406800E+01  0.147869E-02
   0.407200E+01  0.148740E-02
   0.407500E+01  0.148986E-02
   0.408000E+01  0.147997E-02
   0.408500E+01  0.146547E-02
   0.409000E+01  0.145297E-02
   0.409500E+01  0.143043E-02
   0.409800E+01  0.141005E-02
   0.410000E+01  0.139488E-02
   0.410500E+01  0.136087E-02
   0.411000E+01  0.132748E-02
   0.412000E+01  0.125786E-02
   0.412500E+01  0.122165E-02
   0.413000E+01  0.118601E-02
   0.413300E+01  0.116084E-02
   0.413500E+01  0.114044E-02
   0.414000E+01  0.108727E-02
   0.414500E+01  0.103168E-02
   0.415000E+01  0.978144E-03
   0.415300E+01  0.951904E-03
   0.415500E+01  0.934601E-03
   0.416000E+01  0.876363E-03
   0.416500E+01  0.801522E-03
   0.418000E+01  0.546016E-03
   0.419000E+01  0.451596E-03
   0.420000E+01  0.487676E-03
   0.421000E+01  0.699376E-03
   0.422000E+01  0.872481E-03
   0.423000E+01  0.175138E-02
   0.423500E+01  0.248397E-02
   0.424000E+01  0.373551E-02
   0.424500E+01  0.568989E-02
   0.425000E+01  0.108148E-01
   0.425200E+01  0.163860E-01
   0.425400E+01  0.246342E-01
   0.425600E+01  0.361692E-01
   0.425800E+01  0.491533E-01
   0.426000E+01  0.689386E-01
   0.426200E+01  0.909745E-01
   0.426400E+01  0.110775E+00
   0.426600E+01  0.122786E+00
   0.426700E+01  0.127452E+00
   0.426800E+01  0.132986E+00
   0.426900E+01  0.136305E+00
   0.427000E+01  0.129115E+00
   0.427100E+01  0.115905E+00
   0.427200E+01  0.103170E+00
   0.427300E+01  0.892563E-01
   0.427400E+01  0.748798E-01
   0.427500E+01  0.632798E-01
   0.427600E+01  0.531994E-01
   0.427700E+01  0.457593E-01
   0.427800E+01  0.377146E-01
   0.427900E+01  0.322142E-01
   0.428000E+01  0.280830E-01
   0.428100E+01  0.248905E-01
   0.428200E+01  0.226175E-01
   0.428400E+01  0.195534E-01
   0.428600E+01  0.174649E-01
   0.428800E+01  0.158895E-01
   0.429000E+01  0.145026E-01
   0.429500E+01  0.121647E-01
   0.430000E+01  0.103686E-01
   0.430500E+01  0.904341E-02
   0.431000E+01  0.812548E-02
   0.431500E+01  0.744513E-02
   0.432000E+01  0.692259E-02
   0.432500E+01  0.649137E-02
   0.433000E+01  0.611465E-02
   0.433500E+01  0.575741E-02
   0.434000E+01  0.541753E-02
   0.434500E+01  0.511899E-02
   0.435000E+01  0.486395E-02
   0.435500E+01  0.464177E-02
   0.436000E+01  0.444265E-02
   0.436500E+01  0.425667E-02
   0.437000E+01  0.408065E-02
   0.437500E+01  0.391226E-02
   0.438000E+01  0.386612E-02
   0.438400E+01  0.407830E-02
   0.438600E+01  0.427984E-02
   0.438800E+01  0.445319E-02
   0.439000E+01  0.454528E-02
   0.439800E+01  0.426710E-02
   0.440000E+01  0.419594E-02
   0.440500E+01  0.402054E-02
   0.441000E+01  0.393378E-02
   0.441500E+01  0.388999E-02
   0.442000E+01  0.397018E-02
   0.442200E+01  0.400252E-02
   0.442500E+01  0.395042E-02
   0.444000E+01  0.373158E-02
   0.445500E+01  0.358288E-02
   0.446000E+01  0.354952E-02
   0.446500E+01  0.355410E-02
   0.447000E+01  0.360464E-02
   0.447500E+01  0.381119E-02
   0.448000E+01  0.437967E-02
   0.448400E+01  0.488942E-02
   0.448800E+01  0.716635E-02
   0.449000E+01  0.815746E-02
   0.449200E+01  0.907688E-02
   0.449600E+01  0.107465E-01
   0.450000E+01  0.122170E-01
   0.450653E+01  0.138582E-01
   0.451060E+01  0.152721E-01
   0.451467E+01  0.168369E-01
   0.451875E+01  0.185665E-01
   0.452284E+01  0.204709E-01
   0.452693E+01  0.225629E-01
   0.453104E+01  0.248546E-01
   0.453515E+01  0.273629E-01
   0.453927E+01  0.300899E-01
   0.454339E+01  0.330562E-01
   0.454518E+01  0.344195E-01
   0.454725E+01  0.359224E-01
   0.454932E+01  0.372980E-01
   0.455139E+01  0.386149E-01
   0.455346E+01  0.397049E-01
   0.455553E+01  0.406806E-01
   0.455761E+01  0.415765E-01
   0.455969E+01  0.422855E-01
   0.456177E+01  0.429429E-01
   0.456385E+01  0.435932E-01
   0.456593E+01  0.441070E-01
   0.456802E+01  0.446152E-01
   0.457011E+01  0.452616E-01
   0.457220E+01  0.460434E-01
   0.457429E+01  0.473794E-01
   0.457638E+01  0.491250E-01
   0.457848E+01  0.511445E-01
   0.458058E+01  0.537098E-01
   0.458268E+01  0.564630E-01
   0.458478E+01  0.592696E-01
   0.458688E+01  0.621332E-01
   0.458899E+01  0.650190E-01
   0.459109E+01  0.682132E-01
   0.459320E+01  0.716638E-01
   0.459531E+01  0.766979E-01
   0.459742E+01  0.806234E-01
   0.459954E+01  0.846870E-01
   0.460166E+01  0.887755E-01
   0.460377E+01  0.929000E-01
   0.460590E+01  0.967782E-01
   0.460802E+01  0.100679E+00
   0.461866E+01  0.121310E+00
   0.462293E+01  0.130829E+00
   0.462507E+01  0.135853E+00
   0.462721E+01  0.141465E+00
   0.462935E+01  0.147112E+00
   0.463150E+01  0.153873E+00
   0.463579E+01  0.167091E+00
   0.464009E+01  0.179866E+00
   0.464225E+01  0.186125E+00
   0.464440E+01  0.192115E+00
   0.464656E+01  0.198282E+00
   0.464872E+01  0.204313E+00
   0.465088E+01  0.210520E+00
   0.465305E+01  0.217114E+00
   0.465521E+01  0.223228E+00
   0.465738E+01  0.229096E+00
   0.465955E+01  0.234856E+00
   0.466172E+01  0.240121E+00
   0.466390E+01  0.245383E+00
   0.466607E+01  0.250219E+00
   0.466716E+01  0.252488E+00
   0.466825E+01  0.254572E+00
   0.466934E+01  0.256333E+00
   0.467043E+01  0.257872E+00
   0.467152E+01  0.259081E+00
   0.467262E+01  0.260167E+00
   0.467480E+01  0.262106E+00
   0.467589E+01  0.263020E+00
   0.467699E+01  0.264254E+00
   0.467917E+01  0.267658E+00
   0.468027E+01  0.270165E+00
   0.468137E+01  0.273112E+00
   0.468356E+01  0.280007E+00
   0.468575E+01  0.287689E+00
   0.468905E+01  0.300059E+00
   0.469015E+01  0.304264E+00
   0.469125E+01  0.308098E+00
   0.469235E+01  0.311952E+00
   0.469455E+01  0.319216E+00
   0.469676E+01  0.326232E+00
   0.470007E+01  0.337208E+00
   0.470560E+01  0.356255E+00
   0.470781E+01  0.364153E+00
   0.471003E+01  0.372046E+00
   0.471225E+01  0.379855E+00
   0.471447E+01  0.387468E+00
   0.471670E+01  0.394641E+00
   0.471892E+01  0.401063E+00
   0.472115E+01  0.406454E+00
   0.472450E+01  0.413231E+00
   0.472561E+01  0.415172E+00
   0.472651E+01  0.416518E+00
   0.472740E+01  0.417789E+00
   0.472785E+01  0.418335E+00
   0.472830E+01  0.418831E+00
   0.472919E+01  0.419649E+00
   0.473008E+01  0.420273E+00
   0.473098E+01  0.420453E+00
   0.473187E+01  0.419775E+00
   0.473232E+01  0.419133E+00
   0.473322E+01  0.416973E+00
   0.473367E+01  0.415483E+00
   0.473412E+01  0.414546E+00
   0.473434E+01  0.414442E+00
   0.473456E+01  0.414722E+00
   0.473501E+01  0.416153E+00
   0.473546E+01  0.417622E+00
   0.473591E+01  0.418940E+00
   0.473681E+01  0.421374E+00
   0.473815E+01  0.425275E+00
   0.473860E+01  0.426476E+00
   0.473905E+01  0.427604E+00
   0.474355E+01  0.437097E+00
   0.474805E+01  0.445747E+00
   0.475256E+01  0.453164E+00
   0.475709E+01  0.460848E+00
   0.476162E+01  0.470610E+00
   0.476389E+01  0.476010E+00
   0.476616E+01  0.481537E+00
   0.476843E+01  0.487117E+00
   0.477071E+01  0.492817E+00
   0.477526E+01  0.505141E+00
   0.477754E+01  0.511967E+00
   0.477983E+01  0.518862E+00
   0.478211E+01  0.525501E+00
   0.478414E+01  0.531157E+00
   0.478644E+01  0.537268E+00
   0.478758E+01  0.540198E+00
   0.478873E+01  0.543057E+00
   0.478988E+01  0.545837E+00
   0.479102E+01  0.548486E+00
   0.479217E+01  0.551031E+00
   0.479332E+01  0.553509E+00
   0.479447E+01  0.555929E+00
   0.479562E+01  0.558305E+00
   0.479677E+01  0.560649E+00
   0.479792E+01  0.563022E+00
   0.479907E+01  0.565256E+00
   0.480022E+01  0.567442E+00
   0.480138E+01  0.569619E+00
   0.480195E+01  0.570677E+00
   0.480253E+01  0.571695E+00
   0.480311E+01  0.572661E+00
   0.480368E+01  0.573605E+00
   0.480484E+01  0.575387E+00
   0.480599E+01  0.577101E+00
   0.480715E+01  0.578735E+00
   0.480830E+01  0.580295E+00
   0.480946E+01  0.581765E+00
   0.481062E+01  0.583152E+00
   0.481119E+01  0.583807E+00
   0.481177E+01  0.584407E+00
   0.481235E+01  0.584974E+00
   0.481293E+01  0.585521E+00
   0.481351E+01  0.586028E+00
   0.481409E+01  0.586499E+00
   0.481467E+01  0.586913E+00
   0.481525E+01  0.587281E+00
   0.481583E+01  0.587600E+00
   0.481641E+01  0.587870E+00
   0.481699E+01  0.588073E+00
   0.481757E+01  0.588243E+00
   0.481815E+01  0.588358E+00
   0.481873E+01  0.588413E+00
   0.481931E+01  0.588386E+00
   0.481989E+01  0.588311E+00
   0.482047E+01  0.588140E+00
   0.482105E+01  0.587904E+00
   0.482163E+01  0.587583E+00
   0.482222E+01  0.587192E+00
   0.482280E+01  0.586661E+00
   0.482338E+01  0.586019E+00
   0.482396E+01  0.585267E+00
   0.482454E+01  0.584417E+00
   0.482512E+01  0.583452E+00
   0.482571E+01  0.582298E+00
   0.482629E+01  0.580935E+00
   0.482687E+01  0.579284E+00
   0.482716E+01  0.578392E+00
   0.482745E+01  0.577440E+00
   0.482775E+01  0.576430E+00
   0.482804E+01  0.575376E+00
   0.482862E+01  0.573026E+00
   0.482920E+01  0.570436E+00
   0.482979E+01  0.567749E+00
   0.483037E+01  0.564937E+00
   0.483095E+01  0.562131E+00
   0.483154E+01  0.559172E+00
   0.483212E+01  0.556127E+00
   0.483270E+01  0.553045E+00
   0.483329E+01  0.549803E+00
   0.483358E+01  0.548063E+00
   0.483387E+01  0.546221E+00
   0.483416E+01  0.544145E+00
   0.483446E+01  0.541782E+00
   0.483475E+01  0.539184E+00
   0.483504E+01  0.536310E+00
   0.483551E+01  0.531222E+00
   0.483574E+01  0.528379E+00
   0.483598E+01  0.525061E+00
   0.483621E+01  0.521405E+00
   0.483644E+01  0.517041E+00
   0.483668E+01  0.511939E+00
   0.483691E+01  0.506079E+00
   0.483715E+01  0.499458E+00
   0.483738E+01  0.491865E+00
   0.483761E+01  0.483281E+00
   0.483785E+01  0.473531E+00
   0.483808E+01  0.461932E+00
   0.483832E+01  0.447897E+00
   0.483855E+01  0.430747E+00
   0.483867E+01  0.420994E+00
   0.483878E+01  0.410282E+00
   0.483890E+01  0.398338E+00
   0.483902E+01  0.384705E+00
   0.483925E+01  0.354053E+00
   0.483949E+01  0.318172E+00
   0.483960E+01  0.298226E+00
   0.483972E+01  0.276883E+00
   0.483984E+01  0.254903E+00
   0.483995E+01  0.232646E+00
   0.484007E+01  0.208544E+00
   0.484019E+01  0.185491E+00
   0.484031E+01  0.162981E+00
   0.484042E+01  0.144185E+00
   0.484054E+01  0.127863E+00
   0.484066E+01  0.115946E+00
   0.484078E+01  0.108498E+00
   0.484089E+01  0.104590E+00
   0.484101E+01  0.104774E+00
   0.484113E+01  0.108821E+00
   0.484124E+01  0.118045E+00
   0.484136E+01  0.130749E+00
   0.484148E+01  0.146625E+00
   0.484160E+01  0.168689E+00
   0.484171E+01  0.189897E+00
   0.484183E+01  0.211872E+00
   0.484195E+01  0.234174E+00
   0.484206E+01  0.256053E+00
   0.484230E+01  0.300955E+00
   0.484253E+01  0.341591E+00
   0.484277E+01  0.377190E+00
   0.484300E+01  0.409215E+00
   0.484324E+01  0.433683E+00
   0.484347E+01  0.452999E+00
   0.484371E+01  0.468926E+00
   0.484394E+01  0.481864E+00
   0.484418E+01  0.492701E+00
   0.484441E+01  0.502318E+00
   0.484465E+01  0.510316E+00
   0.484488E+01  0.517087E+00
   0.484511E+01  0.522852E+00
   0.484535E+01  0.527904E+00
   0.484558E+01  0.532033E+00
   0.484582E+01  0.535583E+00
   0.484605E+01  0.538700E+00
   0.484629E+01  0.541566E+00
   0.484676E+01  0.546289E+00
   0.484699E+01  0.548205E+00
   0.484723E+01  0.549867E+00
   0.484746E+01  0.551331E+00
   0.484770E+01  0.552627E+00
   0.484793E+01  0.553731E+00
   0.484817E+01  0.554595E+00
   0.484864E+01  0.555891E+00
   0.484911E+01  0.556545E+00
   0.484958E+01  0.556766E+00
   0.484982E+01  0.556716E+00
   0.485005E+01  0.556557E+00
   0.485029E+01  0.556200E+00
   0.485052E+01  0.555420E+00
   0.485076E+01  0.554153E+00
   0.485099E+01  0.552446E+00
   0.485123E+01  0.550171E+00
   0.485146E+01  0.547313E+00
   0.485193E+01  0.540719E+00
   0.485240E+01  0.533798E+00
   0.485288E+01  0.526867E+00
   0.485335E+01  0.519936E+00
   0.485382E+01  0.512955E+00
   0.485429E+01  0.505890E+00
   0.485476E+01  0.498768E+00
   0.485523E+01  0.491729E+00
   0.485570E+01  0.484527E+00
   0.485618E+01  0.477036E+00
   0.485665E+01  0.469262E+00
   0.485712E+01  0.461249E+00
   0.485759E+01  0.453072E+00
   0.485806E+01  0.444616E+00
   0.485853E+01  0.435830E+00
   0.485901E+01  0.426946E+00
   0.485948E+01  0.417802E+00
   0.485995E+01  0.408296E+00
   0.486042E+01  0.398632E+00
   0.486090E+01  0.388694E+00
   0.486137E+01  0.378930E+00
   0.486184E+01  0.369161E+00
   0.486231E+01  0.359515E+00
   0.486279E+01  0.349792E+00
   0.486326E+01  0.340135E+00
   0.486373E+01  0.330274E+00
   0.486421E+01  0.320583E+00
   0.486468E+01  0.310972E+00
   0.486515E+01  0.301336E+00
   0.486563E+01  0.291848E+00
   0.486586E+01  0.287195E+00
   0.486610E+01  0.282513E+00
   0.486634E+01  0.277935E+00
   0.486657E+01  0.273386E+00
   0.486705E+01  0.264344E+00
   0.486752E+01  0.255088E+00
   0.486776E+01  0.250460E+00
   0.486800E+01  0.245832E+00
   0.486823E+01  0.241306E+00
   0.486944E+01  0.219504E+00
   0.487063E+01  0.198490E+00
   0.487181E+01  0.179202E+00
   0.487300E+01  0.161281E+00
   0.487538E+01  0.127091E+00
   0.487775E+01  0.984845E-01
   0.487847E+01  0.908541E-01
   0.487942E+01  0.811161E-01
   0.487966E+01  0.789023E-01
   0.488014E+01  0.743655E-01
   0.488061E+01  0.693833E-01
   0.488109E+01  0.647946E-01
   0.488157E+01  0.606922E-01
   0.488204E+01  0.567323E-01
   0.488252E+01  0.532388E-01
   0.488323E+01  0.481764E-01
   0.488371E+01  0.449859E-01
   0.488419E+01  0.419849E-01
   0.488490E+01  0.377474E-01
   0.488514E+01  0.363197E-01
   0.488562E+01  0.337480E-01
   0.488586E+01  0.325513E-01
   0.488610E+01  0.313533E-01
   0.488634E+01  0.302319E-01
   0.488669E+01  0.286089E-01
   0.488729E+01  0.260475E-01
   0.488789E+01  0.235396E-01
   0.488849E+01  0.209059E-01
   0.488873E+01  0.198369E-01
   0.488884E+01  0.193644E-01
   0.488902E+01  0.186909E-01
   0.488950E+01  0.169651E-01
   0.488998E+01  0.153920E-01
   0.489045E+01  0.138237E-01
   0.489093E+01  0.123030E-01
   0.489141E+01  0.108862E-01
   0.489189E+01  0.955482E-02
   0.489237E+01  0.834276E-02
   0.489285E+01  0.732633E-02
   0.489333E+01  0.650143E-02
   0.489356E+01  0.616001E-02
   0.489380E+01  0.586891E-02
   0.489404E+01  0.562550E-02
   0.489428E+01  0.542091E-02
   0.489452E+01  0.524396E-02
   0.489476E+01  0.509747E-02
   0.489500E+01  0.496941E-02
   0.489524E+01  0.486410E-02
   0.489548E+01  0.477962E-02
   0.489572E+01  0.473111E-02
   0.489596E+01  0.473276E-02
   0.489620E+01  0.478467E-02
   0.489668E+01  0.496166E-02
   0.489716E+01  0.518082E-02
   0.489764E+01  0.545245E-02
   0.489812E+01  0.578280E-02
   0.489860E+01  0.616857E-02
   0.489908E+01  0.661871E-02
   0.489956E+01  0.714439E-02
   0.490004E+01  0.776706E-02
   0.490052E+01  0.851402E-02
   0.490076E+01  0.897022E-02
   0.490100E+01  0.952917E-02
   0.490124E+01  0.102500E-01
   0.490148E+01  0.111713E-01
   0.490172E+01  0.123094E-01
   0.490196E+01  0.137278E-01
   0.490220E+01  0.154151E-01
   0.490244E+01  0.174658E-01
   0.490268E+01  0.200031E-01
   0.490292E+01  0.232645E-01
   0.490340E+01  0.322738E-01
   0.490388E+01  0.447767E-01
   0.490407E+01  0.503116E-01
   0.490431E+01  0.584397E-01
   0.490443E+01  0.629788E-01
   0.490455E+01  0.679373E-01
   0.490467E+01  0.733331E-01
   0.490479E+01  0.792287E-01
   0.490503E+01  0.918946E-01
   0.490527E+01  0.106707E+00
   0.490551E+01  0.122044E+00
   0.490575E+01  0.138849E+00
   0.490599E+01  0.155688E+00
   0.490623E+01  0.172879E+00
   0.490648E+01  0.190035E+00
   0.490660E+01  0.200251E+00
   0.490672E+01  0.208295E+00
   0.490684E+01  0.216077E+00
   0.490696E+01  0.223500E+00
   0.490708E+01  0.230291E+00
   0.490720E+01  0.236534E+00
   0.490744E+01  0.248535E+00
   0.490768E+01  0.259930E+00
   0.490792E+01  0.270437E+00
   0.490814E+01  0.279478E+00
   0.490838E+01  0.289159E+00
   0.490862E+01  0.298350E+00
   0.490886E+01  0.306814E+00
   0.490910E+01  0.314753E+00
   0.490935E+01  0.321760E+00
   0.490947E+01  0.324827E+00
   0.490959E+01  0.327477E+00
   0.490971E+01  0.329859E+00
   0.490983E+01  0.331996E+00
   0.491007E+01  0.335326E+00
   0.491019E+01  0.336584E+00
   0.491031E+01  0.337259E+00
   0.491043E+01  0.337343E+00
   0.491055E+01  0.336702E+00
   0.491067E+01  0.335257E+00
   0.491079E+01  0.333069E+00
   0.491091E+01  0.330147E+00
   0.491103E+01  0.326692E+00
   0.491115E+01  0.323081E+00
   0.491127E+01  0.319417E+00
   0.491139E+01  0.315912E+00
   0.491152E+01  0.312750E+00
   0.491164E+01  0.310107E+00
   0.491176E+01  0.308555E+00
   0.491188E+01  0.308219E+00
   0.491200E+01  0.310127E+00
   0.491212E+01  0.313873E+00
   0.491224E+01  0.318936E+00
   0.491236E+01  0.325198E+00
   0.491248E+01  0.332417E+00
   0.491272E+01  0.347071E+00
   0.491284E+01  0.354087E+00
   0.491296E+01  0.360776E+00
   0.491308E+01  0.367062E+00
   0.491320E+01  0.372792E+00
   0.491333E+01  0.378006E+00
   0.491345E+01  0.382573E+00
   0.491357E+01  0.386885E+00
   0.491369E+01  0.391385E+00
   0.491393E+01  0.397934E+00
   0.491417E+01  0.403130E+00
   0.491441E+01  0.407499E+00
   0.491465E+01  0.411199E+00
   0.491490E+01  0.414215E+00
   0.491514E+01  0.416955E+00
   0.491538E+01  0.419461E+00
   0.491562E+01  0.421704E+00
   0.491586E+01  0.423793E+00
   0.491610E+01  0.425731E+00
   0.491635E+01  0.427481E+00
   0.491659E+01  0.429030E+00
   0.491683E+01  0.430391E+00
   0.491695E+01  0.431024E+00
   0.491707E+01  0.431586E+00
   0.491719E+01  0.432076E+00
   0.491731E+01  0.432512E+00
   0.491755E+01  0.433347E+00
   0.491780E+01  0.434037E+00
   0.491828E+01  0.435162E+00
   0.491876E+01  0.435958E+00
   0.491925E+01  0.436601E+00
   0.491949E+01  0.436719E+00
   0.491973E+01  0.436657E+00
   0.492022E+01  0.436140E+00
   0.492070E+01  0.435131E+00
   0.492119E+01  0.433790E+00
   0.492167E+01  0.432092E+00
   0.492215E+01  0.430019E+00
   0.492264E+01  0.427466E+00
   0.492312E+01  0.424292E+00
   0.492361E+01  0.420612E+00
   0.492409E+01  0.416320E+00
   0.492458E+01  0.411468E+00
   0.492506E+01  0.405941E+00
   0.492555E+01  0.399666E+00
   0.492579E+01  0.396348E+00
   0.492603E+01  0.392620E+00
   0.492628E+01  0.388918E+00
   0.492652E+01  0.384912E+00
   0.492676E+01  0.380638E+00
   0.492701E+01  0.376323E+00
   0.492725E+01  0.372033E+00
   0.492749E+01  0.367886E+00
   0.492773E+01  0.364030E+00
   0.492798E+01  0.360672E+00
   0.492810E+01  0.359194E+00
   0.492822E+01  0.357913E+00
   0.492846E+01  0.355772E+00
   0.492870E+01  0.353782E+00
   0.492895E+01  0.351941E+00
   0.492919E+01  0.350202E+00
   0.492931E+01  0.349397E+00
   0.492943E+01  0.348690E+00
   0.492955E+01  0.348109E+00
   0.492968E+01  0.347697E+00
   0.492980E+01  0.347412E+00
   0.492992E+01  0.347220E+00
   0.493004E+01  0.347208E+00
   0.493016E+01  0.347459E+00
   0.493028E+01  0.347925E+00
   0.493041E+01  0.348535E+00
   0.493053E+01  0.349270E+00
   0.493065E+01  0.350130E+00
   0.493077E+01  0.351059E+00
   0.493089E+01  0.352025E+00
   0.493101E+01  0.352993E+00
   0.493114E+01  0.353973E+00
   0.493126E+01  0.354983E+00
   0.493138E+01  0.355995E+00
   0.493162E+01  0.358054E+00
   0.493187E+01  0.360336E+00
   0.493211E+01  0.362893E+00
   0.493235E+01  0.365756E+00
   0.493247E+01  0.367473E+00
   0.493260E+01  0.369406E+00
   0.493272E+01  0.371499E+00
   0.493284E+01  0.373780E+00
   0.493296E+01  0.376223E+00
   0.493308E+01  0.378869E+00
   0.493333E+01  0.384477E+00
   0.493357E+01  0.390252E+00
   0.493381E+01  0.396279E+00
   0.493393E+01  0.398837E+00
   0.493406E+01  0.401012E+00
   0.493418E+01  0.402824E+00
   0.493430E+01  0.404261E+00
   0.493442E+01  0.405238E+00
   0.493454E+01  0.405763E+00
   0.493466E+01  0.405949E+00
   0.493479E+01  0.405818E+00
   0.493503E+01  0.405239E+00
   0.493527E+01  0.404367E+00
   0.493552E+01  0.403572E+00
   0.493576E+01  0.402901E+00
   0.493600E+01  0.402441E+00
   0.493613E+01  0.402367E+00
   0.493625E+01  0.402436E+00
   0.493637E+01  0.402784E+00
   0.493649E+01  0.403385E+00
   0.493661E+01  0.404424E+00
   0.493673E+01  0.405800E+00
   0.493686E+01  0.407605E+00
   0.493698E+01  0.410069E+00
   0.493722E+01  0.415630E+00
   0.493747E+01  0.422429E+00
   0.493771E+01  0.430152E+00
   0.493783E+01  0.433769E+00
   0.493795E+01  0.436586E+00
   0.493808E+01  0.438678E+00
   0.493820E+01  0.440225E+00
   0.493832E+01  0.441288E+00
   0.493844E+01  0.441875E+00
   0.493856E+01  0.442019E+00
   0.493869E+01  0.441580E+00
   0.493881E+01  0.440506E+00
   0.493893E+01  0.439117E+00
   0.493905E+01  0.437578E+00
   0.493917E+01  0.436258E+00
   0.493930E+01  0.435206E+00
   0.493942E+01  0.434357E+00
   0.493954E+01  0.433626E+00
   0.493966E+01  0.432911E+00
   0.493978E+01  0.432155E+00
   0.493991E+01  0.431160E+00
   0.494003E+01  0.429699E+00
   0.494015E+01  0.427672E+00
   0.494027E+01  0.424888E+00
   0.494039E+01  0.420978E+00
   0.494052E+01  0.415794E+00
   0.494064E+01  0.409638E+00
   0.494076E+01  0.401989E+00
   0.494088E+01  0.392535E+00
   0.494113E+01  0.369717E+00
   0.494137E+01  0.342115E+00
   0.494161E+01  0.312623E+00
   0.494186E+01  0.284206E+00
   0.494198E+01  0.271336E+00
   0.494210E+01  0.260009E+00
   0.494223E+01  0.250819E+00
   0.494235E+01  0.244281E+00
   0.494247E+01  0.241219E+00
   0.494259E+01  0.242335E+00
   0.494271E+01  0.246610E+00
   0.494284E+01  0.254027E+00
   0.494296E+01  0.263848E+00
   0.494308E+01  0.276655E+00
   0.494332E+01  0.305867E+00
   0.494357E+01  0.337347E+00
   0.494381E+01  0.370460E+00
   0.494406E+01  0.398906E+00
   0.494430E+01  0.422534E+00
   0.494442E+01  0.432490E+00
   0.494455E+01  0.441114E+00
   0.494467E+01  0.448756E+00
   0.494479E+01  0.455360E+00
   0.494504E+01  0.467700E+00
   0.494528E+01  0.478938E+00
   0.494552E+01  0.488828E+00
   0.494577E+01  0.497669E+00
   0.494589E+01  0.501498E+00
   0.494602E+01  0.504887E+00
   0.494614E+01  0.507798E+00
   0.494626E+01  0.510287E+00
   0.494638E+01  0.512405E+00
   0.494650E+01  0.514293E+00
   0.494663E+01  0.515967E+00
   0.494675E+01  0.517356E+00
   0.494687E+01  0.518642E+00
   0.494699E+01  0.519846E+00
   0.494712E+01  0.520997E+00
   0.494724E+01  0.522069E+00
   0.494736E+01  0.523183E+00
   0.494748E+01  0.524346E+00
   0.494761E+01  0.525549E+00
   0.494773E+01  0.526746E+00
   0.494785E+01  0.527836E+00
   0.494797E+01  0.528787E+00
   0.494810E+01  0.529637E+00
   0.494822E+01  0.530364E+00
   0.494834E+01  0.531007E+00
   0.494846E+01  0.531562E+00
   0.494858E+01  0.532009E+00
   0.494871E+01  0.532379E+00
   0.494895E+01  0.532969E+00
   0.494920E+01  0.533399E+00
   0.494944E+01  0.533702E+00
   0.494969E+01  0.533839E+00
   0.494993E+01  0.533843E+00
   0.495018E+01  0.533734E+00
   0.495030E+01  0.533660E+00
   0.495042E+01  0.533552E+00
   0.495055E+01  0.533404E+00
   0.495067E+01  0.533221E+00
   0.495079E+01  0.532986E+00
   0.495091E+01  0.532702E+00
   0.495116E+01  0.532026E+00
   0.495165E+01  0.530360E+00
   0.495214E+01  0.528307E+00
   0.495238E+01  0.527095E+00
   0.495263E+01  0.525806E+00
   0.495287E+01  0.524452E+00
   0.495312E+01  0.523015E+00
   0.495337E+01  0.521509E+00
   0.495361E+01  0.519946E+00
   0.495386E+01  0.518323E+00
   0.495410E+01  0.516714E+00
   0.495422E+01  0.516042E+00
   0.495435E+01  0.515477E+00
   0.495447E+01  0.515010E+00
   0.495459E+01  0.514639E+00
   0.495472E+01  0.514345E+00
   0.495484E+01  0.514188E+00
   0.495496E+01  0.514149E+00
   0.495508E+01  0.514243E+00
   0.495533E+01  0.514622E+00
   0.495557E+01  0.515119E+00
   0.495582E+01  0.515718E+00
   0.495607E+01  0.516381E+00
   0.495631E+01  0.517128E+00
   0.495656E+01  0.517923E+00
   0.495680E+01  0.518790E+00
   0.495705E+01  0.519698E+00
   0.495730E+01  0.520681E+00
   0.495754E+01  0.521718E+00
   0.495779E+01  0.522883E+00
   0.495803E+01  0.524175E+00
   0.495828E+01  0.525659E+00
   0.495852E+01  0.527278E+00
   0.495877E+01  0.529109E+00
   0.495902E+01  0.530985E+00
   0.495926E+01  0.532931E+00
   0.495951E+01  0.534836E+00
   0.495975E+01  0.536520E+00
   0.496000E+01  0.537873E+00
   0.496025E+01  0.538972E+00
   0.496049E+01  0.539724E+00
   0.496074E+01  0.540278E+00
   0.496098E+01  0.540605E+00
   0.496123E+01  0.540815E+00
   0.496148E+01  0.540899E+00
   0.496172E+01  0.540974E+00
   0.496197E+01  0.541220E+00
   0.496221E+01  0.541670E+00
   0.496246E+01  0.542564E+00
   0.496271E+01  0.544035E+00
   0.496295E+01  0.546067E+00
   0.496320E+01  0.548451E+00
   0.496345E+01  0.550992E+00
   0.496369E+01  0.553451E+00
   0.496394E+01  0.555613E+00
   0.496419E+01  0.557492E+00
   0.496443E+01  0.559203E+00
   0.496468E+01  0.560842E+00
   0.496530E+01  0.564592E+00
   0.496591E+01  0.568014E+00
   0.496622E+01  0.569480E+00
   0.496653E+01  0.570620E+00
   0.496684E+01  0.571430E+00
   0.496715E+01  0.572049E+00
   0.496745E+01  0.572483E+00
   0.496776E+01  0.572744E+00
   0.496807E+01  0.572864E+00
   0.496838E+01  0.572850E+00
   0.496869E+01  0.572753E+00
   0.496900E+01  0.572604E+00
   0.496931E+01  0.572392E+00
   0.496961E+01  0.572164E+00
   0.496992E+01  0.571914E+00
   0.497023E+01  0.571616E+00
   0.497054E+01  0.571287E+00
   0.497085E+01  0.570928E+00
   0.497147E+01  0.570097E+00
   0.497209E+01  0.569223E+00
   0.497332E+01  0.567383E+00
   0.497456E+01  0.565380E+00
   0.497518E+01  0.564244E+00
   0.497549E+01  0.563638E+00
   0.497580E+01  0.562938E+00
   0.497605E+01  0.562302E+00
   0.497629E+01  0.561581E+00
   0.497654E+01  0.560695E+00
   0.497679E+01  0.559412E+00
   0.497691E+01  0.558610E+00
   0.497703E+01  0.557617E+00
   0.497716E+01  0.556384E+00
   0.497728E+01  0.554948E+00
   0.497741E+01  0.553334E+00
   0.497753E+01  0.551541E+00
   0.497766E+01  0.549838E+00
   0.497778E+01  0.548433E+00
   0.497790E+01  0.547386E+00
   0.497803E+01  0.546742E+00
   0.497815E+01  0.546556E+00
   0.497827E+01  0.546940E+00
   0.497840E+01  0.547712E+00
   0.497852E+01  0.548741E+00
   0.497865E+01  0.549960E+00
   0.497877E+01  0.551329E+00
   0.497889E+01  0.552710E+00
   0.497902E+01  0.553890E+00
   0.497914E+01  0.554893E+00
   0.497927E+01  0.555741E+00
   0.497939E+01  0.556398E+00
   0.497951E+01  0.556909E+00
   0.497964E+01  0.557301E+00
   0.497976E+01  0.557594E+00
   0.498001E+01  0.557892E+00
   0.498026E+01  0.558042E+00
   0.498051E+01  0.558081E+00
   0.498075E+01  0.557998E+00
   0.498100E+01  0.557856E+00
   0.498150E+01  0.557461E+00
   0.498200E+01  0.556944E+00
   0.498249E+01  0.556263E+00
   0.498299E+01  0.555340E+00
   0.498324E+01  0.554699E+00
   0.498348E+01  0.553954E+00
   0.498373E+01  0.553117E+00
   0.498398E+01  0.552172E+00
   0.498448E+01  0.549831E+00
   0.498473E+01  0.548499E+00
   0.498498E+01  0.547012E+00
   0.498522E+01  0.545276E+00
   0.498547E+01  0.543234E+00
   0.498560E+01  0.542069E+00
   0.498572E+01  0.540760E+00
   0.498585E+01  0.539325E+00
   0.498597E+01  0.537781E+00
   0.498622E+01  0.534345E+00
   0.498647E+01  0.530944E+00
   0.498672E+01  0.527630E+00
   0.498696E+01  0.524705E+00
   0.498709E+01  0.523468E+00
   0.498721E+01  0.522428E+00
   0.498734E+01  0.521640E+00
   0.498746E+01  0.521163E+00
   0.498759E+01  0.520938E+00
   0.498771E+01  0.520978E+00
   0.498783E+01  0.521264E+00
   0.498796E+01  0.521690E+00
   0.498821E+01  0.522783E+00
   0.498846E+01  0.523911E+00
   0.498858E+01  0.524391E+00
   0.498871E+01  0.524727E+00
   0.498883E+01  0.524983E+00
   0.498895E+01  0.525196E+00
   0.498920E+01  0.525498E+00
   0.498945E+01  0.525718E+00
   0.498970E+01  0.525910E+00
   0.498995E+01  0.526155E+00
   0.499020E+01  0.526457E+00
   0.499045E+01  0.526820E+00
   0.499070E+01  0.527326E+00
   0.499095E+01  0.527921E+00
   0.499120E+01  0.528679E+00
   0.499145E+01  0.529527E+00
   0.499170E+01  0.530333E+00
   0.499194E+01  0.531096E+00
   0.499219E+01  0.531800E+00
   0.499244E+01  0.532374E+00
   0.499269E+01  0.532813E+00
   0.499294E+01  0.533143E+00
   0.499319E+01  0.533328E+00
   0.499344E+01  0.533415E+00
   0.499369E+01  0.533394E+00
   0.499394E+01  0.533313E+00
   0.499419E+01  0.533242E+00
   0.499444E+01  0.533196E+00
   0.499469E+01  0.533157E+00
   0.499494E+01  0.533129E+00
   0.499519E+01  0.533115E+00
   0.499543E+01  0.533107E+00
   0.499594E+01  0.533121E+00
   0.499643E+01  0.533167E+00
   0.499693E+01  0.533274E+00
   0.499743E+01  0.533400E+00
   0.499793E+01  0.533549E+00
   0.499843E+01  0.533700E+00
   0.499893E+01  0.533837E+00
   0.499943E+01  0.533960E+00
   0.499968E+01  0.534000E+00
   0.499993E+01  0.534023E+00
   0.500018E+01  0.534030E+00
   0.500043E+01  0.534025E+00
   0.500068E+01  0.534017E+00
   0.500093E+01  0.533979E+00
   0.500118E+01  0.533938E+00
   0.500143E+01  0.533886E+00
   0.500193E+01  0.533737E+00
   0.500243E+01  0.533547E+00
   0.500268E+01  0.533440E+00
   0.500281E+01  0.533350E+00
   0.500293E+01  0.533251E+00
   0.500306E+01  0.533139E+00
   0.500318E+01  0.532993E+00
   0.500343E+01  0.532631E+00
   0.500368E+01  0.532180E+00
   0.500394E+01  0.531653E+00
   0.500406E+01  0.531374E+00
   0.500419E+01  0.531121E+00
   0.500431E+01  0.530887E+00
   0.500444E+01  0.530706E+00
   0.500456E+01  0.530581E+00
   0.500469E+01  0.530493E+00
   0.500481E+01  0.530453E+00
   0.500494E+01  0.530454E+00
   0.500506E+01  0.530485E+00
   0.500519E+01  0.530548E+00
   0.500531E+01  0.530626E+00
   0.500544E+01  0.530738E+00
   0.500556E+01  0.530861E+00
   0.500569E+01  0.531000E+00
   0.500581E+01  0.531126E+00
   0.500594E+01  0.531202E+00
   0.500607E+01  0.531238E+00
   0.500619E+01  0.531219E+00
   0.500632E+01  0.531159E+00
   0.500644E+01  0.531085E+00
   0.500657E+01  0.530983E+00
   0.500669E+01  0.530880E+00
   0.500682E+01  0.530769E+00
   0.500694E+01  0.530656E+00
   0.500707E+01  0.530539E+00
   0.500719E+01  0.530421E+00
   0.500732E+01  0.530302E+00
   0.500744E+01  0.530175E+00
   0.500757E+01  0.530051E+00
   0.500770E+01  0.529911E+00
   0.500782E+01  0.529785E+00
   0.500795E+01  0.529650E+00
   0.500807E+01  0.529519E+00
   0.500820E+01  0.529382E+00
   0.500832E+01  0.529234E+00
   0.500845E+01  0.529095E+00
   0.500870E+01  0.528807E+00
   0.500895E+01  0.528517E+00
   0.500920E+01  0.528230E+00
   0.500945E+01  0.527934E+00
   0.501008E+01  0.527146E+00
   0.501071E+01  0.526315E+00
   0.501133E+01  0.525494E+00
   0.501196E+01  0.524712E+00
   0.501259E+01  0.523990E+00
   0.501322E+01  0.523305E+00
   0.501448E+01  0.521993E+00
   0.501510E+01  0.521322E+00
   0.501573E+01  0.520648E+00
   0.501636E+01  0.519939E+00
   0.501699E+01  0.519160E+00
   0.501762E+01  0.518291E+00
   0.501825E+01  0.517348E+00
   0.501888E+01  0.516332E+00
   0.501951E+01  0.515251E+00
   0.502077E+01  0.512861E+00
   0.502203E+01  0.510382E+00
   0.502329E+01  0.507831E+00
   0.502456E+01  0.505257E+00
   0.502582E+01  0.502660E+00
   0.502708E+01  0.500060E+00
   0.502834E+01  0.497614E+00
   0.502961E+01  0.495275E+00
   0.503024E+01  0.494224E+00
   0.503088E+01  0.493256E+00
   0.503151E+01  0.492396E+00
   0.503214E+01  0.491646E+00
   0.503277E+01  0.491027E+00
   0.503341E+01  0.490489E+00
   0.503404E+01  0.490046E+00
   0.503468E+01  0.489658E+00
   0.503499E+01  0.489502E+00
   0.503531E+01  0.489378E+00
   0.503563E+01  0.489275E+00
   0.503594E+01  0.489200E+00
   0.503626E+01  0.489180E+00
   0.503658E+01  0.489208E+00
   0.503689E+01  0.489314E+00
   0.503721E+01  0.489434E+00
   0.503785E+01  0.489731E+00
   0.503848E+01  0.490108E+00
   0.503911E+01  0.490550E+00
   0.503975E+01  0.491080E+00
   0.504038E+01  0.491655E+00
   0.504102E+01  0.492240E+00
   0.504166E+01  0.492885E+00
   0.504229E+01  0.493542E+00
   0.504356E+01  0.494920E+00
   0.504484E+01  0.496380E+00
   0.504611E+01  0.497865E+00
   0.504738E+01  0.499365E+00
   0.504866E+01  0.500873E+00
   0.504993E+01  0.502409E+00
   0.505121E+01  0.504061E+00
   0.505248E+01  0.505751E+00
   0.505312E+01  0.506659E+00
   0.505376E+01  0.507581E+00
   0.505440E+01  0.508528E+00
   0.505504E+01  0.509524E+00
   0.505568E+01  0.510641E+00
   0.505632E+01  0.511815E+00
   0.505696E+01  0.513054E+00
   0.505759E+01  0.514385E+00
   0.505823E+01  0.515786E+00
   0.505887E+01  0.517232E+00
   0.505951E+01  0.518762E+00
   0.506015E+01  0.520340E+00
   0.506079E+01  0.521995E+00
   0.506143E+01  0.523679E+00
   0.506208E+01  0.525417E+00
   0.506272E+01  0.527234E+00
   0.506400E+01  0.531039E+00
   0.506528E+01  0.534825E+00
   0.506656E+01  0.538734E+00
   0.506785E+01  0.542602E+00
   0.506849E+01  0.544607E+00
   0.506913E+01  0.546629E+00
   0.506977E+01  0.548695E+00
   0.507042E+01  0.550775E+00
   0.507106E+01  0.552874E+00
   0.507170E+01  0.555148E+00
   0.507235E+01  0.557473E+00
   0.507299E+01  0.560044E+00
   0.507363E+01  0.562710E+00
   0.507428E+01  0.565517E+00
   0.507492E+01  0.568553E+00
   0.507557E+01  0.571778E+00
   0.507621E+01  0.575197E+00
   0.507685E+01  0.578748E+00
   0.507750E+01  0.582358E+00
   0.507814E+01  0.586080E+00
   0.507879E+01  0.589842E+00
   0.507943E+01  0.593567E+00
   0.508008E+01  0.597223E+00
   0.508072E+01  0.600760E+00
   0.508137E+01  0.604130E+00
   0.508202E+01  0.607362E+00
   0.508331E+01  0.613584E+00
   0.508460E+01  0.619700E+00
   0.508589E+01  0.625627E+00
   0.508654E+01  0.628340E+00
   0.508719E+01  0.630876E+00
   0.508783E+01  0.633160E+00
   0.508848E+01  0.635246E+00
   0.508880E+01  0.636185E+00
   0.508913E+01  0.637062E+00
   0.508945E+01  0.637841E+00
   0.508978E+01  0.638577E+00
   0.509042E+01  0.639847E+00
   0.509107E+01  0.640977E+00
   0.509172E+01  0.641894E+00
   0.509237E+01  0.642726E+00
   0.509302E+01  0.643465E+00
   0.509366E+01  0.644113E+00
   0.509431E+01  0.644687E+00
   0.509496E+01  0.645205E+00
   0.509561E+01  0.645680E+00
   0.509626E+01  0.646132E+00
   0.509691E+01  0.646479E+00
   0.509756E+01  0.646812E+00
   0.509821E+01  0.647014E+00
   0.509886E+01  0.647219E+00
   0.509951E+01  0.647357E+00
   0.510016E+01  0.647461E+00
   0.510081E+01  0.647520E+00
   0.510146E+01  0.647559E+00
   0.510211E+01  0.647565E+00
   0.510276E+01  0.647509E+00
   0.510341E+01  0.647420E+00
   0.510407E+01  0.647297E+00
   0.510472E+01  0.647130E+00
   0.510537E+01  0.646948E+00
   0.510602E+01  0.646731E+00
   0.510667E+01  0.646466E+00
   0.510732E+01  0.646182E+00
   0.510798E+01  0.645887E+00
   0.510863E+01  0.645544E+00
   0.510928E+01  0.645180E+00
   0.511059E+01  0.644404E+00
   0.511189E+01  0.643554E+00
   0.511320E+01  0.642667E+00
   0.511451E+01  0.641753E+00
   0.511516E+01  0.641261E+00
   0.511582E+01  0.640729E+00
   0.511647E+01  0.640096E+00
   0.511680E+01  0.639675E+00
   0.511713E+01  0.639191E+00
   0.511745E+01  0.638547E+00
   0.511778E+01  0.637741E+00
   0.511811E+01  0.636768E+00
   0.511844E+01  0.635595E+00
   0.511876E+01  0.634273E+00
   0.511909E+01  0.632831E+00
   0.511942E+01  0.631312E+00
   0.511975E+01  0.629748E+00
   0.512040E+01  0.626443E+00
   0.512106E+01  0.622947E+00
   0.512171E+01  0.618982E+00
   0.512204E+01  0.616866E+00
   0.512237E+01  0.614664E+00
   0.512270E+01  0.612297E+00
   0.512303E+01  0.609764E+00
   0.512368E+01  0.604401E+00
   0.512434E+01  0.598690E+00
   0.512499E+01  0.592596E+00
   0.512565E+01  0.586020E+00
   0.512631E+01  0.579087E+00
   0.512697E+01  0.571661E+00
   0.512762E+01  0.564006E+00
   0.512828E+01  0.555752E+00
   0.512894E+01  0.547194E+00
   0.512960E+01  0.538076E+00
   0.513025E+01  0.528771E+00
   0.513091E+01  0.519345E+00
   0.513157E+01  0.509752E+00
   0.513223E+01  0.499597E+00
   0.513289E+01  0.489256E+00
   0.513420E+01  0.468352E+00
   0.513552E+01  0.446840E+00
   0.513684E+01  0.425011E+00
   0.513816E+01  0.402926E+00
   0.513882E+01  0.391504E+00
   0.513948E+01  0.380185E+00
   0.514014E+01  0.368904E+00
   0.514080E+01  0.357847E+00
   0.514133E+01  0.348940E+00
   0.514186E+01  0.340020E+00
   0.514239E+01  0.331143E+00
   0.514292E+01  0.322390E+00
   0.514345E+01  0.313688E+00
   0.514398E+01  0.304778E+00
   0.514451E+01  0.296029E+00
   0.514504E+01  0.287461E+00
   0.514557E+01  0.278822E+00
   0.514610E+01  0.270361E+00
   0.514663E+01  0.261840E+00
   0.514715E+01  0.253397E+00
   0.514769E+01  0.245119E+00
   0.514822E+01  0.236846E+00
   0.514875E+01  0.228551E+00
   0.514928E+01  0.220304E+00
   0.514981E+01  0.212210E+00
   0.515034E+01  0.204000E+00
   0.515101E+01  0.193846E+00
   0.515167E+01  0.184208E+00
   0.515300E+01  0.165529E+00
   0.515433E+01  0.147324E+00
   0.515566E+01  0.129793E+00
   0.515699E+01  0.112189E+00
   0.515832E+01  0.957347E-01
   0.515965E+01  0.796330E-01
   0.516018E+01  0.737135E-01
   0.516071E+01  0.666762E-01
   0.516125E+01  0.608290E-01
   0.516165E+01  0.566160E-01
   0.516178E+01  0.551200E-01
   0.516231E+01  0.491697E-01
   0.516284E+01  0.434495E-01
   0.516311E+01  0.409769E-01
   0.516338E+01  0.386626E-01
   0.516364E+01  0.366719E-01
   0.516391E+01  0.344889E-01
   0.516418E+01  0.326156E-01
   0.516444E+01  0.312345E-01
   0.516471E+01  0.301912E-01
   0.516498E+01  0.293021E-01
   0.516524E+01  0.284902E-01
   0.516551E+01  0.278571E-01
   0.516578E+01  0.273109E-01
   0.516605E+01  0.269418E-01
   0.516631E+01  0.266028E-01
   0.516645E+01  0.264316E-01
   0.516658E+01  0.264332E-01
   0.516685E+01  0.267738E-01
   0.516711E+01  0.274479E-01
   0.516738E+01  0.281139E-01
   0.516765E+01  0.287706E-01
   0.516805E+01  0.300672E-01
   0.516845E+01  0.313462E-01
   0.516872E+01  0.324459E-01
   0.516898E+01  0.336993E-01
   0.516925E+01  0.350818E-01
   0.516952E+01  0.366028E-01
   0.516965E+01  0.373883E-01
   0.516978E+01  0.384436E-01
   0.516992E+01  0.397803E-01
   0.517005E+01  0.412720E-01
   0.517032E+01  0.445229E-01
   0.517059E+01  0.475165E-01
   0.517072E+01  0.487109E-01
   0.517085E+01  0.497531E-01
   0.517099E+01  0.504993E-01
   0.517112E+01  0.510081E-01
   0.517126E+01  0.512425E-01
   0.517139E+01  0.512457E-01
   0.517152E+01  0.510939E-01
   0.517166E+01  0.507890E-01
   0.517179E+01  0.504420E-01
   0.517192E+01  0.500708E-01
   0.517206E+01  0.497462E-01
   0.517219E+01  0.494680E-01
   0.517246E+01  0.489943E-01
   0.517259E+01  0.488490E-01
   0.517273E+01  0.487029E-01
   0.517286E+01  0.485504E-01
   0.517299E+01  0.486999E-01
   0.517313E+01  0.490046E-01
   0.517326E+01  0.495303E-01
   0.517340E+01  0.503471E-01
   0.517353E+01  0.513944E-01
   0.517366E+01  0.527480E-01
   0.517380E+01  0.545480E-01
   0.517393E+01  0.566727E-01
   0.517406E+01  0.586843E-01
   0.517420E+01  0.615625E-01
   0.517433E+01  0.649301E-01
   0.517460E+01  0.746689E-01
   0.517487E+01  0.848773E-01
   0.517514E+01  0.959501E-01
   0.517540E+01  0.107195E+00
   0.517567E+01  0.118763E+00
   0.517594E+01  0.131771E+00
   0.517621E+01  0.145974E+00
   0.517647E+01  0.162480E+00
   0.517674E+01  0.181664E+00
   0.517701E+01  0.205865E+00
   0.517728E+01  0.232826E+00
   0.517755E+01  0.262596E+00
   0.517782E+01  0.294237E+00
   0.517808E+01  0.326404E+00
   0.517835E+01  0.361777E+00
   0.517862E+01  0.392213E+00
   0.517889E+01  0.419815E+00
   0.517915E+01  0.444253E+00
   0.517928E+01  0.455375E+00
   0.517942E+01  0.465315E+00
   0.517955E+01  0.474241E+00
   0.517969E+01  0.482036E+00
   0.517995E+01  0.496113E+00
   0.518022E+01  0.509021E+00
   0.518049E+01  0.520823E+00
   0.518076E+01  0.531925E+00
   0.518103E+01  0.542010E+00
   0.518130E+01  0.551093E+00
   0.518156E+01  0.559006E+00
   0.518183E+01  0.565972E+00
   0.518210E+01  0.571757E+00
   0.518237E+01  0.576680E+00
   0.518264E+01  0.580866E+00
   0.518291E+01  0.583812E+00
   0.518318E+01  0.585061E+00
   0.518344E+01  0.583845E+00
   0.518358E+01  0.582056E+00
   0.518371E+01  0.579107E+00
   0.518385E+01  0.575005E+00
   0.518398E+01  0.570720E+00
   0.518412E+01  0.564152E+00
   0.518425E+01  0.556837E+00
   0.518438E+01  0.549146E+00
   0.518452E+01  0.541656E+00
   0.518465E+01  0.535370E+00
   0.518479E+01  0.530828E+00
   0.518492E+01  0.528764E+00
   0.518506E+01  0.529950E+00
   0.518519E+01  0.534502E+00
   0.518533E+01  0.542943E+00
   0.518546E+01  0.551455E+00
   0.518560E+01  0.560146E+00
   0.518573E+01  0.568486E+00
   0.518586E+01  0.576368E+00
   0.518600E+01  0.583636E+00
   0.518613E+01  0.590416E+00
   0.518627E+01  0.596534E+00
   0.518640E+01  0.601977E+00
   0.518654E+01  0.607127E+00
   0.518667E+01  0.612082E+00
   0.518680E+01  0.616873E+00
   0.518694E+01  0.621374E+00
   0.518707E+01  0.625601E+00
   0.518721E+01  0.629569E+00
   0.518734E+01  0.633277E+00
   0.518748E+01  0.636767E+00
   0.518761E+01  0.639944E+00
   0.518775E+01  0.642776E+00
   0.518788E+01  0.645417E+00
   0.518802E+01  0.647770E+00
   0.518829E+01  0.651746E+00
   0.518856E+01  0.655150E+00
   0.518882E+01  0.658030E+00
   0.518909E+01  0.660608E+00
   0.518936E+01  0.662918E+00
   0.518963E+01  0.665063E+00
   0.518990E+01  0.666981E+00
   0.519017E+01  0.668577E+00
   0.519044E+01  0.670026E+00
   0.519071E+01  0.671309E+00
   0.519098E+01  0.672531E+00
   0.519152E+01  0.674781E+00
   0.519206E+01  0.676782E+00
   0.519260E+01  0.678323E+00
   0.519287E+01  0.678930E+00
   0.519314E+01  0.679447E+00
   0.519341E+01  0.679846E+00
   0.519367E+01  0.680197E+00
   0.519395E+01  0.680482E+00
   0.519421E+01  0.680704E+00
   0.519475E+01  0.681113E+00
   0.519529E+01  0.681505E+00
   0.519583E+01  0.681889E+00
   0.519637E+01  0.682287E+00
   0.519691E+01  0.682688E+00
   0.519745E+01  0.683067E+00
   0.519799E+01  0.683422E+00
   0.519854E+01  0.683779E+00
   0.519908E+01  0.684091E+00
   0.519962E+01  0.684330E+00
   0.520016E+01  0.684488E+00
   0.520043E+01  0.684516E+00
   0.520070E+01  0.684474E+00
   0.520097E+01  0.684352E+00
   0.520124E+01  0.684151E+00
   0.520151E+01  0.683814E+00
   0.520178E+01  0.683384E+00
   0.520205E+01  0.682831E+00
   0.520232E+01  0.682099E+00
   0.520286E+01  0.680526E+00
   0.520341E+01  0.678659E+00
   0.520395E+01  0.676670E+00
   0.520449E+01  0.674573E+00
   0.520503E+01  0.672390E+00
   0.520557E+01  0.670034E+00
   0.520584E+01  0.668739E+00
   0.520611E+01  0.667396E+00
   0.520639E+01  0.665872E+00
   0.520666E+01  0.664280E+00
   0.520693E+01  0.662534E+00
   0.520720E+01  0.660653E+00
   0.520747E+01  0.658601E+00
   0.520774E+01  0.656450E+00
   0.520801E+01  0.654187E+00
   0.520828E+01  0.651738E+00
   0.520855E+01  0.649164E+00
   0.520883E+01  0.646326E+00
   0.520910E+01  0.643406E+00
   0.520937E+01  0.640371E+00
   0.520964E+01  0.637174E+00
   0.520991E+01  0.633802E+00
   0.521018E+01  0.630218E+00
   0.521045E+01  0.626323E+00
   0.521073E+01  0.622304E+00
   0.521100E+01  0.618074E+00
   0.521127E+01  0.613580E+00
   0.521154E+01  0.608849E+00
   0.521181E+01  0.604003E+00
   0.521209E+01  0.598946E+00
   0.521236E+01  0.593344E+00
   0.521263E+01  0.587390E+00
   0.521290E+01  0.580889E+00
   0.521317E+01  0.573744E+00
   0.521344E+01  0.565001E+00
   0.521372E+01  0.554713E+00
   0.521399E+01  0.541725E+00
   0.521426E+01  0.526782E+00
   0.521453E+01  0.509691E+00
   0.521480E+01  0.490235E+00
   0.521507E+01  0.466843E+00
   0.521535E+01  0.440875E+00
   0.521562E+01  0.413851E+00
   0.521575E+01  0.401461E+00
   0.521589E+01  0.391288E+00
   0.521603E+01  0.383114E+00
   0.521616E+01  0.377986E+00
   0.521630E+01  0.375615E+00
   0.521644E+01  0.375454E+00
   0.521657E+01  0.376320E+00
   0.521671E+01  0.377871E+00
   0.521698E+01  0.380487E+00
   0.521712E+01  0.380443E+00
   0.521725E+01  0.378399E+00
   0.521739E+01  0.373922E+00
   0.521752E+01  0.366813E+00
   0.521766E+01  0.356950E+00
   0.521780E+01  0.344492E+00
   0.521807E+01  0.316961E+00
   0.521821E+01  0.302309E+00
   0.521834E+01  0.288556E+00
   0.521848E+01  0.275690E+00
   0.521861E+01  0.264000E+00
   0.521875E+01  0.254363E+00
   0.521889E+01  0.246660E+00
   0.521902E+01  0.241158E+00
   0.521916E+01  0.237538E+00
   0.521929E+01  0.235444E+00
   0.521943E+01  0.234190E+00
   0.521957E+01  0.233130E+00
   0.521970E+01  0.231427E+00
   0.521984E+01  0.228372E+00
   0.521998E+01  0.224210E+00
   0.522011E+01  0.218484E+00
   0.522025E+01  0.211548E+00
   0.522039E+01  0.201433E+00
   0.522053E+01  0.187240E+00
   0.522066E+01  0.173828E+00
   0.522080E+01  0.159915E+00
   0.522094E+01  0.145745E+00
   0.522107E+01  0.131323E+00
   0.522121E+01  0.116508E+00
   0.522135E+01  0.102067E+00
   0.522148E+01  0.876235E-01
   0.522162E+01  0.753163E-01
   0.522175E+01  0.635199E-01
   0.522189E+01  0.548609E-01
   0.522203E+01  0.465683E-01
   0.522216E+01  0.346694E-01
   0.522230E+01  0.303965E-01
   0.522243E+01  0.270452E-01
   0.522257E+01  0.258897E-01
   0.522271E+01  0.270607E-01
   0.522285E+01  0.300575E-01
   0.522298E+01  0.347122E-01
   0.522312E+01  0.402408E-01
   0.522325E+01  0.516774E-01
   0.522339E+01  0.596310E-01
   0.522353E+01  0.692902E-01
   0.522366E+01  0.795167E-01
   0.522380E+01  0.912957E-01
   0.522394E+01  0.102702E+00
   0.522407E+01  0.114266E+00
   0.522421E+01  0.124492E+00
   0.522435E+01  0.134340E+00
   0.522462E+01  0.155252E+00
   0.522489E+01  0.177830E+00
   0.522502E+01  0.190194E+00
   0.522516E+01  0.205400E+00
   0.522530E+01  0.219891E+00
   0.522543E+01  0.235864E+00
   0.522570E+01  0.267501E+00
   0.522598E+01  0.297133E+00
   0.522625E+01  0.326572E+00
   0.522652E+01  0.352168E+00
   0.522680E+01  0.378102E+00
   0.522707E+01  0.398752E+00
   0.522734E+01  0.416137E+00
   0.522762E+01  0.431415E+00
   0.522789E+01  0.444752E+00
   0.522816E+01  0.456705E+00
   0.522844E+01  0.467790E+00
   0.522871E+01  0.478055E+00
   0.522898E+01  0.487454E+00
   0.522926E+01  0.496502E+00
   0.522953E+01  0.504742E+00
   0.523008E+01  0.519800E+00
   0.523063E+01  0.534201E+00
   0.523117E+01  0.548691E+00
   0.523145E+01  0.556332E+00
   0.523172E+01  0.563461E+00
   0.523199E+01  0.570423E+00
   0.523227E+01  0.577273E+00
   0.523254E+01  0.583605E+00
   0.523282E+01  0.588849E+00
   0.523309E+01  0.592936E+00
   0.523336E+01  0.596255E+00
   0.523364E+01  0.599223E+00
   0.523391E+01  0.601939E+00
   0.523419E+01  0.604500E+00
   0.523446E+01  0.606974E+00
   0.523473E+01  0.609615E+00
   0.523501E+01  0.612715E+00
   0.523528E+01  0.616512E+00
   0.523556E+01  0.621766E+00
   0.523583E+01  0.628740E+00
   0.523610E+01  0.636487E+00
   0.523638E+01  0.644960E+00
   0.523665E+01  0.653249E+00
   0.523693E+01  0.661184E+00
   0.523720E+01  0.668500E+00
   0.523747E+01  0.675255E+00
   0.523775E+01  0.681775E+00
   0.523830E+01  0.694478E+00
   0.523885E+01  0.707575E+00
   0.523940E+01  0.720017E+00
   0.523967E+01  0.725586E+00
   0.523991E+01  0.729761E+00
   0.524018E+01  0.733933E+00
   0.524045E+01  0.737608E+00
   0.524073E+01  0.740909E+00
   0.524100E+01  0.743812E+00
   0.524128E+01  0.746403E+00
   0.524155E+01  0.748875E+00
   0.524169E+01  0.749942E+00
   0.524183E+01  0.750958E+00
   0.524197E+01  0.751890E+00
   0.524210E+01  0.752712E+00
   0.524238E+01  0.754264E+00
   0.524265E+01  0.755790E+00
   0.524293E+01  0.757206E+00
   0.524320E+01  0.758565E+00
   0.524348E+01  0.759842E+00
   0.524375E+01  0.761002E+00
   0.524403E+01  0.762095E+00
   0.524430E+01  0.763133E+00
   0.524444E+01  0.763568E+00
   0.524458E+01  0.763994E+00
   0.524485E+01  0.764740E+00
   0.524513E+01  0.765368E+00
   0.524540E+01  0.765887E+00
   0.524568E+01  0.766304E+00
   0.524595E+01  0.766650E+00
   0.524623E+01  0.766976E+00
   0.524650E+01  0.767432E+00
   0.524678E+01  0.767942E+00
   0.524705E+01  0.768519E+00
   0.524733E+01  0.769158E+00
   0.524761E+01  0.769701E+00
   0.524788E+01  0.770125E+00
   0.524816E+01  0.770439E+00
   0.524843E+01  0.770643E+00
   0.524871E+01  0.770658E+00
   0.524898E+01  0.770510E+00
   0.524926E+01  0.770007E+00
   0.524940E+01  0.769626E+00
   0.524953E+01  0.769086E+00
   0.524967E+01  0.768415E+00
   0.524981E+01  0.767588E+00
   0.524995E+01  0.766603E+00
   0.525009E+01  0.765478E+00
   0.525022E+01  0.764269E+00
   0.525036E+01  0.762970E+00
   0.525064E+01  0.760153E+00
   0.525091E+01  0.757121E+00
   0.525119E+01  0.753775E+00
   0.525146E+01  0.749972E+00
   0.525174E+01  0.745994E+00
   0.525202E+01  0.742078E+00
   0.525215E+01  0.740193E+00
   0.525229E+01  0.738350E+00
   0.525243E+01  0.736578E+00
   0.525257E+01  0.735089E+00
   0.525270E+01  0.733906E+00
   0.525284E+01  0.733148E+00
   0.525298E+01  0.732780E+00
   0.525312E+01  0.732782E+00
   0.525326E+01  0.733140E+00
   0.525340E+01  0.733749E+00
   0.525353E+01  0.734615E+00
   0.525367E+01  0.735692E+00
   0.525381E+01  0.736904E+00
   0.525395E+01  0.738240E+00
   0.525422E+01  0.741025E+00
   0.525450E+01  0.743405E+00
   0.525478E+01  0.745421E+00
   0.525505E+01  0.747275E+00
   0.525533E+01  0.748925E+00
   0.525560E+01  0.750446E+00
   0.525588E+01  0.751899E+00
   0.525616E+01  0.753349E+00
   0.525643E+01  0.754884E+00
   0.525671E+01  0.756536E+00
   0.525699E+01  0.758257E+00
   0.525712E+01  0.759149E+00
   0.525726E+01  0.760048E+00
   0.525740E+01  0.760984E+00
   0.525754E+01  0.761926E+00
   0.525781E+01  0.763812E+00
   0.525795E+01  0.764777E+00
   0.525809E+01  0.765683E+00
   0.525823E+01  0.766600E+00
   0.525837E+01  0.767368E+00
   0.525851E+01  0.768111E+00
   0.525864E+01  0.768698E+00
   0.525878E+01  0.769261E+00
   0.525892E+01  0.769772E+00
   0.525920E+01  0.770546E+00
   0.525948E+01  0.771039E+00
   0.525975E+01  0.771267E+00
   0.526003E+01  0.771271E+00
   0.526017E+01  0.771169E+00
   0.526030E+01  0.770964E+00
   0.526044E+01  0.770549E+00
   0.526058E+01  0.769959E+00
   0.526072E+01  0.769096E+00
   0.526086E+01  0.767854E+00
   0.526100E+01  0.766036E+00
   0.526114E+01  0.763638E+00
   0.526127E+01  0.760410E+00
   0.526141E+01  0.756730E+00
   0.526155E+01  0.752823E+00
   0.526169E+01  0.749119E+00
   0.526183E+01  0.745823E+00
   0.526190E+01  0.744583E+00
   0.526197E+01  0.743327E+00
   0.526204E+01  0.742675E+00
   0.526210E+01  0.742060E+00
   0.526217E+01  0.742142E+00
   0.526224E+01  0.742236E+00
   0.526231E+01  0.742982E+00
   0.526238E+01  0.743732E+00
   0.526252E+01  0.746217E+00
   0.526266E+01  0.749369E+00
   0.526280E+01  0.753044E+00
   0.526293E+01  0.756975E+00
   0.526307E+01  0.760775E+00
   0.526321E+01  0.764162E+00
   0.526335E+01  0.767170E+00
   0.526349E+01  0.769709E+00
   0.526363E+01  0.771803E+00
   0.526377E+01  0.773324E+00
   0.526391E+01  0.774444E+00
   0.526404E+01  0.775161E+00
   0.526418E+01  0.775813E+00
   0.526432E+01  0.776331E+00
   0.526446E+01  0.776751E+00
   0.526460E+01  0.777114E+00
   0.526474E+01  0.777421E+00
   0.526501E+01  0.777854E+00
   0.526529E+01  0.778118E+00
   0.526557E+01  0.778299E+00
   0.526584E+01  0.778336E+00
   0.526612E+01  0.778171E+00
   0.526626E+01  0.777995E+00
   0.526640E+01  0.777703E+00
   0.526654E+01  0.777206E+00
   0.526668E+01  0.776636E+00
   0.526682E+01  0.775869E+00
   0.526696E+01  0.775106E+00
   0.526723E+01  0.773188E+00
   0.526751E+01  0.770942E+00
   0.526779E+01  0.768258E+00
   0.526807E+01  0.765269E+00
   0.526834E+01  0.761816E+00
   0.526862E+01  0.758106E+00
   0.526890E+01  0.754414E+00
   0.526917E+01  0.751180E+00
   0.526931E+01  0.749866E+00
   0.526945E+01  0.748922E+00
   0.526959E+01  0.748326E+00
   0.526973E+01  0.748034E+00
   0.526987E+01  0.748257E+00
   0.527001E+01  0.748778E+00
   0.527015E+01  0.749566E+00
   0.527029E+01  0.750440E+00
   0.527043E+01  0.751341E+00
   0.527056E+01  0.752314E+00
   0.527084E+01  0.754298E+00
   0.527112E+01  0.755995E+00
   0.527140E+01  0.757444E+00
   0.527168E+01  0.758620E+00
   0.527195E+01  0.759675E+00
   0.527223E+01  0.760785E+00
   0.527251E+01  0.761818E+00
   0.527279E+01  0.762842E+00
   0.527307E+01  0.763941E+00
   0.527334E+01  0.765142E+00
   0.527362E+01  0.766426E+00
   0.527390E+01  0.767796E+00
   0.527418E+01  0.769207E+00
   0.527446E+01  0.770663E+00
   0.527473E+01  0.772086E+00
   0.527501E+01  0.773497E+00
   0.527529E+01  0.774717E+00
   0.527557E+01  0.775822E+00
   0.527585E+01  0.776775E+00
   0.527613E+01  0.777538E+00
   0.527640E+01  0.778133E+00
   0.527668E+01  0.778480E+00
   0.527696E+01  0.778700E+00
   0.527724E+01  0.778839E+00
   0.527752E+01  0.778902E+00
   0.527808E+01  0.779036E+00
   0.527863E+01  0.779202E+00
   0.527919E+01  0.779256E+00
   0.527975E+01  0.779255E+00
   0.527989E+01  0.779228E+00
   0.528003E+01  0.779147E+00
   0.528017E+01  0.779045E+00
   0.528031E+01  0.778884E+00
   0.528045E+01  0.778572E+00
   0.528059E+01  0.778138E+00
   0.528072E+01  0.777556E+00
   0.528086E+01  0.776707E+00
   0.528100E+01  0.775724E+00
   0.528114E+01  0.774832E+00
   0.528128E+01  0.774054E+00
   0.528142E+01  0.773399E+00
   0.528156E+01  0.772927E+00
   0.528170E+01  0.772606E+00
   0.528184E+01  0.772414E+00
   0.528198E+01  0.772502E+00
   0.528212E+01  0.772837E+00
   0.528226E+01  0.773333E+00
   0.528240E+01  0.774081E+00
   0.528254E+01  0.775069E+00
   0.528282E+01  0.777297E+00
   0.528310E+01  0.779598E+00
   0.528338E+01  0.781390E+00
   0.528365E+01  0.782895E+00
   0.528421E+01  0.785121E+00
   0.528449E+01  0.785918E+00
   0.528477E+01  0.786670E+00
   0.528505E+01  0.787283E+00
   0.528533E+01  0.787894E+00
   0.528561E+01  0.788398E+00
   0.528617E+01  0.789192E+00
   0.528645E+01  0.789517E+00
   0.528673E+01  0.789754E+00
   0.528701E+01  0.789935E+00
   0.528757E+01  0.790145E+00
   0.528813E+01  0.790241E+00
   0.528841E+01  0.790236E+00
   0.528869E+01  0.790179E+00
   0.528896E+01  0.790128E+00
   0.528924E+01  0.790036E+00
   0.528952E+01  0.789956E+00
   0.528980E+01  0.789858E+00
   0.529008E+01  0.789831E+00
   0.529036E+01  0.789906E+00
   0.529064E+01  0.789983E+00
   0.529092E+01  0.790158E+00
   0.529120E+01  0.790317E+00
   0.529148E+01  0.790487E+00
   0.529176E+01  0.790587E+00
   0.529260E+01  0.790736E+00
   0.529316E+01  0.790732E+00
   0.529344E+01  0.790698E+00
   0.529373E+01  0.790583E+00
   0.529401E+01  0.790438E+00
   0.529429E+01  0.790241E+00
   0.529457E+01  0.790015E+00
   0.529513E+01  0.789368E+00
   0.529597E+01  0.788389E+00
   0.529625E+01  0.788011E+00
   0.529653E+01  0.787605E+00
   0.529685E+01  0.786896E+00
   0.529706E+01  0.786399E+00
   0.529725E+01  0.785795E+00
   0.529746E+01  0.784964E+00
   0.529765E+01  0.783835E+00
   0.529786E+01  0.782471E+00
   0.529805E+01  0.780767E+00
   0.529835E+01  0.777708E+00
   0.529856E+01  0.775350E+00
   0.529885E+01  0.770742E+00
   0.529896E+01  0.768865E+00
   0.529906E+01  0.766328E+00
   0.529915E+01  0.763222E+00
   0.529925E+01  0.759786E+00
   0.529936E+01  0.755116E+00
   0.529946E+01  0.749494E+00
   0.529955E+01  0.743169E+00
   0.529965E+01  0.735064E+00
   0.529976E+01  0.727320E+00
   0.529986E+01  0.717509E+00
   0.529996E+01  0.707048E+00
   0.530006E+01  0.696088E+00
   0.530016E+01  0.684436E+00
   0.530025E+01  0.672566E+00
   0.530036E+01  0.661538E+00
   0.530046E+01  0.651778E+00
   0.530056E+01  0.645634E+00
   0.530065E+01  0.641827E+00
   0.530075E+01  0.640263E+00
   0.530086E+01  0.642180E+00
   0.530096E+01  0.647326E+00
   0.530105E+01  0.654525E+00
   0.530116E+01  0.663526E+00
   0.530126E+01  0.673602E+00
   0.530136E+01  0.684194E+00
   0.530145E+01  0.695290E+00
   0.530155E+01  0.705691E+00
   0.530166E+01  0.715797E+00
   0.530176E+01  0.725348E+00
   0.530185E+01  0.733523E+00
   0.530196E+01  0.740673E+00
   0.530206E+01  0.747185E+00
   0.530216E+01  0.753157E+00
   0.530225E+01  0.758095E+00
   0.530236E+01  0.762430E+00
   0.530246E+01  0.766064E+00
   0.530255E+01  0.768779E+00
   0.530271E+01  0.772151E+00
   0.530285E+01  0.774472E+00
   0.530299E+01  0.776226E+00
   0.530327E+01  0.778956E+00
   0.530355E+01  0.780904E+00
   0.530383E+01  0.782445E+00
   0.530412E+01  0.783682E+00
   0.530440E+01  0.784749E+00
   0.530496E+01  0.785984E+00
   0.530552E+01  0.786508E+00
   0.530609E+01  0.786710E+00
   0.530665E+01  0.786746E+00
   0.530721E+01  0.786685E+00
   0.530778E+01  0.786606E+00
   0.530862E+01  0.786345E+00
   0.531003E+01  0.785768E+00
   0.531144E+01  0.785067E+00
   0.531285E+01  0.784295E+00
   0.531426E+01  0.783431E+00
   0.531568E+01  0.782444E+00
   0.531709E+01  0.781305E+00
   0.531766E+01  0.780791E+00
   0.531850E+01  0.779966E+00
   0.531907E+01  0.779297E+00
   0.531964E+01  0.778538E+00
   0.532020E+01  0.777648E+00
   0.532077E+01  0.776578E+00
   0.532133E+01  0.775409E+00
   0.532162E+01  0.774737E+00
   0.532190E+01  0.773967E+00
   0.532218E+01  0.773080E+00
   0.532247E+01  0.771967E+00
   0.532275E+01  0.770495E+00
   0.532303E+01  0.768477E+00
   0.532332E+01  0.766338E+00
   0.532356E+01  0.764283E+00
   0.532381E+01  0.761934E+00
   0.532406E+01  0.759193E+00
   0.532436E+01  0.755209E+00
   0.532456E+01  0.751967E+00
   0.532476E+01  0.747930E+00
   0.532486E+01  0.745460E+00
   0.532496E+01  0.742570E+00
   0.532506E+01  0.739292E+00
   0.532526E+01  0.731386E+00
   0.532546E+01  0.721898E+00
   0.532566E+01  0.709659E+00
   0.532586E+01  0.694644E+00
   0.532606E+01  0.676500E+00
   0.532626E+01  0.656014E+00
   0.532636E+01  0.645653E+00
   0.532646E+01  0.635336E+00
   0.532656E+01  0.625852E+00
   0.532666E+01  0.617010E+00
   0.532676E+01  0.610184E+00
   0.532686E+01  0.605038E+00
   0.532696E+01  0.601611E+00
   0.532706E+01  0.601001E+00
   0.532716E+01  0.603199E+00
   0.532726E+01  0.607402E+00
   0.532736E+01  0.613756E+00
   0.532746E+01  0.622622E+00
   0.532756E+01  0.632190E+00
   0.532766E+01  0.642449E+00
   0.532786E+01  0.663443E+00
   0.532806E+01  0.683618E+00
   0.532816E+01  0.693763E+00
   0.532826E+01  0.702502E+00
   0.532846E+01  0.717832E+00
   0.532866E+01  0.728649E+00
   0.532886E+01  0.737347E+00
   0.532906E+01  0.743729E+00
   0.532926E+01  0.748617E+00
   0.532946E+01  0.752765E+00
   0.532966E+01  0.756097E+00
   0.532986E+01  0.758758E+00
   0.533006E+01  0.761127E+00
   0.533026E+01  0.763209E+00
   0.533046E+01  0.764976E+00
   0.533066E+01  0.766389E+00
   0.533086E+01  0.767548E+00
   0.533106E+01  0.768472E+00
   0.533127E+01  0.769301E+00
   0.533155E+01  0.770188E+00
   0.533183E+01  0.770884E+00
   0.533212E+01  0.771431E+00
   0.533240E+01  0.771849E+00
   0.533269E+01  0.772158E+00
   0.533297E+01  0.772336E+00
   0.533326E+01  0.772425E+00
   0.533354E+01  0.772292E+00
   0.533382E+01  0.771997E+00
   0.533411E+01  0.771545E+00
   0.533439E+01  0.770845E+00
   0.533468E+01  0.769846E+00
   0.533496E+01  0.768626E+00
   0.533525E+01  0.767202E+00
   0.533553E+01  0.765584E+00
   0.533582E+01  0.763706E+00
   0.533610E+01  0.761373E+00
   0.533639E+01  0.758302E+00
   0.533667E+01  0.754787E+00
   0.533696E+01  0.751073E+00
   0.533724E+01  0.747647E+00
   0.533738E+01  0.746230E+00
   0.533753E+01  0.745017E+00
   0.533767E+01  0.744102E+00
   0.533781E+01  0.743441E+00
   0.533793E+01  0.743383E+00
   0.533804E+01  0.743563E+00
   0.533821E+01  0.744056E+00
   0.533838E+01  0.744718E+00
   0.533867E+01  0.746045E+00
   0.533895E+01  0.747356E+00
   0.533924E+01  0.748499E+00
   0.533952E+01  0.749492E+00
   0.534009E+01  0.751189E+00
   0.534066E+01  0.752931E+00
   0.534123E+01  0.754614E+00
   0.534152E+01  0.755507E+00
   0.534180E+01  0.756400E+00
   0.534209E+01  0.757371E+00
   0.534237E+01  0.758338E+00
   0.534295E+01  0.760177E+00
   0.534352E+01  0.761900E+00
   0.534409E+01  0.763227E+00
   0.534437E+01  0.763805E+00
   0.534494E+01  0.764712E+00
   0.534552E+01  0.765460E+00
   0.534637E+01  0.766498E+00
   0.534694E+01  0.767241E+00
   0.534981E+01  0.771536E+00
   0.535267E+01  0.776358E+00
   0.535410E+01  0.778715E+00
   0.535554E+01  0.780759E+00
   0.535697E+01  0.782502E+00
   0.535841E+01  0.784090E+00
   0.535984E+01  0.785679E+00
   0.536128E+01  0.787498E+00
   0.536416E+01  0.791362E+00
   0.536992E+01  0.798897E+00
   0.537569E+01  0.806487E+00
   0.537714E+01  0.808260E+00
   0.537858E+01  0.809988E+00
   0.538003E+01  0.811627E+00
   0.538148E+01  0.813147E+00
   0.538220E+01  0.813839E+00
   0.538293E+01  0.814464E+00
   0.538365E+01  0.815077E+00
   0.538438E+01  0.815557E+00
   0.538510E+01  0.816039E+00
   0.538583E+01  0.816421E+00
   0.538728E+01  0.817093E+00
   0.538873E+01  0.817646E+00
   0.539018E+01  0.818106E+00
   0.539164E+01  0.818472E+00
   0.539222E+01  0.818549E+00
   0.539280E+01  0.818597E+00
   0.539309E+01  0.818655E+00
   0.539338E+01  0.818593E+00
   0.539396E+01  0.818619E+00
   0.539454E+01  0.818564E+00
   0.539513E+01  0.818471E+00
   0.539600E+01  0.818347E+00
   0.539658E+01  0.818181E+00
   0.539687E+01  0.818024E+00
   0.539717E+01  0.817941E+00
   0.539746E+01  0.817703E+00
   0.539775E+01  0.817407E+00
   0.539804E+01  0.817134E+00
   0.539833E+01  0.816825E+00
   0.539862E+01  0.816486E+00
   0.539891E+01  0.816120E+00
   0.539906E+01  0.816043E+00
   0.539921E+01  0.816001E+00
   0.539935E+01  0.816026E+00
   0.539950E+01  0.816065E+00
   0.539979E+01  0.816194E+00
   0.540008E+01  0.816337E+00
   0.540037E+01  0.816510E+00
   0.540066E+01  0.816669E+00
   0.540095E+01  0.816813E+00
   0.540125E+01  0.816855E+00
   0.540154E+01  0.816941E+00
   0.540183E+01  0.816865E+00
   0.540256E+01  0.816761E+00
   0.540329E+01  0.816504E+00
   0.540475E+01  0.815931E+00
   0.540767E+01  0.814784E+00
   0.541060E+01  0.813551E+00
   0.541206E+01  0.812952E+00
   0.541353E+01  0.812362E+00
   0.541499E+01  0.811810E+00
   0.541573E+01  0.811559E+00
   0.541646E+01  0.811273E+00
   0.541720E+01  0.811079E+00
   0.541793E+01  0.810878E+00
   0.541866E+01  0.810720E+00
   0.541940E+01  0.810527E+00
   0.541998E+01  0.810374E+00
   0.542087E+01  0.810106E+00
   0.542145E+01  0.810008E+00
   0.542160E+01  0.809989E+00
   0.542175E+01  0.810006E+00
   0.542190E+01  0.810029E+00
   0.542204E+01  0.810095E+00
   0.542234E+01  0.810233E+00
   0.542263E+01  0.810470E+00
   0.542292E+01  0.810742E+00
   0.542381E+01  0.811499E+00
   0.542439E+01  0.812035E+00
   0.542528E+01  0.812836E+00
   0.542675E+01  0.814333E+00
   0.542822E+01  0.816017E+00
   0.543117E+01  0.819546E+00
   0.543412E+01  0.823279E+00
   0.543708E+01  0.826945E+00
   0.544004E+01  0.830174E+00
   0.544300E+01  0.832979E+00
   0.544448E+01  0.834221E+00
   0.544596E+01  0.835330E+00
   0.544745E+01  0.836399E+00
   0.544893E+01  0.837303E+00
   0.545190E+01  0.838852E+00
   0.545488E+01  0.840182E+00
   0.545785E+01  0.841476E+00
   0.546382E+01  0.843921E+00
   0.546980E+01  0.846285E+00
   0.547279E+01  0.847412E+00
   0.547579E+01  0.848554E+00
   0.548179E+01  0.850561E+00
   0.548781E+01  0.852183E+00
   0.549082E+01  0.853030E+00
   0.549233E+01  0.853599E+00
   0.549384E+01  0.854386E+00
   0.549535E+01  0.855396E+00
   0.549686E+01  0.856604E+00
   0.549988E+01  0.859310E+00
   0.550291E+01  0.862320E+00
   0.550594E+01  0.865410E+00
   0.550897E+01  0.868904E+00
   0.551201E+01  0.872269E+00
   0.551505E+01  0.875630E+00
   0.551809E+01  0.878855E+00
   0.552419E+01  0.885327E+00
   0.553030E+01  0.891693E+00
   0.553336E+01  0.894559E+00
   0.553643E+01  0.897130E+00
   0.553949E+01  0.899588E+00
   0.554256E+01  0.901772E+00
   0.554564E+01  0.904002E+00
   0.554872E+01  0.906140E+00
   0.555488E+01  0.910685E+00
   0.556106E+01  0.915498E+00
   0.556725E+01  0.920693E+00
   0.557346E+01  0.926358E+00
   0.557968E+01  0.932409E+00
   0.558280E+01  0.935507E+00
   0.558592E+01  0.938554E+00
   0.558904E+01  0.941754E+00
   0.559216E+01  0.944447E+00
   0.559529E+01  0.946988E+00
   0.559842E+01  0.949062E+00
   0.560156E+01  0.950602E+00
   0.560470E+01  0.952276E+00
   0.560785E+01  0.953940E+00
   0.561099E+01  0.955218E+00
   0.561414E+01  0.956711E+00
   0.561730E+01  0.957865E+00
   0.562045E+01  0.958965E+00
   0.562362E+01  0.959818E+00
   0.562995E+01  0.961495E+00
   0.563629E+01  0.962597E+00
   0.564266E+01  0.963792E+00
   0.564903E+01  0.965201E+00
   0.565223E+01  0.965847E+00
   0.565542E+01  0.966280E+00
   0.565862E+01  0.966893E+00
   0.566183E+01  0.967401E+00
   0.566503E+01  0.967679E+00
   0.566825E+01  0.967901E+00
   0.567146E+01  0.968185E+00
   0.567468E+01  0.968289E+00
   0.567790E+01  0.968764E+00
   0.568113E+01  0.968498E+00
   0.568436E+01  0.968853E+00
   0.568759E+01  0.968898E+00
   0.569083E+01  0.968942E+00
   0.569407E+01  0.968674E+00
   0.569731E+01  0.969033E+00
   0.570056E+01  0.968576E+00
   0.570381E+01  0.968495E+00
   0.570707E+01  0.968477E+00
   0.571033E+01  0.968149E+00
   0.571359E+01  0.968069E+00
   0.572013E+01  0.967422E+00
   0.572668E+01  0.966964E+00
   0.573325E+01  0.966276E+00
   0.573983E+01  0.965830E+00
   0.574643E+01  0.964989E+00
   0.574973E+01  0.964353E+00
   0.575304E+01  0.963672E+00
   0.575967E+01  0.962504E+00
   0.576631E+01  0.961061E+00
   0.577297E+01  0.959569E+00
   0.577631E+01  0.958866E+00
   0.578299E+01  0.957029E+00
   0.578969E+01  0.955486E+00
   0.579304E+01  0.954668E+00
   0.579640E+01  0.953693E+00
   0.579976E+01  0.952486E+00
   0.580313E+01  0.951472E+00
   0.580987E+01  0.949541E+00
   0.581663E+01  0.947266E+00
   0.582341E+01  0.944797E+00
   0.583020E+01  0.942025E+00
   0.583700E+01  0.939412E+00
   0.584383E+01  0.936750E+00
   0.585067E+01  0.933930E+00
   0.585752E+01  0.931196E+00
   0.586439E+01  0.928269E+00
   0.586783E+01  0.926756E+00
   0.587128E+01  0.925353E+00
   0.587473E+01  0.923746E+00
   0.588164E+01  0.920560E+00
   0.588857E+01  0.917196E+00
   0.589204E+01  0.915589E+00
   0.589551E+01  0.913856E+00
   0.589899E+01  0.912071E+00
   0.590247E+01  0.910217E+00
   0.590596E+01  0.908589E+00
   0.590945E+01  0.906827E+00
   0.591294E+01  0.905038E+00
   0.591644E+01  0.903128E+00
   0.591819E+01  0.902188E+00
   0.591995E+01  0.901448E+00
   0.592170E+01  0.900980E+00
   0.592345E+01  0.900666E+00
   0.592521E+01  0.900619E+00
   0.592696E+01  0.900401E+00
   0.592872E+01  0.900183E+00
   0.593048E+01  0.899777E+00
   0.593224E+01  0.899222E+00
   0.593400E+01  0.898856E+00
   0.593576E+01  0.898641E+00
   0.593752E+01  0.898780E+00
   0.593929E+01  0.898789E+00
   0.594282E+01  0.898806E+00
   0.594812E+01  0.898888E+00
   0.595166E+01  0.898868E+00
   0.595520E+01  0.898792E+00
   0.595875E+01  0.898678E+00
   0.596053E+01  0.898498E+00
   0.596231E+01  0.898376E+00
   0.596586E+01  0.897962E+00
   0.596943E+01  0.897344E+00
   0.597299E+01  0.896620E+00
   0.597656E+01  0.895953E+00
   0.598014E+01  0.895145E+00
   0.598730E+01  0.893438E+00
   0.599093E+01  0.892540E+00
   0.599452E+01  0.891473E+00
   0.599812E+01  0.890503E+00
   0.600172E+01  0.889369E+00
   0.600532E+01  0.888280E+00
   0.600893E+01  0.887033E+00
   0.601255E+01  0.885683E+00
   0.601616E+01  0.884398E+00
   0.602341E+01  0.881677E+00
   0.603068E+01  0.878862E+00
   0.603796E+01  0.876065E+00
   0.604526E+01  0.873449E+00
   0.605258E+01  0.870698E+00
   0.605992E+01  0.868046E+00
   0.606727E+01  0.865336E+00
   0.607464E+01  0.862530E+00
   0.608203E+01  0.859702E+00
   0.608574E+01  0.858205E+00
   0.608944E+01  0.856724E+00
   0.609315E+01  0.855208E+00
   0.609687E+01  0.853682E+00
   0.611551E+01  0.845589E+00
   0.612676E+01  0.840216E+00
   0.613051E+01  0.838288E+00
   0.613427E+01  0.836341E+00
   0.613615E+01  0.835338E+00
   0.613804E+01  0.834331E+00
   0.613992E+01  0.833310E+00
   0.614181E+01  0.832242E+00
   0.614558E+01  0.830086E+00
   0.614936E+01  0.827794E+00
   0.615315E+01  0.825527E+00
   0.615694E+01  0.823152E+00
   0.616073E+01  0.820733E+00
   0.616453E+01  0.818313E+00
   0.616833E+01  0.815739E+00
   0.617214E+01  0.813085E+00
   0.617977E+01  0.807661E+00
   0.618742E+01  0.802170E+00
   0.619508E+01  0.796502E+00
   0.620277E+01  0.790882E+00
   0.620662E+01  0.788093E+00
   0.621047E+01  0.785238E+00
   0.621433E+01  0.782337E+00
   0.621820E+01  0.779452E+00
   0.622594E+01  0.773637E+00
   0.623371E+01  0.767778E+00
   0.624149E+01  0.761972E+00
   0.624929E+01  0.756029E+00
   0.626888E+01  0.741489E+00
   0.628859E+01  0.727360E+00
   0.630843E+01  0.714018E+00
   0.632840E+01  0.701368E+00
   0.634043E+01  0.694001E+00
   0.634446E+01  0.691596E+00
   0.634849E+01  0.689162E+00
   0.635252E+01  0.686762E+00
   0.635656E+01  0.684332E+00
   0.636060E+01  0.681932E+00
   0.636465E+01  0.679512E+00
   0.636870E+01  0.677113E+00
   0.637276E+01  0.674652E+00
   0.637683E+01  0.672200E+00
   0.638090E+01  0.669697E+00
   0.638497E+01  0.667144E+00
   0.638905E+01  0.664558E+00
   0.639314E+01  0.661920E+00
   0.639723E+01  0.659277E+00
   0.640132E+01  0.656581E+00
   0.640542E+01  0.653885E+00
   0.640953E+01  0.651176E+00
   0.641364E+01  0.648445E+00
   0.641776E+01  0.645715E+00
   0.642188E+01  0.642971E+00
   0.642601E+01  0.640306E+00
   0.643014E+01  0.637634E+00
   0.643428E+01  0.634973E+00
   0.644257E+01  0.629721E+00
   0.645088E+01  0.624661E+00
   0.645921E+01  0.619847E+00
   0.646339E+01  0.617509E+00
   0.646757E+01  0.615161E+00
   0.646966E+01  0.614019E+00
   0.647176E+01  0.612896E+00
   0.647385E+01  0.611818E+00
   0.647595E+01  0.610752E+00
   0.648015E+01  0.608711E+00
   0.648435E+01  0.606775E+00
   0.649277E+01  0.603082E+00
   0.650121E+01  0.599598E+00
   0.650544E+01  0.597892E+00
   0.650968E+01  0.596172E+00
   0.651392E+01  0.594459E+00
   0.651604E+01  0.593579E+00
   0.651816E+01  0.592698E+00
   0.652029E+01  0.591805E+00
   0.652242E+01  0.590855E+00
   0.652454E+01  0.589903E+00
   0.652667E+01  0.588933E+00
   0.652880E+01  0.587921E+00
   0.653094E+01  0.586886E+00
   0.653307E+01  0.585826E+00
   0.653521E+01  0.584750E+00
   0.653734E+01  0.583601E+00
   0.653948E+01  0.582406E+00
   0.654162E+01  0.581163E+00
   0.654376E+01  0.579880E+00
   0.654590E+01  0.578567E+00
   0.654804E+01  0.577243E+00
   0.655019E+01  0.575847E+00
   0.655234E+01  0.574344E+00
   0.655448E+01  0.572772E+00
   0.655663E+01  0.571155E+00
   0.655878E+01  0.569473E+00
   0.656093E+01  0.567730E+00
   0.656309E+01  0.565889E+00
   0.656524E+01  0.564020E+00
   0.656740E+01  0.562067E+00
   0.656956E+01  0.560063E+00
   0.657172E+01  0.557912E+00
   0.657388E+01  0.555654E+00
   0.657604E+01  0.553318E+00
   0.657820E+01  0.550644E+00
   0.658036E+01  0.548030E+00
   0.658253E+01  0.545301E+00
   0.658470E+01  0.542502E+00
   0.658687E+01  0.539595E+00
   0.658904E+01  0.536556E+00
   0.659121E+01  0.533407E+00
   0.659338E+01  0.530062E+00
   0.659556E+01  0.526661E+00
   0.659773E+01  0.523100E+00
   0.659991E+01  0.519457E+00
   0.660209E+01  0.515462E+00
   0.660427E+01  0.511348E+00
   0.660645E+01  0.506993E+00
   0.660863E+01  0.502527E+00
   0.661082E+01  0.497903E+00
   0.661301E+01  0.493142E+00
   0.661519E+01  0.488088E+00
   0.661738E+01  0.483004E+00
   0.661957E+01  0.477689E+00
   0.662176E+01  0.472158E+00
   0.662396E+01  0.466332E+00
   0.662615E+01  0.460338E+00
   0.662835E+01  0.453954E+00
   0.663055E+01  0.447554E+00
   0.663275E+01  0.440854E+00
   0.663495E+01  0.434133E+00
   0.663935E+01  0.420319E+00
   0.664376E+01  0.406449E+00
   0.664597E+01  0.399233E+00
   0.664818E+01  0.392028E+00
   0.664929E+01  0.388492E+00
   0.665039E+01  0.384978E+00
   0.665150E+01  0.380704E+00
   0.665260E+01  0.377435E+00
   0.665482E+01  0.371299E+00
   0.665703E+01  0.365304E+00
   0.665814E+01  0.362468E+00
   0.665925E+01  0.359724E+00
   0.666036E+01  0.357038E+00
   0.666147E+01  0.354429E+00
   0.666369E+01  0.349448E+00
   0.666591E+01  0.344557E+00
   0.667021E+01  0.336028E+00
   0.667467E+01  0.327902E+00
   0.667912E+01  0.320228E+00
   0.668359E+01  0.312596E+00
   0.668806E+01  0.304861E+00
   0.669254E+01  0.296174E+00
   0.669702E+01  0.286802E+00
   0.670151E+01  0.276539E+00
   0.670600E+01  0.265146E+00
   0.671050E+01  0.254150E+00
   0.671501E+01  0.243475E+00
   0.671952E+01  0.234621E+00
   0.672404E+01  0.227742E+00
   0.672630E+01  0.225009E+00
   0.672857E+01  0.222936E+00
   0.673083E+01  0.221725E+00
   0.673310E+01  0.220981E+00
   0.673536E+01  0.220827E+00
   0.673763E+01  0.221200E+00
   0.674218E+01  0.222385E+00
   0.674673E+01  0.223756E+00
   0.674900E+01  0.224236E+00
   0.675128E+01  0.224553E+00
   0.675356E+01  0.224609E+00
   0.675584E+01  0.224521E+00
   0.675813E+01  0.224049E+00
   0.676041E+01  0.223447E+00
   0.676270E+01  0.222433E+00
   0.676499E+01  0.221172E+00
   0.676957E+01  0.217274E+00
   0.677415E+01  0.212754E+00
   0.677874E+01  0.208285E+00
   0.678334E+01  0.204420E+00
   0.678565E+01  0.203090E+00
   0.678795E+01  0.202335E+00
   0.679025E+01  0.202186E+00
   0.679256E+01  0.202664E+00
   0.679487E+01  0.203898E+00
   0.679718E+01  0.205871E+00
   0.679949E+01  0.208402E+00
   0.680180E+01  0.211601E+00
   0.680412E+01  0.215161E+00
   0.680643E+01  0.219242E+00
   0.681107E+01  0.227881E+00
   0.681571E+01  0.236985E+00
   0.682036E+01  0.246334E+00
   0.682502E+01  0.254863E+00
   0.682735E+01  0.258836E+00
   0.682968E+01  0.262234E+00
   0.683201E+01  0.265057E+00
   0.683318E+01  0.266207E+00
   0.683435E+01  0.267216E+00
   0.683552E+01  0.267961E+00
   0.683668E+01  0.268527E+00
   0.683785E+01  0.268886E+00
   0.683902E+01  0.269020E+00
   0.684019E+01  0.268950E+00
   0.684136E+01  0.268567E+00
   0.684253E+01  0.268074E+00
   0.684370E+01  0.267293E+00
   0.684605E+01  0.265255E+00
   0.684839E+01  0.262538E+00
   0.685074E+01  0.258857E+00
   0.685308E+01  0.254502E+00
   0.685778E+01  0.243191E+00
   0.686249E+01  0.231330E+00
   0.686485E+01  0.225339E+00
   0.686720E+01  0.219937E+00
   0.686956E+01  0.215529E+00
   0.687192E+01  0.211933E+00
   0.687429E+01  0.209376E+00
   0.687665E+01  0.207706E+00
   0.687902E+01  0.206641E+00
   0.688138E+01  0.205977E+00
   0.688612E+01  0.205051E+00
   0.689087E+01  0.204144E+00
   0.689562E+01  0.202772E+00
   0.690038E+01  0.200901E+00
   0.690276E+01  0.199078E+00
   0.690515E+01  0.197315E+00
   0.690992E+01  0.193057E+00
   0.691470E+01  0.188321E+00
   0.691948E+01  0.183210E+00
   0.692427E+01  0.178421E+00
   0.692907E+01  0.174415E+00
   0.693147E+01  0.172929E+00
   0.693388E+01  0.172080E+00
   0.693869E+01  0.171411E+00
   0.694110E+01  0.171681E+00
   0.694351E+01  0.172527E+00
   0.694592E+01  0.174212E+00
   0.694833E+01  0.176784E+00
   0.695075E+01  0.179812E+00
   0.695316E+01  0.183687E+00
   0.695800E+01  0.192492E+00
   0.696285E+01  0.203657E+00
   0.696770E+01  0.214447E+00
   0.697256E+01  0.224916E+00
   0.697742E+01  0.235252E+00
   0.698230E+01  0.245487E+00
   0.698718E+01  0.255014E+00
   0.699206E+01  0.263944E+00
   0.699695E+01  0.272811E+00
   0.700185E+01  0.281569E+00
   0.700676E+01  0.290133E+00
   0.701183E+01  0.298540E+00
   0.701675E+01  0.306516E+00
   0.702167E+01  0.314327E+00
   0.702414E+01  0.318284E+00
   0.702661E+01  0.322283E+00
   0.702908E+01  0.326254E+00
   0.703155E+01  0.330234E+00
   0.703650E+01  0.337708E+00
   0.704145E+01  0.344884E+00
   0.704641E+01  0.352149E+00
   0.705138E+01  0.359126E+00
   0.706134E+01  0.372727E+00
   0.707133E+01  0.385839E+00
   0.708135E+01  0.398151E+00
   0.708637E+01  0.404140E+00
   0.709139E+01  0.409749E+00
   0.709643E+01  0.415093E+00
   0.709894E+01  0.417634E+00
   0.710147E+01  0.420106E+00
   0.710399E+01  0.422437E+00
   0.710651E+01  0.424710E+00
   0.710904E+01  0.426830E+00
   0.711030E+01  0.427866E+00
   0.711157E+01  0.428857E+00
   0.711283E+01  0.429762E+00
   0.711410E+01  0.430639E+00
   0.711663E+01  0.432326E+00
   0.711916E+01  0.433801E+00
   0.712043E+01  0.434495E+00
   0.712170E+01  0.435172E+00
   0.712423E+01  0.436350E+00
   0.712677E+01  0.437411E+00
   0.712804E+01  0.437927E+00
   0.712932E+01  0.438402E+00
   0.713059E+01  0.438829E+00
   0.713186E+01  0.439237E+00
   0.713313E+01  0.439541E+00
   0.713440E+01  0.439819E+00
   0.713568E+01  0.440080E+00
   0.713695E+01  0.440311E+00
   0.713822E+01  0.440467E+00
   0.713950E+01  0.440608E+00
   0.714077E+01  0.440706E+00
   0.714205E+01  0.440781E+00
   0.714332E+01  0.440741E+00
   0.714460E+01  0.440645E+00
   0.714587E+01  0.440523E+00
   0.714715E+01  0.440375E+00
   0.714843E+01  0.440171E+00
   0.714971E+01  0.439904E+00
   0.715098E+01  0.439620E+00
   0.715226E+01  0.439309E+00
   0.715354E+01  0.438952E+00
   0.715482E+01  0.438572E+00
   0.715610E+01  0.438176E+00
   0.715738E+01  0.437746E+00
   0.715866E+01  0.437219E+00
   0.715994E+01  0.436677E+00
   0.716123E+01  0.436096E+00
   0.716251E+01  0.435478E+00
   0.716379E+01  0.434756E+00
   0.716508E+01  0.433999E+00
   0.716636E+01  0.433222E+00
   0.716764E+01  0.432417E+00
   0.717021E+01  0.430735E+00
   0.717279E+01  0.429021E+00
   0.717536E+01  0.427246E+00
   0.717793E+01  0.425446E+00
   0.718051E+01  0.423544E+00
   0.718309E+01  0.421579E+00
   0.718567E+01  0.419495E+00
   0.718826E+01  0.417356E+00
   0.719084E+01  0.415104E+00
   0.719343E+01  0.412765E+00
   0.719602E+01  0.410213E+00
   0.719861E+01  0.407592E+00
   0.720120E+01  0.404813E+00
   0.720379E+01  0.402004E+00
   0.720639E+01  0.399063E+00
   0.720899E+01  0.396075E+00
   0.721159E+01  0.392864E+00
   0.721419E+01  0.389518E+00
   0.721679E+01  0.385897E+00
   0.721940E+01  0.382190E+00
   0.722200E+01  0.378348E+00
   0.722461E+01  0.374469E+00
   0.722722E+01  0.370468E+00
   0.722984E+01  0.366497E+00
   0.723245E+01  0.362710E+00
   0.723507E+01  0.359005E+00
   0.723769E+01  0.355449E+00
   0.723900E+01  0.353710E+00
   0.724031E+01  0.352023E+00
   0.724162E+01  0.350459E+00
   0.724293E+01  0.348948E+00
   0.724424E+01  0.347487E+00
   0.724555E+01  0.346077E+00
   0.724687E+01  0.344839E+00
   0.724818E+01  0.343690E+00
   0.724949E+01  0.342636E+00
   0.725081E+01  0.341620E+00
   0.725212E+01  0.340729E+00
   0.725344E+01  0.339905E+00
   0.725410E+01  0.339581E+00
   0.725475E+01  0.339309E+00
   0.725541E+01  0.339060E+00
   0.725607E+01  0.338840E+00
   0.725739E+01  0.338534E+00
   0.725870E+01  0.338273E+00
   0.726002E+01  0.338141E+00
   0.726134E+01  0.338053E+00
   0.726266E+01  0.338114E+00
   0.726398E+01  0.338226E+00
   0.726530E+01  0.338416E+00
   0.726662E+01  0.338638E+00
   0.726794E+01  0.338920E+00
   0.726926E+01  0.339217E+00
   0.727190E+01  0.339911E+00
   0.727455E+01  0.340561E+00
   0.727587E+01  0.340847E+00
   0.727719E+01  0.341111E+00
   0.727852E+01  0.341292E+00
   0.727984E+01  0.341443E+00
   0.728117E+01  0.341518E+00
   0.728249E+01  0.341559E+00
   0.728382E+01  0.341462E+00
   0.728515E+01  0.341307E+00
   0.728647E+01  0.341064E+00
   0.728714E+01  0.340924E+00
   0.728780E+01  0.340760E+00
   0.728913E+01  0.340308E+00
   0.729046E+01  0.339780E+00
   0.729179E+01  0.339149E+00
   0.729245E+01  0.338806E+00
   0.729312E+01  0.338432E+00
   0.729365E+01  0.338090E+00
   0.729418E+01  0.337690E+00
   0.729471E+01  0.337222E+00
   0.729525E+01  0.336705E+00
   0.729578E+01  0.336019E+00
   0.729604E+01  0.335500E+00
   0.729631E+01  0.334743E+00
   0.729658E+01  0.333736E+00
   0.729684E+01  0.332612E+00
   0.729711E+01  0.331406E+00
   0.729737E+01  0.330168E+00
   0.729764E+01  0.329145E+00
   0.729791E+01  0.328441E+00
   0.729817E+01  0.328052E+00
   0.729844E+01  0.327938E+00
   0.729871E+01  0.328096E+00
   0.729897E+01  0.328449E+00
   0.729924E+01  0.328922E+00
   0.729951E+01  0.329538E+00
   0.729977E+01  0.330214E+00
   0.730004E+01  0.330847E+00
   0.730031E+01  0.331438E+00
   0.730057E+01  0.331927E+00
   0.730084E+01  0.332272E+00
   0.730111E+01  0.332490E+00
   0.730137E+01  0.332625E+00
   0.730164E+01  0.332704E+00
   0.730190E+01  0.332756E+00
   0.730217E+01  0.332768E+00
   0.730244E+01  0.332733E+00
   0.730270E+01  0.332661E+00
   0.730324E+01  0.332446E+00
   0.730377E+01  0.332170E+00
   0.730431E+01  0.331866E+00
   0.730484E+01  0.331565E+00
   0.730537E+01  0.331237E+00
   0.730644E+01  0.330579E+00
   0.730778E+01  0.329642E+00
   0.730911E+01  0.328691E+00
   0.731045E+01  0.327675E+00
   0.731178E+01  0.326676E+00
   0.731312E+01  0.325787E+00
   0.731446E+01  0.324939E+00
   0.731580E+01  0.324195E+00
   0.731713E+01  0.323497E+00
   0.731847E+01  0.322983E+00
   0.731981E+01  0.322554E+00
   0.732115E+01  0.322322E+00
   0.732249E+01  0.322181E+00
   0.732383E+01  0.322284E+00
   0.732517E+01  0.322467E+00
   0.732652E+01  0.322799E+00
   0.732786E+01  0.323223E+00
   0.732920E+01  0.323897E+00
   0.733054E+01  0.324674E+00
   0.733189E+01  0.325628E+00
   0.733323E+01  0.326656E+00
   0.733458E+01  0.327804E+00
   0.733592E+01  0.328968E+00
   0.733727E+01  0.330165E+00
   0.733862E+01  0.331389E+00
   0.733996E+01  0.332708E+00
   0.734131E+01  0.334042E+00
   0.734266E+01  0.335421E+00
   0.734401E+01  0.336812E+00
   0.734535E+01  0.338159E+00
   0.734670E+01  0.339477E+00
   0.734778E+01  0.340464E+00
   0.734886E+01  0.341449E+00
   0.734994E+01  0.342323E+00
   0.735048E+01  0.342731E+00
   0.735102E+01  0.343107E+00
   0.735156E+01  0.343409E+00
   0.735211E+01  0.343624E+00
   0.735265E+01  0.343661E+00
   0.735319E+01  0.343457E+00
   0.735373E+01  0.343025E+00
   0.735427E+01  0.342170E+00
   0.735481E+01  0.340874E+00
   0.735535E+01  0.339177E+00
   0.735562E+01  0.338070E+00
   0.735589E+01  0.336728E+00
   0.735616E+01  0.335011E+00
   0.735643E+01  0.332753E+00
   0.735670E+01  0.329968E+00
   0.735697E+01  0.326614E+00
   0.735724E+01  0.322619E+00
   0.735752E+01  0.317586E+00
   0.735779E+01  0.311299E+00
   0.735806E+01  0.303301E+00
   0.735833E+01  0.293220E+00
   0.735860E+01  0.281343E+00
   0.735887E+01  0.269026E+00
   0.735914E+01  0.258188E+00
   0.735941E+01  0.249370E+00
   0.735968E+01  0.243388E+00
   0.735995E+01  0.241222E+00
   0.736022E+01  0.244588E+00
   0.736049E+01  0.250882E+00
   0.736076E+01  0.259689E+00
   0.736104E+01  0.270526E+00
   0.736131E+01  0.281687E+00
   0.736158E+01  0.292752E+00
   0.736185E+01  0.302862E+00
   0.736212E+01  0.311789E+00
   0.736239E+01  0.319508E+00
   0.736266E+01  0.325952E+00
   0.736293E+01  0.331315E+00
   0.736320E+01  0.335363E+00
   0.736348E+01  0.338616E+00
   0.736375E+01  0.341336E+00
   0.736402E+01  0.343702E+00
   0.736429E+01  0.345696E+00
   0.736456E+01  0.347470E+00
   0.736483E+01  0.348961E+00
   0.736510E+01  0.350237E+00
   0.736564E+01  0.352129E+00
   0.736632E+01  0.353819E+00
   0.736700E+01  0.355178E+00
   0.736768E+01  0.356316E+00
   0.736836E+01  0.357221E+00
   0.736904E+01  0.357968E+00
   0.736972E+01  0.358669E+00
   0.737040E+01  0.359233E+00
   0.737108E+01  0.359741E+00
   0.737176E+01  0.360162E+00
   0.737243E+01  0.360538E+00
   0.737311E+01  0.360897E+00
   0.737379E+01  0.361212E+00
   0.737447E+01  0.361443E+00
   0.737515E+01  0.361648E+00
   0.737583E+01  0.361828E+00
   0.737651E+01  0.361965E+00
   0.737787E+01  0.362025E+00
   0.737924E+01  0.362003E+00
   0.738060E+01  0.361709E+00
   0.738196E+01  0.361297E+00
   0.738332E+01  0.360583E+00
   0.738469E+01  0.359752E+00
   0.738605E+01  0.358626E+00
   0.738741E+01  0.357398E+00
   0.738878E+01  0.355943E+00
   0.739014E+01  0.354397E+00
   0.739151E+01  0.352615E+00
   0.739288E+01  0.350763E+00
   0.739561E+01  0.346679E+00
   0.739698E+01  0.344289E+00
   0.739834E+01  0.341782E+00
   0.739971E+01  0.339139E+00
   0.740108E+01  0.336385E+00
   0.740382E+01  0.330590E+00
   0.740657E+01  0.324879E+00
   0.740794E+01  0.322043E+00
   0.740931E+01  0.319214E+00
   0.741068E+01  0.316437E+00
   0.741206E+01  0.313704E+00
   0.741343E+01  0.311110E+00
   0.741481E+01  0.308596E+00
   0.741618E+01  0.306304E+00
   0.741756E+01  0.304171E+00
   0.741893E+01  0.302430E+00
   0.742031E+01  0.300808E+00
   0.742168E+01  0.299517E+00
   0.742306E+01  0.298341E+00
   0.742444E+01  0.297477E+00
   0.742582E+01  0.296703E+00
   0.742720E+01  0.296023E+00
   0.742858E+01  0.295377E+00
   0.742996E+01  0.294786E+00
   0.743134E+01  0.294214E+00
   0.743410E+01  0.293056E+00
   0.743686E+01  0.291860E+00
   0.743963E+01  0.290634E+00
   0.744240E+01  0.289297E+00
   0.744379E+01  0.288586E+00
   0.744517E+01  0.287927E+00
   0.744794E+01  0.286249E+00
   0.745072E+01  0.284477E+00
   0.745211E+01  0.283369E+00
   0.745350E+01  0.282270E+00
   0.745489E+01  0.281076E+00
   0.745627E+01  0.279902E+00
   0.745766E+01  0.278571E+00
   0.745906E+01  0.277119E+00
   0.746045E+01  0.275627E+00
   0.746184E+01  0.274005E+00
   0.746295E+01  0.272636E+00
   0.746351E+01  0.271908E+00
   0.746407E+01  0.271147E+00
   0.746462E+01  0.270293E+00
   0.746518E+01  0.269459E+00
   0.746574E+01  0.268524E+00
   0.746602E+01  0.268065E+00
   0.746630E+01  0.267587E+00
   0.746657E+01  0.267070E+00
   0.746685E+01  0.266567E+00
   0.746713E+01  0.266103E+00
   0.746741E+01  0.265684E+00
   0.746769E+01  0.265325E+00
   0.746797E+01  0.265080E+00
   0.746825E+01  0.264828E+00
   0.746853E+01  0.264621E+00
   0.746881E+01  0.264423E+00
   0.746908E+01  0.264213E+00
   0.746936E+01  0.263981E+00
   0.746964E+01  0.263711E+00
   0.747020E+01  0.263155E+00
   0.747076E+01  0.262497E+00
   0.747132E+01  0.261727E+00
   0.747187E+01  0.260962E+00
   0.747299E+01  0.259397E+00
   0.747439E+01  0.257321E+00
   0.747579E+01  0.255059E+00
   0.747718E+01  0.252671E+00
   0.747858E+01  0.250077E+00
   0.747998E+01  0.247287E+00
   0.748138E+01  0.244534E+00
   0.748278E+01  0.242118E+00
   0.748418E+01  0.240022E+00
   0.748558E+01  0.238150E+00
   0.748698E+01  0.236315E+00
   0.748838E+01  0.234480E+00
   0.748979E+01  0.232743E+00
   0.749119E+01  0.231268E+00
   0.749259E+01  0.229871E+00
   0.749400E+01  0.228521E+00
   0.749540E+01  0.227138E+00
   0.749681E+01  0.225999E+00
   0.749821E+01  0.224875E+00
   0.749962E+01  0.223914E+00
   0.750102E+01  0.222981E+00
   0.750243E+01  0.222132E+00
   0.750384E+01  0.221332E+00
   0.750525E+01  0.220651E+00
   0.750665E+01  0.220001E+00
   0.750947E+01  0.219003E+00
   0.751229E+01  0.218199E+00
   0.751512E+01  0.217602E+00
   0.751794E+01  0.216998E+00
   0.752077E+01  0.216448E+00
   0.752360E+01  0.215868E+00
   0.752501E+01  0.215641E+00
   0.752643E+01  0.215443E+00
   0.752785E+01  0.215434E+00
   0.752926E+01  0.215429E+00
   0.753068E+01  0.215624E+00
   0.753210E+01  0.215866E+00
   0.753352E+01  0.216214E+00
   0.753494E+01  0.216570E+00
   0.753636E+01  0.217091E+00
   0.753778E+01  0.217676E+00
   0.753920E+01  0.218427E+00
   0.754062E+01  0.219169E+00
   0.754347E+01  0.220942E+00
   0.754631E+01  0.222769E+00
   0.754745E+01  0.223472E+00
   0.754859E+01  0.224191E+00
   0.754973E+01  0.224916E+00
   0.755087E+01  0.225650E+00
   0.755201E+01  0.226362E+00
   0.755315E+01  0.227150E+00
   0.755429E+01  0.228020E+00
   0.755544E+01  0.228788E+00
   0.755658E+01  0.229654E+00
   0.755715E+01  0.230107E+00
   0.755772E+01  0.230591E+00
   0.755829E+01  0.231245E+00
   0.755886E+01  0.231910E+00
   0.755943E+01  0.232650E+00
   0.756058E+01  0.234165E+00
   0.756344E+01  0.238056E+00
   0.756916E+01  0.246056E+00
   0.757490E+01  0.253624E+00
   0.757777E+01  0.257152E+00
   0.757949E+01  0.259132E+00
   0.758064E+01  0.260421E+00
   0.758121E+01  0.261010E+00
   0.758179E+01  0.261594E+00
   0.758236E+01  0.262098E+00
   0.758294E+01  0.262555E+00
   0.758409E+01  0.263391E+00
   0.758524E+01  0.264097E+00
   0.758639E+01  0.264750E+00
   0.758697E+01  0.264955E+00
   0.758754E+01  0.265169E+00
   0.758812E+01  0.265337E+00
   0.758870E+01  0.265400E+00
   0.758927E+01  0.265453E+00
   0.758985E+01  0.265448E+00
   0.759042E+01  0.265456E+00
   0.759100E+01  0.265401E+00
   0.759157E+01  0.265254E+00
   0.759215E+01  0.265131E+00
   0.759273E+01  0.264969E+00
   0.759331E+01  0.264783E+00
   0.759388E+01  0.264547E+00
   0.759446E+01  0.264297E+00
   0.759504E+01  0.263898E+00
   0.759561E+01  0.263428E+00
   0.759619E+01  0.262845E+00
   0.759677E+01  0.262255E+00
   0.759734E+01  0.261588E+00
   0.759792E+01  0.260813E+00
   0.759850E+01  0.259949E+00
   0.759908E+01  0.258995E+00
   0.759965E+01  0.257722E+00
   0.760023E+01  0.256176E+00
   0.760081E+01  0.254148E+00
   0.760110E+01  0.253022E+00
   0.760139E+01  0.251926E+00
   0.760168E+01  0.250868E+00
   0.760196E+01  0.249994E+00
   0.760225E+01  0.249268E+00
   0.760254E+01  0.248758E+00
   0.760283E+01  0.248463E+00
   0.760312E+01  0.248425E+00
   0.760341E+01  0.248610E+00
   0.760370E+01  0.248990E+00
   0.760399E+01  0.249542E+00
   0.760428E+01  0.250255E+00
   0.760457E+01  0.251061E+00
   0.760485E+01  0.252099E+00
   0.760543E+01  0.254323E+00
   0.760601E+01  0.256629E+00
   0.760659E+01  0.258807E+00
   0.760717E+01  0.260815E+00
   0.760775E+01  0.262695E+00
   0.760833E+01  0.264476E+00
   0.760891E+01  0.266173E+00
   0.760920E+01  0.266960E+00
   0.760949E+01  0.267602E+00
   0.760978E+01  0.268136E+00
   0.761006E+01  0.268564E+00
   0.761035E+01  0.268838E+00
   0.761064E+01  0.269016E+00
   0.761093E+01  0.269095E+00
   0.761122E+01  0.269085E+00
   0.761151E+01  0.269045E+00
   0.761180E+01  0.268878E+00
   0.761238E+01  0.268253E+00
   0.761296E+01  0.267245E+00
   0.761354E+01  0.266230E+00
   0.761383E+01  0.265817E+00
   0.761412E+01  0.265529E+00
   0.761441E+01  0.265397E+00
   0.761470E+01  0.265476E+00
   0.761499E+01  0.265747E+00
   0.761528E+01  0.266274E+00
   0.761557E+01  0.267073E+00
   0.761586E+01  0.268011E+00
   0.761615E+01  0.269174E+00
   0.761644E+01  0.270389E+00
   0.761673E+01  0.271678E+00
   0.761702E+01  0.272928E+00
   0.761731E+01  0.274218E+00
   0.761760E+01  0.275370E+00
   0.761789E+01  0.276453E+00
   0.761818E+01  0.277346E+00
   0.761847E+01  0.278019E+00
   0.761876E+01  0.278518E+00
   0.761905E+01  0.278805E+00
   0.761934E+01  0.278913E+00
   0.761963E+01  0.278918E+00
   0.761992E+01  0.278775E+00
   0.762021E+01  0.278525E+00
   0.762050E+01  0.278338E+00
   0.762080E+01  0.278167E+00
   0.762108E+01  0.278156E+00
   0.762138E+01  0.278286E+00
   0.762167E+01  0.278498E+00
   0.762196E+01  0.278876E+00
   0.762225E+01  0.279319E+00
   0.762254E+01  0.279950E+00
   0.762283E+01  0.280678E+00
   0.762312E+01  0.281583E+00
   0.762341E+01  0.282646E+00
   0.762370E+01  0.283894E+00
   0.762399E+01  0.285365E+00
   0.762472E+01  0.289286E+00
   0.762544E+01  0.293580E+00
   0.762617E+01  0.298054E+00
   0.762690E+01  0.302455E+00
   0.762763E+01  0.306301E+00
   0.762835E+01  0.309908E+00
   0.762981E+01  0.316757E+00
   0.763126E+01  0.322873E+00
   0.763272E+01  0.328848E+00
   0.763418E+01  0.334443E+00
   0.763563E+01  0.339592E+00
   0.763709E+01  0.344264E+00
   0.763855E+01  0.348602E+00
   0.764001E+01  0.352502E+00
   0.764147E+01  0.356269E+00
   0.764293E+01  0.359717E+00
   0.764439E+01  0.363034E+00
   0.764585E+01  0.365969E+00
   0.764731E+01  0.368701E+00
   0.764878E+01  0.371166E+00
   0.765024E+01  0.373584E+00
   0.765170E+01  0.375766E+00
   0.765317E+01  0.377825E+00
   0.765463E+01  0.379526E+00
   0.765610E+01  0.381092E+00
   0.765756E+01  0.382365E+00
   0.765903E+01  0.383539E+00
   0.766050E+01  0.384388E+00
   0.766196E+01  0.385042E+00
   0.766343E+01  0.385534E+00
   0.766490E+01  0.385924E+00
   0.766637E+01  0.386215E+00
   0.766784E+01  0.386443E+00
   0.766931E+01  0.386496E+00
   0.767078E+01  0.386396E+00
   0.767225E+01  0.386073E+00
   0.767373E+01  0.385615E+00
   0.767520E+01  0.384990E+00
   0.767667E+01  0.384224E+00
   0.767814E+01  0.383302E+00
   0.767962E+01  0.382317E+00
   0.768109E+01  0.381057E+00
   0.768257E+01  0.379754E+00
   0.768405E+01  0.378427E+00
   0.768552E+01  0.377062E+00
   0.768700E+01  0.375636E+00
   0.768848E+01  0.374155E+00
   0.768996E+01  0.372647E+00
   0.769143E+01  0.371132E+00
   0.769291E+01  0.369653E+00
   0.769439E+01  0.368196E+00
   0.769587E+01  0.366758E+00
   0.769735E+01  0.365342E+00
   0.769884E+01  0.363987E+00
   0.770032E+01  0.362655E+00
   0.770180E+01  0.361342E+00
   0.770329E+01  0.360059E+00
   0.770477E+01  0.358942E+00
   0.770625E+01  0.357868E+00
   0.770774E+01  0.356820E+00
   0.770922E+01  0.355790E+00
   0.771071E+01  0.354757E+00
   0.771220E+01  0.353765E+00
   0.771368E+01  0.352962E+00
   0.771517E+01  0.352305E+00
   0.771592E+01  0.352042E+00
   0.771666E+01  0.351823E+00
   0.771741E+01  0.351628E+00
   0.771815E+01  0.351475E+00
   0.771889E+01  0.351394E+00
   0.771964E+01  0.351374E+00
   0.772039E+01  0.351384E+00
   0.772113E+01  0.351430E+00
   0.772188E+01  0.351565E+00
   0.772262E+01  0.351783E+00
   0.772337E+01  0.352041E+00
   0.772411E+01  0.352396E+00
   0.772486E+01  0.352849E+00
   0.772560E+01  0.353403E+00
   0.772710E+01  0.354704E+00
   0.773008E+01  0.357835E+00
   0.773307E+01  0.360889E+00
   0.773607E+01  0.363728E+00
   0.773906E+01  0.366569E+00
   0.774205E+01  0.369446E+00
   0.774505E+01  0.372319E+00
   0.774805E+01  0.375039E+00
   0.775106E+01  0.377710E+00
   0.775256E+01  0.378925E+00
   0.775406E+01  0.380085E+00
   0.775557E+01  0.381221E+00
   0.775707E+01  0.382317E+00
   0.775858E+01  0.383303E+00
   0.776008E+01  0.384253E+00
   0.776159E+01  0.385127E+00
   0.776309E+01  0.385961E+00
   0.776460E+01  0.386699E+00
   0.776611E+01  0.387346E+00
   0.776762E+01  0.387829E+00
   0.776912E+01  0.388260E+00
   0.777063E+01  0.388522E+00
   0.777214E+01  0.388734E+00
   0.777365E+01  0.388908E+00
   0.777441E+01  0.388986E+00
   0.777517E+01  0.389048E+00
   0.777592E+01  0.389059E+00
   0.777668E+01  0.389055E+00
   0.777819E+01  0.389026E+00
   0.777970E+01  0.388955E+00
   0.778122E+01  0.388886E+00
   0.778273E+01  0.388786E+00
   0.778425E+01  0.388692E+00
   0.778576E+01  0.388605E+00
   0.778728E+01  0.388525E+00
   0.778879E+01  0.388498E+00
   0.779031E+01  0.388479E+00
   0.779183E+01  0.388509E+00
   0.779335E+01  0.388549E+00
   0.779486E+01  0.388654E+00
   0.779638E+01  0.388805E+00
   0.779791E+01  0.389220E+00
   0.779943E+01  0.389572E+00
   0.780095E+01  0.390090E+00
   0.780247E+01  0.390686E+00
   0.780399E+01  0.391390E+00
   0.780551E+01  0.392170E+00
   0.780704E+01  0.393103E+00
   0.780856E+01  0.394098E+00
   0.781009E+01  0.395235E+00
   0.781161E+01  0.396473E+00
   0.781314E+01  0.397948E+00
   0.781466E+01  0.399515E+00
   0.781619E+01  0.401221E+00
   0.781772E+01  0.402975E+00
   0.781925E+01  0.404888E+00
   0.782078E+01  0.406872E+00
   0.782384E+01  0.411038E+00
   0.782690E+01  0.415309E+00
   0.782996E+01  0.419660E+00
   0.783303E+01  0.423791E+00
   0.783610E+01  0.427783E+00
   0.783917E+01  0.431602E+00
   0.784225E+01  0.435354E+00
   0.784532E+01  0.438950E+00
   0.784840E+01  0.442417E+00
   0.785148E+01  0.445629E+00
   0.785457E+01  0.448724E+00
   0.785611E+01  0.450126E+00
   0.785765E+01  0.451487E+00
   0.785920E+01  0.452809E+00
   0.786074E+01  0.454109E+00
   0.786383E+01  0.456607E+00
   0.786693E+01  0.459052E+00
   0.787002E+01  0.461358E+00
   0.787312E+01  0.463700E+00
   0.787622E+01  0.466075E+00
   0.787932E+01  0.468475E+00
   0.788243E+01  0.470809E+00
   0.788554E+01  0.473211E+00
   0.788865E+01  0.475703E+00
   0.789176E+01  0.478229E+00
   0.789363E+01  0.479779E+00
   0.789550E+01  0.481362E+00
   0.789675E+01  0.482474E+00
   0.789800E+01  0.483621E+00
   0.789924E+01  0.484660E+00
   0.789987E+01  0.484999E+00
   0.790049E+01  0.485220E+00
   0.790112E+01  0.485254E+00
   0.790174E+01  0.485088E+00
   0.790205E+01  0.484926E+00
   0.790237E+01  0.484674E+00
   0.790268E+01  0.484312E+00
   0.790299E+01  0.483789E+00
   0.790330E+01  0.482978E+00
   0.790362E+01  0.482100E+00
   0.790393E+01  0.480875E+00
   0.790424E+01  0.479575E+00
   0.790440E+01  0.479120E+00
   0.790455E+01  0.478818E+00
   0.790471E+01  0.478737E+00
   0.790487E+01  0.478806E+00
   0.790502E+01  0.479137E+00
   0.790518E+01  0.479559E+00
   0.790533E+01  0.480157E+00
   0.790549E+01  0.480874E+00
   0.790580E+01  0.482750E+00
   0.790611E+01  0.484722E+00
   0.790674E+01  0.487714E+00
   0.790705E+01  0.488747E+00
   0.790737E+01  0.489696E+00
   0.790799E+01  0.491301E+00
   0.790830E+01  0.491967E+00
   0.790862E+01  0.492572E+00
   0.790893E+01  0.493116E+00
   0.790924E+01  0.493622E+00
   0.790956E+01  0.494072E+00
   0.790987E+01  0.494484E+00
   0.791049E+01  0.495253E+00
   0.791362E+01  0.498676E+00
   0.791676E+01  0.501857E+00
   0.791989E+01  0.505069E+00
   0.792303E+01  0.507968E+00
   0.792460E+01  0.509343E+00
   0.792617E+01  0.510707E+00
   0.792774E+01  0.512034E+00
   0.792931E+01  0.513310E+00
   0.793246E+01  0.515747E+00
   0.793561E+01  0.518115E+00
   0.794191E+01  0.522751E+00
   0.794506E+01  0.524892E+00
   0.794822E+01  0.526934E+00
   0.795138E+01  0.528817E+00
   0.795296E+01  0.529665E+00
   0.795455E+01  0.530445E+00
   0.795613E+01  0.531121E+00
   0.795771E+01  0.531794E+00
   0.795834E+01  0.532032E+00
   0.795898E+01  0.532261E+00
   0.795961E+01  0.532490E+00
   0.796024E+01  0.532717E+00
   0.796088E+01  0.532900E+00
   0.796151E+01  0.533057E+00
   0.796215E+01  0.533184E+00
   0.796342E+01  0.533432E+00
   0.796468E+01  0.533657E+00
   0.796595E+01  0.533835E+00
   0.796659E+01  0.533829E+00
   0.796722E+01  0.533686E+00
   0.796754E+01  0.533547E+00
   0.796786E+01  0.533357E+00
   0.796817E+01  0.533110E+00
   0.796849E+01  0.532764E+00
   0.796913E+01  0.531948E+00
   0.796976E+01  0.531016E+00
   0.797040E+01  0.529842E+00
   0.797103E+01  0.528380E+00
   0.797135E+01  0.527469E+00
   0.797167E+01  0.526452E+00
   0.797199E+01  0.525205E+00
   0.797230E+01  0.523628E+00
   0.797262E+01  0.521675E+00
   0.797294E+01  0.519206E+00
   0.797326E+01  0.515996E+00
   0.797358E+01  0.511807E+00
   0.797373E+01  0.509065E+00
   0.797389E+01  0.505498E+00
   0.797405E+01  0.501329E+00
   0.797421E+01  0.495863E+00
   0.797437E+01  0.489762E+00
   0.797453E+01  0.482232E+00
   0.797469E+01  0.474026E+00
   0.797485E+01  0.464246E+00
   0.797516E+01  0.442068E+00
   0.797548E+01  0.417085E+00
   0.797580E+01  0.392377E+00
   0.797612E+01  0.372659E+00
   0.797628E+01  0.364722E+00
   0.797644E+01  0.359328E+00
   0.797660E+01  0.355030E+00
   0.797676E+01  0.354804E+00
   0.797692E+01  0.355172E+00
   0.797707E+01  0.359724E+00
   0.797723E+01  0.364806E+00
   0.797739E+01  0.375114E+00
   0.797771E+01  0.397239E+00
   0.797803E+01  0.421049E+00
   0.797835E+01  0.444614E+00
   0.797867E+01  0.465517E+00
   0.797898E+01  0.483410E+00
   0.797914E+01  0.491685E+00
   0.797930E+01  0.497351E+00
   0.797946E+01  0.503040E+00
   0.797962E+01  0.507008E+00
   0.797978E+01  0.510952E+00
   0.797994E+01  0.513681E+00
   0.798026E+01  0.518574E+00
   0.798058E+01  0.522514E+00
   0.798089E+01  0.525599E+00
   0.798121E+01  0.527932E+00
   0.798185E+01  0.531249E+00
   0.798249E+01  0.533678E+00
   0.798313E+01  0.535699E+00
   0.798376E+01  0.537371E+00
   0.798440E+01  0.538838E+00
   0.798504E+01  0.540078E+00
   0.798567E+01  0.541031E+00
   0.798631E+01  0.541750E+00
   0.798950E+01  0.543972E+00
   0.799110E+01  0.544924E+00
   0.799270E+01  0.545735E+00
   0.799430E+01  0.546492E+00
   0.799589E+01  0.547213E+00
   0.799909E+01  0.548406E+00
   0.800641E+01  0.550738E+00
   0.801282E+01  0.552567E+00
   0.801925E+01  0.554187E+00
   0.802568E+01  0.555106E+00
   0.803213E+01  0.555373E+00
   0.803858E+01  0.555168E+00
   0.804505E+01  0.554720E+00
   0.805153E+01  0.553945E+00
   0.805802E+01  0.552384E+00
   0.806452E+01  0.550140E+00
   0.807103E+01  0.547520E+00
   0.807754E+01  0.544327E+00
   0.808407E+01  0.540507E+00
   0.809061E+01  0.536111E+00
   0.809717E+01  0.531291E+00
   0.810373E+01  0.526227E+00
   0.811030E+01  0.520929E+00
   0.811688E+01  0.515423E+00
   0.812348E+01  0.509630E+00
   0.813008E+01  0.503589E+00
   0.813670E+01  0.497237E+00
   0.814332E+01  0.490509E+00
   0.814996E+01  0.483492E+00
   0.815661E+01  0.476302E+00
   0.816327E+01  0.468809E+00
   0.816994E+01  0.460598E+00
   0.817662E+01  0.452456E+00
   0.817996E+01  0.449012E+00
   0.818331E+01  0.445446E+00
   0.818666E+01  0.442428E+00
   0.819001E+01  0.439807E+00
   0.819336E+01  0.437994E+00
   0.819672E+01  0.437075E+00
   0.820008E+01  0.437115E+00
   0.820345E+01  0.438169E+00
   0.820681E+01  0.439610E+00
   0.821018E+01  0.442235E+00
   0.821355E+01  0.444704E+00
   0.821693E+01  0.448901E+00
   0.822368E+01  0.458103E+00
   0.823045E+01  0.467821E+00
   0.823723E+01  0.476217E+00
   0.824402E+01  0.483353E+00
   0.825083E+01  0.489535E+00
   0.825423E+01  0.491870E+00
   0.825764E+01  0.493428E+00
   0.826105E+01  0.494630E+00
   0.826446E+01  0.495393E+00
   0.826788E+01  0.496597E+00
   0.827130E+01  0.497713E+00
   0.827472E+01  0.498756E+00
   0.827815E+01  0.499495E+00
   0.828157E+01  0.500631E+00
   0.828500E+01  0.501562E+00
   0.828844E+01  0.503410E+00
   0.829187E+01  0.505407E+00
   0.829531E+01  0.508415E+00
   0.829875E+01  0.512363E+00
   0.830220E+01  0.516966E+00
   0.830565E+01  0.522681E+00
   0.831255E+01  0.535687E+00
   0.831947E+01  0.549950E+00
   0.832639E+01  0.562805E+00
   0.833333E+01  0.572274E+00
   0.833681E+01  0.575547E+00
   0.834028E+01  0.578052E+00
   0.834376E+01  0.579785E+00
   0.834724E+01  0.580541E+00
   0.835073E+01  0.580416E+00
   0.835422E+01  0.579090E+00
   0.835771E+01  0.577489E+00
   0.836120E+01  0.576414E+00
   0.836470E+01  0.576908E+00
   0.836820E+01  0.576339E+00
   0.837521E+01  0.572213E+00
   0.838223E+01  0.567332E+00
   0.838926E+01  0.562352E+00
   0.839278E+01  0.560006E+00
   0.839631E+01  0.557507E+00
   0.839983E+01  0.555228E+00
   0.840336E+01  0.551390E+00
   0.840689E+01  0.549113E+00
   0.841043E+01  0.549397E+00
   0.841397E+01  0.550465E+00
   0.841751E+01  0.551691E+00
   0.842105E+01  0.553678E+00
   0.842460E+01  0.556219E+00
   0.842815E+01  0.559015E+00
   0.843170E+01  0.562871E+00
   0.843882E+01  0.571172E+00
   0.844595E+01  0.579223E+00
   0.845308E+01  0.584421E+00
   0.846024E+01  0.589431E+00
   0.846382E+01  0.595772E+00
   0.846740E+01  0.599979E+00
   0.847099E+01  0.603220E+00
   0.847458E+01  0.605772E+00
   0.847817E+01  0.608008E+00
   0.848176E+01  0.609550E+00
   0.848896E+01  0.612406E+00
   0.849618E+01  0.614712E+00
   0.849979E+01  0.615733E+00
   0.850340E+01  0.614879E+00
   0.850702E+01  0.615717E+00
   0.851064E+01  0.617432E+00
   0.851426E+01  0.621814E+00
   0.851789E+01  0.627951E+00
   0.852152E+01  0.633796E+00
   0.852515E+01  0.638758E+00
   0.853242E+01  0.648446E+00
   0.853971E+01  0.659069E+00
   0.854701E+01  0.666809E+00
   0.855432E+01  0.676272E+00
   0.856164E+01  0.681402E+00
   0.856898E+01  0.693712E+00
   0.857633E+01  0.705353E+00
   0.858369E+01  0.714086E+00
   0.859107E+01  0.718901E+00
   0.859845E+01  0.726260E+00
   0.860585E+01  0.728373E+00
   0.861326E+01  0.734829E+00
   0.862069E+01  0.741478E+00
   0.862813E+01  0.751382E+00
   0.863558E+01  0.759071E+00
   0.864304E+01  0.768785E+00
   0.865052E+01  0.773378E+00
   0.865801E+01  0.779904E+00
   0.866551E+01  0.785819E+00
   0.867303E+01  0.790753E+00
   0.868056E+01  0.795580E+00
   0.868810E+01  0.807438E+00
   0.869565E+01  0.809543E+00
   0.870322E+01  0.813210E+00
   0.871080E+01  0.820115E+00
   0.871840E+01  0.822827E+00
   0.872600E+01  0.821320E+00
   0.873362E+01  0.831887E+00
   0.874126E+01  0.835427E+00
   0.874891E+01  0.839015E+00
   0.875657E+01  0.840944E+00
   0.876424E+01  0.840452E+00
   0.877193E+01  0.840747E+00
   0.878735E+01  0.849253E+00
   0.880282E+01  0.854873E+00
   0.881834E+01  0.851849E+00
   0.883392E+01  0.858837E+00
   0.884956E+01  0.863135E+00
   0.886525E+01  0.858792E+00
   0.888100E+01  0.864857E+00
   0.889680E+01  0.866027E+00
   0.891266E+01  0.867481E+00
   0.892857E+01  0.869574E+00
   0.894454E+01  0.874373E+00
   0.896057E+01  0.874995E+00
   0.897666E+01  0.873312E+00
   0.899281E+01  0.882308E+00
   0.900901E+01  0.884553E+00
   0.902527E+01  0.881314E+00
   0.904159E+01  0.889762E+00
   0.905797E+01  0.891971E+00
   0.907441E+01  0.893445E+00
   0.909091E+01  0.895849E+00
   0.910747E+01  0.897241E+00
   0.912409E+01  0.899583E+00
   0.914077E+01  0.899708E+00
   0.915751E+01  0.901008E+00
   0.917431E+01  0.903229E+00
   0.918274E+01  0.891988E+00
   0.919118E+01  0.904121E+00
   0.919963E+01  0.904815E+00
   0.920810E+01  0.902243E+00
   0.921659E+01  0.900162E+00
   0.922509E+01  0.903302E+00
   0.923361E+01  0.904400E+00
   0.924214E+01  0.905528E+00
   0.924642E+01  0.904180E+00
   0.925069E+01  0.905611E+00
   0.925497E+01  0.903705E+00
   0.925926E+01  0.905645E+00
   0.926355E+01  0.906290E+00
   0.926784E+01  0.904081E+00
   0.927214E+01  0.902532E+00
   0.927644E+01  0.904492E+00
   0.928074E+01  0.893405E+00
   0.928505E+01  0.904408E+00
   0.928936E+01  0.903630E+00
   0.929368E+01  0.905027E+00
   0.929800E+01  0.902791E+00
   0.930233E+01  0.903992E+00
   0.930665E+01  0.903730E+00
   0.931099E+01  0.901229E+00
   0.931532E+01  0.902443E+00
   0.931967E+01  0.900466E+00
   0.932401E+01  0.900975E+00
   0.932836E+01  0.901495E+00
   0.933053E+01  0.898170E+00
   0.933271E+01  0.897636E+00
   0.933489E+01  0.898554E+00
   0.933707E+01  0.897535E+00
   0.933794E+01  0.899364E+00
   0.933881E+01  0.897206E+00
   0.933968E+01  0.897884E+00
   0.934056E+01  0.891750E+00
   0.934143E+01  0.898850E+00
   0.934230E+01  0.898414E+00
   0.934318E+01  0.897701E+00
   0.934405E+01  0.897552E+00
   0.934492E+01  0.898314E+00
   0.934579E+01  0.897790E+00
   0.935016E+01  0.897488E+00
   0.935454E+01  0.897634E+00
   0.935891E+01  0.899348E+00
   0.936330E+01  0.896814E+00
   0.936768E+01  0.897182E+00
   0.937207E+01  0.899679E+00
   0.937646E+01  0.896884E+00
   0.938086E+01  0.901291E+00
   0.938527E+01  0.898739E+00
   0.938967E+01  0.900170E+00
   0.939408E+01  0.905206E+00
   0.939850E+01  0.904051E+00
   0.940292E+01  0.905633E+00
   0.940734E+01  0.907534E+00
   0.941620E+01  0.905416E+00
   0.942507E+01  0.909402E+00
   0.943396E+01  0.908788E+00
   0.944287E+01  0.909899E+00
   0.945180E+01  0.906800E+00
   0.946074E+01  0.912875E+00
   0.946970E+01  0.912675E+00
   0.947867E+01  0.913234E+00
   0.948767E+01  0.913671E+00
   0.949217E+01  0.913440E+00
   0.949668E+01  0.899414E+00
   0.950119E+01  0.914403E+00
   0.950570E+01  0.912894E+00
   0.951022E+01  0.911959E+00
   0.951475E+01  0.913210E+00
   0.951928E+01  0.910296E+00
   0.952381E+01  0.914624E+00
   0.953289E+01  0.912545E+00
   0.954199E+01  0.912948E+00
   0.955110E+01  0.909694E+00
   0.956023E+01  0.912025E+00
   0.957854E+01  0.911262E+00
   0.959693E+01  0.909443E+00
   0.961538E+01  0.907584E+00
   0.963391E+01  0.906341E+00
   0.965251E+01  0.904581E+00
   0.967118E+01  0.901585E+00
   0.968992E+01  0.899228E+00
   0.970874E+01  0.899404E+00
   0.972763E+01  0.890937E+00
   0.976563E+01  0.887119E+00
   0.980392E+01  0.884363E+00
   0.984252E+01  0.879993E+00
   0.988142E+01  0.873799E+00
   0.992064E+01  0.868594E+00
   0.996016E+01  0.859712E+00
   0.100000E+02  0.854920E+00
   0.100402E+02  0.847179E+00
   0.100807E+02  0.836526E+00
   0.101215E+02  0.828472E+00
   0.101626E+02  0.820178E+00
   0.102041E+02  0.812177E+00
   0.102459E+02  0.801026E+00
   0.102881E+02  0.784411E+00
   0.103093E+02  0.785739E+00
   0.103306E+02  0.777448E+00
   0.103520E+02  0.775020E+00
   0.103734E+02  0.769317E+00
   0.103950E+02  0.758609E+00
   0.104167E+02  0.759538E+00
   0.104384E+02  0.748008E+00
   0.104603E+02  0.747909E+00
   0.104822E+02  0.743430E+00
   0.105263E+02  0.732560E+00
   0.105820E+02  0.718612E+00
   0.106383E+02  0.704790E+00
   0.106952E+02  0.687351E+00
   0.107527E+02  0.670752E+00
   0.108108E+02  0.652798E+00
   0.108696E+02  0.635292E+00
   0.109170E+02  0.620313E+00
   0.109409E+02  0.613341E+00
   0.109649E+02  0.603297E+00
   0.109890E+02  0.597057E+00
   0.110132E+02  0.585820E+00
   0.110375E+02  0.580261E+00
   0.110620E+02  0.567871E+00
   0.110865E+02  0.558467E+00
   0.111111E+02  0.547534E+00
   0.111359E+02  0.535751E+00
   0.111607E+02  0.524246E+00
   0.111857E+02  0.510310E+00
   0.112108E+02  0.499877E+00
   0.112360E+02  0.485595E+00
   0.112613E+02  0.472143E+00
   0.112867E+02  0.460230E+00
   0.113122E+02  0.446907E+00
   0.113379E+02  0.433353E+00
   0.113636E+02  0.421553E+00
   0.113895E+02  0.409202E+00
   0.114155E+02  0.397056E+00
   0.114416E+02  0.385706E+00
   0.114679E+02  0.374507E+00
   0.114942E+02  0.364048E+00
   0.115207E+02  0.354637E+00
   0.115473E+02  0.345546E+00
   0.115741E+02  0.337207E+00
   0.116009E+02  0.329122E+00
   0.116279E+02  0.321441E+00
   0.116550E+02  0.314444E+00
   0.116822E+02  0.307508E+00
   0.117096E+02  0.300868E+00
   0.117371E+02  0.294689E+00
   0.117647E+02  0.288725E+00
   0.117925E+02  0.282474E+00
   0.118203E+02  0.276693E+00
   0.118483E+02  0.270508E+00
   0.118765E+02  0.264510E+00
   0.119048E+02  0.258506E+00
   0.119332E+02  0.252314E+00
   0.119617E+02  0.246313E+00
   0.119904E+02  0.240355E+00
   0.120192E+02  0.233769E+00
   0.120482E+02  0.227526E+00
   0.120773E+02  0.221464E+00
   0.121065E+02  0.214955E+00
   0.121212E+02  0.211803E+00
   0.121359E+02  0.208822E+00
   0.121507E+02  0.205878E+00
   0.121655E+02  0.202862E+00
   0.121803E+02  0.199622E+00
   0.121951E+02  0.196538E+00
   0.122100E+02  0.193548E+00
   0.122249E+02  0.190845E+00
   0.122399E+02  0.188348E+00
   0.122549E+02  0.185738E+00
   0.122699E+02  0.183227E+00
   0.122850E+02  0.180952E+00
   0.123001E+02  0.178862E+00
   0.123153E+02  0.176871E+00
   0.123305E+02  0.174830E+00
   0.123457E+02  0.172410E+00
   0.123609E+02  0.169828E+00
   0.123762E+02  0.166923E+00
   0.123916E+02  0.163874E+00
   0.124070E+02  0.160471E+00
   0.124147E+02  0.158537E+00
   0.124224E+02  0.156532E+00
   0.124301E+02  0.154269E+00
   0.124378E+02  0.151888E+00
   0.124456E+02  0.149148E+00
   0.124533E+02  0.146515E+00
   0.124611E+02  0.143644E+00
   0.124688E+02  0.140762E+00
   0.124844E+02  0.134623E+00
   0.125000E+02  0.128261E+00
   0.125156E+02  0.122026E+00
   0.125313E+02  0.115831E+00
   0.125471E+02  0.109871E+00
   0.125628E+02  0.103849E+00
   0.125786E+02  0.978896E-01
   0.125945E+02  0.916856E-01
   0.126103E+02  0.857999E-01
   0.126263E+02  0.798579E-01
   0.126422E+02  0.740737E-01
   0.126582E+02  0.686172E-01
   0.126743E+02  0.631914E-01
   0.126904E+02  0.577215E-01
   0.127065E+02  0.523850E-01
   0.127227E+02  0.470193E-01
   0.127388E+02  0.417357E-01
   0.127543E+02  0.366875E-01
   0.127706E+02  0.315866E-01
   0.127869E+02  0.269114E-01
   0.127951E+02  0.248341E-01
   0.128033E+02  0.229904E-01
   0.128115E+02  0.212935E-01
   0.128197E+02  0.197583E-01
   0.128280E+02  0.183728E-01
   0.128362E+02  0.171243E-01
   0.128444E+02  0.159997E-01
   0.128527E+02  0.149854E-01
   0.128692E+02  0.132354E-01
   0.128775E+02  0.124953E-01
   0.128858E+02  0.117696E-01
   0.128941E+02  0.111132E-01
   0.129025E+02  0.104936E-01
   0.129191E+02  0.932946E-02
   0.129358E+02  0.814620E-02
   0.129442E+02  0.751575E-02
   0.129534E+02  0.656627E-02
   0.129618E+02  0.547964E-02
   0.129702E+02  0.499540E-02
   0.129786E+02  0.473684E-02
   0.129870E+02  0.456637E-02
   0.129955E+02  0.442663E-02
   0.130039E+02  0.431476E-02
   0.130124E+02  0.422789E-02
   0.130208E+02  0.416418E-02
   0.130378E+02  0.404039E-02
   0.130719E+02  0.388148E-02
   0.131148E+02  0.374691E-02
   0.131579E+02  0.363808E-02
   0.132013E+02  0.354918E-02
   0.132450E+02  0.346716E-02
   0.132802E+02  0.341809E-02
   0.133067E+02  0.339829E-02
   0.133245E+02  0.340531E-02
   0.133333E+02  0.342517E-02
   0.133422E+02  0.345520E-02
   0.133511E+02  0.350172E-02
   0.133600E+02  0.358240E-02
   0.133690E+02  0.370087E-02
   0.133869E+02  0.401563E-02
   0.134048E+02  0.444068E-02
   0.134228E+02  0.501207E-02
   0.134318E+02  0.537899E-02
   0.134409E+02  0.581281E-02
   0.134491E+02  0.634883E-02
   0.134581E+02  0.714812E-02
   0.134672E+02  0.804787E-02
   0.134763E+02  0.879855E-02
   0.134945E+02  0.100447E-01
   0.135127E+02  0.110369E-01
   0.135310E+02  0.117932E-01
   0.135493E+02  0.123743E-01
   0.135585E+02  0.125297E-01
   0.135677E+02  0.126189E-01
   0.135769E+02  0.125689E-01
   0.135861E+02  0.124356E-01
   0.135954E+02  0.121859E-01
   0.136046E+02  0.117806E-01
   0.136232E+02  0.108802E-01
   0.136417E+02  0.987149E-02
   0.136604E+02  0.868714E-02
   0.136791E+02  0.732618E-02
   0.136884E+02  0.661556E-02
   0.136986E+02  0.578527E-02
   0.137080E+02  0.509700E-02
   0.137174E+02  0.463253E-02
   0.137268E+02  0.428977E-02
   0.137363E+02  0.406477E-02
   0.137552E+02  0.383114E-02
   0.137741E+02  0.368818E-02
   0.137931E+02  0.362256E-02
   0.138408E+02  0.355076E-02
   0.138889E+02  0.353754E-02
   0.139276E+02  0.356087E-02
   0.139373E+02  0.358958E-02
   0.139470E+02  0.363734E-02
   0.139567E+02  0.374338E-02
   0.139665E+02  0.387399E-02
   0.139860E+02  0.429187E-02
   0.140056E+02  0.490701E-02
   0.140146E+02  0.529404E-02
   0.140244E+02  0.577011E-02
   0.140342E+02  0.634347E-02
   0.140441E+02  0.692986E-02
   0.140540E+02  0.754124E-02
   0.140639E+02  0.818035E-02
   0.140738E+02  0.882436E-02
   0.140837E+02  0.944011E-02
   0.141035E+02  0.106590E-01
   0.141234E+02  0.117518E-01
   0.141334E+02  0.121411E-01
   0.141434E+02  0.124495E-01
   0.141484E+02  0.126927E-01
   0.141534E+02  0.131779E-01
   0.141634E+02  0.146385E-01
   0.141735E+02  0.153343E-01
   0.141835E+02  0.157520E-01
   0.142037E+02  0.165434E-01
   0.142239E+02  0.173596E-01
   0.142442E+02  0.181565E-01
   0.142645E+02  0.189503E-01
   0.142849E+02  0.197347E-01
   0.143053E+02  0.204934E-01
   0.143258E+02  0.212764E-01
   0.143361E+02  0.215948E-01
   0.143463E+02  0.217261E-01
   0.143566E+02  0.216768E-01
   0.143669E+02  0.214260E-01
   0.143773E+02  0.209752E-01
   0.143876E+02  0.203234E-01
   0.144084E+02  0.189391E-01
   0.144292E+02  0.174590E-01
   0.144500E+02  0.160161E-01
   0.144709E+02  0.145229E-01
   0.144919E+02  0.130367E-01
   0.145340E+02  0.101774E-01
   0.145552E+02  0.893738E-02
   0.145764E+02  0.768785E-02
   0.145977E+02  0.607559E-02
   0.146190E+02  0.430459E-02
   0.146297E+02  0.355830E-02
   0.146413E+02  0.291649E-02
   0.146520E+02  0.240925E-02
   0.146564E+02  0.215116E-02
   0.146628E+02  0.169948E-02
   0.146735E+02  0.813604E-03
   0.146779E+02  0.483256E-03
   0.146834E+02  0.202986E-03
   0.146894E+02  0.941609E-04
   0.146954E+02  0.127980E-03
   0.146997E+02  0.209563E-03
   0.147012E+02  0.246674E-03
   0.147043E+02  0.336579E-03
   0.147059E+02  0.397018E-03
   0.147090E+02  0.507982E-03
   0.147136E+02  0.664795E-03
   0.147167E+02  0.786701E-03
   0.147182E+02  0.796635E-03
   0.147245E+02  0.841653E-03
   0.147275E+02  0.872764E-03
   0.147304E+02  0.949189E-03
   0.147319E+02  0.103438E-02
   0.147348E+02  0.120896E-02
   0.147378E+02  0.145560E-02
   0.147393E+02  0.156400E-02
   0.147422E+02  0.163867E-02
   0.147437E+02  0.162279E-02
   0.147452E+02  0.153646E-02
   0.147466E+02  0.144508E-02
   0.147495E+02  0.131911E-02
   0.147524E+02  0.120942E-02
   0.147553E+02  0.119044E-02
   0.147597E+02  0.116670E-02
   0.147626E+02  0.117095E-02
   0.147685E+02  0.118979E-02
   0.147744E+02  0.120771E-02
   0.147803E+02  0.123783E-02
   0.147861E+02  0.126947E-02
   0.147891E+02  0.130112E-02
   0.147920E+02  0.137300E-02
   0.147935E+02  0.140845E-02
   0.147980E+02  0.152649E-02
   0.148024E+02  0.163886E-02
   0.148068E+02  0.170216E-02
   0.148098E+02  0.170388E-02
   0.148113E+02  0.167678E-02
   0.148157E+02  0.161908E-02
   0.148172E+02  0.161067E-02
   0.148201E+02  0.160265E-02
   0.148216E+02  0.160504E-02
   0.148245E+02  0.161241E-02
   0.148290E+02  0.169127E-02
   0.148349E+02  0.180024E-02
   0.148438E+02  0.192909E-02
   0.148513E+02  0.203677E-02
   0.148557E+02  0.209040E-02
   0.148617E+02  0.216126E-02
   0.148676E+02  0.221549E-02
   0.148721E+02  0.226851E-02
   0.148781E+02  0.232095E-02
   0.148826E+02  0.235574E-02
   0.148900E+02  0.239292E-02
   0.148960E+02  0.248215E-02
   0.149020E+02  0.258406E-02
   0.149080E+02  0.262899E-02
   0.149140E+02  0.265677E-02
   0.149215E+02  0.271737E-02
   0.149305E+02  0.275335E-02
   0.149395E+02  0.276915E-02
   0.149455E+02  0.280853E-02
   0.149515E+02  0.282750E-02
   0.149591E+02  0.288494E-02
   0.149666E+02  0.292189E-02
   0.149727E+02  0.295013E-02
   0.149802E+02  0.298431E-02
   0.149863E+02  0.301079E-02
   0.149939E+02  0.304379E-02
   0.149999E+02  0.307051E-02
   0.150091E+02  0.311261E-02
   0.150167E+02  0.315105E-02
   0.150243E+02  0.319455E-02
   0.150289E+02  0.322439E-02
   0.150365E+02  0.328180E-02
   0.150411E+02  0.332196E-02
   0.150457E+02  0.336845E-02
   0.150503E+02  0.342224E-02
   0.150518E+02  0.344276E-02
   0.150564E+02  0.350935E-02
   0.150611E+02  0.359121E-02
   0.150641E+02  0.365657E-02
   0.150688E+02  0.378015E-02
   0.150703E+02  0.382918E-02
   0.150734E+02  0.394912E-02
   0.150811E+02  0.447600E-02
   0.150873E+02  0.497485E-02
   0.150889E+02  0.517721E-02
   0.150920E+02  0.561340E-02
   0.150936E+02  0.586589E-02
   0.150952E+02  0.615640E-02
   0.150983E+02  0.689667E-02
   0.151014E+02  0.782368E-02
   0.151045E+02  0.915064E-02
   0.151092E+02  0.116286E-01
   0.151124E+02  0.138995E-01
   0.151156E+02  0.165331E-01
   0.151187E+02  0.197819E-01
   0.151204E+02  0.216715E-01
   0.151235E+02  0.260355E-01
   0.151252E+02  0.284782E-01
   0.151284E+02  0.334388E-01
   0.151317E+02  0.394491E-01
   0.151349E+02  0.463071E-01
   0.151365E+02  0.495381E-01
   0.151397E+02  0.581901E-01
   0.151414E+02  0.633189E-01
   0.151446E+02  0.741317E-01
   0.151462E+02  0.816007E-01
   0.151478E+02  0.925444E-01
   0.151510E+02  0.125805E+00
   0.151526E+02  0.158429E+00
   0.151558E+02  0.259205E+00
   0.151574E+02  0.355617E+00
   0.151605E+02  0.305584E+00
   0.151620E+02  0.215184E+00
   0.151636E+02  0.168399E+00
   0.151651E+02  0.138989E+00
   0.151666E+02  0.116695E+00
   0.151696E+02  0.874058E-01
   0.151711E+02  0.768673E-01
   0.151725E+02  0.687952E-01
   0.151740E+02  0.610550E-01
   0.151755E+02  0.546881E-01
   0.151769E+02  0.500698E-01
   0.151783E+02  0.458986E-01
   0.151812E+02  0.384529E-01
   0.151827E+02  0.353590E-01
   0.151841E+02  0.325776E-01
   0.151870E+02  0.277983E-01
   0.151884E+02  0.257465E-01
   0.151899E+02  0.239619E-01
   0.151914E+02  0.222737E-01
   0.151927E+02  0.207344E-01
   0.151956E+02  0.180448E-01
   0.151971E+02  0.167434E-01
   0.151999E+02  0.143468E-01
   0.152014E+02  0.132654E-01
   0.152028E+02  0.121123E-01
   0.152043E+02  0.110053E-01
   0.152058E+02  0.100513E-01
   0.152073E+02  0.927430E-02
   0.152088E+02  0.857082E-02
   0.152119E+02  0.730728E-02
   0.152149E+02  0.622479E-02
   0.152165E+02  0.574232E-02
   0.152180E+02  0.531335E-02
   0.152196E+02  0.491408E-02
   0.152211E+02  0.455238E-02
   0.152242E+02  0.389917E-02
   0.152258E+02  0.360688E-02
   0.152273E+02  0.335785E-02
   0.152289E+02  0.312837E-02
   0.152305E+02  0.296517E-02
   0.152321E+02  0.291065E-02
   0.152337E+02  0.293746E-02
   0.152370E+02  0.340732E-02
   0.152387E+02  0.376136E-02
   0.152419E+02  0.489405E-02
   0.152436E+02  0.589109E-02
   0.152453E+02  0.697530E-02
   0.152470E+02  0.859778E-02
   0.152487E+02  0.103975E-01
   0.152504E+02  0.126236E-01
   0.152521E+02  0.153330E-01
   0.152538E+02  0.185979E-01
   0.152555E+02  0.225970E-01
   0.152573E+02  0.278951E-01
   0.152590E+02  0.326474E-01
   0.152607E+02  0.376672E-01
   0.152624E+02  0.436399E-01
   0.152642E+02  0.507748E-01
   0.152658E+02  0.614635E-01
   0.152676E+02  0.751667E-01
   0.152692E+02  0.959612E-01
   0.152709E+02  0.129662E+00
   0.152726E+02  0.173805E+00
   0.152742E+02  0.186502E+00
   0.152757E+02  0.174673E+00
   0.152773E+02  0.153228E+00
   0.152789E+02  0.129206E+00
   0.152804E+02  0.110961E+00
   0.152819E+02  0.964554E-01
   0.152834E+02  0.842644E-01
   0.152865E+02  0.671561E-01
   0.152879E+02  0.614588E-01
   0.152909E+02  0.530182E-01
   0.152939E+02  0.465315E-01
   0.152975E+02  0.406321E-01
   0.152999E+02  0.375414E-01
   0.153022E+02  0.348271E-01
   0.153046E+02  0.327757E-01
   0.153069E+02  0.309440E-01
   0.153093E+02  0.293379E-01
   0.153116E+02  0.280367E-01
   0.153139E+02  0.267390E-01
   0.153163E+02  0.256253E-01
   0.153186E+02  0.245730E-01
   0.153210E+02  0.236702E-01
   0.153233E+02  0.226665E-01
   0.153257E+02  0.214685E-01
   0.153280E+02  0.201125E-01
   0.153304E+02  0.188130E-01
   0.153327E+02  0.176596E-01
   0.153349E+02  0.166935E-01
   0.153365E+02  0.160998E-01
   0.153380E+02  0.155288E-01
   0.153396E+02  0.150003E-01
   0.153412E+02  0.145045E-01
   0.153428E+02  0.140364E-01
   0.153445E+02  0.136123E-01
   0.153462E+02  0.132268E-01
   0.153495E+02  0.129475E-01
   0.153512E+02  0.131521E-01
   0.153528E+02  0.135805E-01
   0.153544E+02  0.140526E-01
   0.153559E+02  0.144405E-01
   0.153574E+02  0.145818E-01
   0.153589E+02  0.144695E-01
   0.153604E+02  0.142155E-01
   0.153618E+02  0.138802E-01
   0.153633E+02  0.135081E-01
   0.153648E+02  0.131343E-01
   0.153663E+02  0.128092E-01
   0.153694E+02  0.122991E-01
   0.153725E+02  0.118886E-01
   0.153771E+02  0.113482E-01
   0.153787E+02  0.111862E-01
   0.153803E+02  0.110348E-01
   0.153834E+02  0.107477E-01
   0.153850E+02  0.106131E-01
   0.153866E+02  0.104852E-01
   0.153913E+02  0.101370E-01
   0.153960E+02  0.983465E-02
   0.154040E+02  0.938905E-02
   0.154087E+02  0.914812E-02
   0.154151E+02  0.886245E-02
   0.154214E+02  0.860847E-02
   0.154278E+02  0.837483E-02
   0.154310E+02  0.826663E-02
   0.154326E+02  0.821549E-02
   0.154373E+02  0.806424E-02
   0.154421E+02  0.791477E-02
   0.154469E+02  0.776995E-02
   0.154517E+02  0.763581E-02
   0.154564E+02  0.750528E-02
   0.154580E+02  0.746258E-02
   0.154596E+02  0.742326E-02
   0.154628E+02  0.734291E-02
   0.154692E+02  0.718705E-02
   0.154756E+02  0.704168E-02
   0.154789E+02  0.697327E-02
   0.154820E+02  0.690469E-02
   0.154869E+02  0.680260E-02
   0.154917E+02  0.670759E-02
   0.154965E+02  0.661602E-02
   0.155014E+02  0.652694E-02
   0.155046E+02  0.646934E-02
   0.155062E+02  0.644013E-02
   0.155110E+02  0.635435E-02
   0.155159E+02  0.627023E-02
   0.155191E+02  0.621516E-02
   0.155224E+02  0.616066E-02
   0.155240E+02  0.613611E-02
   0.155256E+02  0.611595E-02
   0.155273E+02  0.609607E-02
   0.155305E+02  0.605679E-02
   0.155337E+02  0.601916E-02
   0.155370E+02  0.598184E-02
   0.155418E+02  0.592395E-02
   0.155467E+02  0.586657E-02
   0.155516E+02  0.580896E-02
   0.155564E+02  0.574862E-02
   0.155613E+02  0.568515E-02
   0.155645E+02  0.563940E-02
   0.155678E+02  0.559107E-02
   0.155694E+02  0.556767E-02
   0.155711E+02  0.554653E-02
   0.155743E+02  0.550671E-02
   0.155776E+02  0.546898E-02
   0.155809E+02  0.543235E-02
   0.155841E+02  0.539237E-02
   0.155873E+02  0.534628E-02
   0.155922E+02  0.526425E-02
   0.155955E+02  0.519993E-02
   0.155987E+02  0.513021E-02
   0.156020E+02  0.505343E-02
   0.156037E+02  0.501218E-02
   0.156053E+02  0.496835E-02
   0.156070E+02  0.492054E-02
   0.156087E+02  0.487271E-02
   0.156103E+02  0.482313E-02
   0.156120E+02  0.476628E-02
   0.156137E+02  0.470331E-02
   0.156156E+02  0.468009E-02
   0.156173E+02  0.470740E-02
   0.156190E+02  0.473559E-02
   0.156207E+02  0.476445E-02
   0.156223E+02  0.479190E-02
   0.156240E+02  0.480522E-02
   0.156255E+02  0.481277E-02
   0.156270E+02  0.474651E-02
   0.156286E+02  0.462846E-02
   0.156302E+02  0.451385E-02
   0.156318E+02  0.438427E-02
   0.156335E+02  0.421070E-02
   0.156354E+02  0.401855E-02
   0.156373E+02  0.388010E-02
   0.156391E+02  0.375127E-02
   0.156411E+02  0.364265E-02
   0.156431E+02  0.371702E-02
   0.156450E+02  0.380985E-02
   0.156469E+02  0.414562E-02
   0.156487E+02  0.502303E-02
   0.156504E+02  0.613504E-02
   0.156521E+02  0.710835E-02
   0.156538E+02  0.780615E-02
   0.156554E+02  0.810006E-02
   0.156570E+02  0.842143E-02
   0.156585E+02  0.870556E-02
   0.156600E+02  0.851695E-02
   0.156615E+02  0.832157E-02
   0.156630E+02  0.817463E-02
   0.156644E+02  0.798952E-02
   0.156660E+02  0.789222E-02
   0.156674E+02  0.775613E-02
   0.156690E+02  0.769025E-02
   0.156703E+02  0.762166E-02
   0.156718E+02  0.750862E-02
   0.156733E+02  0.738904E-02
   0.156749E+02  0.725180E-02
   0.156766E+02  0.712477E-02
   0.156782E+02  0.699517E-02
   0.156799E+02  0.699885E-02
   0.156814E+02  0.726529E-02
   0.156830E+02  0.805528E-02
   0.156845E+02  0.897025E-02
   0.156862E+02  0.101754E-01
   0.156878E+02  0.115584E-01
   0.156895E+02  0.127633E-01
   0.156915E+02  0.142496E-01
   0.156976E+02  0.180116E-01
   0.157038E+02  0.209820E-01
   0.157100E+02  0.232667E-01
   0.157223E+02  0.260589E-01
   0.157347E+02  0.283519E-01
   0.157421E+02  0.293892E-01
   0.157446E+02  0.294821E-01
   0.157471E+02  0.290274E-01
   0.157496E+02  0.280218E-01
   0.157520E+02  0.260831E-01
   0.157545E+02  0.217058E-01
   0.157555E+02  0.185887E-01
   0.157561E+02  0.162605E-01
   0.157567E+02  0.135939E-01
   0.157573E+02  0.112918E-01
   0.157580E+02  0.896309E-02
   0.157586E+02  0.759855E-02
   0.157592E+02  0.702221E-02
   0.157598E+02  0.683511E-02
   0.157604E+02  0.691122E-02
   0.157611E+02  0.734018E-02
   0.157617E+02  0.838543E-02
   0.157623E+02  0.102648E-01
   0.157629E+02  0.132414E-01
   0.157636E+02  0.162576E-01
   0.157645E+02  0.207226E-01
   0.157670E+02  0.274566E-01
   0.157694E+02  0.301360E-01
   0.157719E+02  0.313479E-01
   0.157744E+02  0.320857E-01
   0.157769E+02  0.324616E-01
   0.157844E+02  0.332436E-01
   0.157968E+02  0.344668E-01
   0.158093E+02  0.356030E-01
   0.158218E+02  0.364523E-01
   0.158344E+02  0.371141E-01
   0.158469E+02  0.376126E-01
   0.158721E+02  0.385247E-01
   0.158973E+02  0.394177E-01
   0.159226E+02  0.402020E-01
   0.159353E+02  0.404746E-01
   0.159480E+02  0.406446E-01
   0.159607E+02  0.405617E-01
   0.159735E+02  0.403133E-01
   0.159863E+02  0.399433E-01
   0.159990E+02  0.394101E-01
   0.160118E+02  0.385814E-01
   0.160247E+02  0.373272E-01
   0.160311E+02  0.364798E-01
   0.160375E+02  0.353443E-01
   0.160440E+02  0.337136E-01
   0.160504E+02  0.312815E-01
   0.160633E+02  0.235797E-01
   0.160707E+02  0.151369E-01
   0.160772E+02  0.981585E-02
   0.160836E+02  0.642347E-02
   0.160901E+02  0.471368E-02
   0.160966E+02  0.414263E-02
   0.161031E+02  0.399018E-02
   0.161095E+02  0.396292E-02
   0.161160E+02  0.397958E-02
   0.161225E+02  0.401240E-02
   0.161290E+02  0.406268E-02
   0.161355E+02  0.413307E-02
   0.161421E+02  0.422069E-02
   0.161551E+02  0.449433E-02
   0.161682E+02  0.493687E-02
   0.161812E+02  0.562315E-02
   0.161943E+02  0.669796E-02
   0.162075E+02  0.803690E-02
   0.162206E+02  0.976980E-02
   0.162328E+02  0.116513E-01
   0.162460E+02  0.136338E-01
   0.162592E+02  0.155179E-01
   0.162857E+02  0.193608E-01
   0.163122E+02  0.225005E-01
   0.163256E+02  0.236316E-01
   0.163522E+02  0.250164E-01
   0.163656E+02  0.255292E-01
   0.163790E+02  0.258687E-01
   0.163925E+02  0.260273E-01
   0.164194E+02  0.261323E-01
   0.164329E+02  0.261348E-01
   0.164464E+02  0.260808E-01
   0.164599E+02  0.258911E-01
   0.164735E+02  0.256233E-01
   0.165007E+02  0.249967E-01
   0.165279E+02  0.243194E-01
   0.165965E+02  0.225388E-01
   0.166103E+02  0.221874E-01
   0.166241E+02  0.219155E-01
   0.166379E+02  0.217310E-01
   0.166657E+02  0.215702E-01
   0.166935E+02  0.214836E-01
   0.167214E+02  0.214391E-01
   0.167494E+02  0.214786E-01
   0.167634E+02  0.215949E-01
   0.167775E+02  0.220028E-01
   0.168057E+02  0.231255E-01
   0.168340E+02  0.239814E-01
   0.168482E+02  0.242428E-01
   0.168624E+02  0.243560E-01
   0.168766E+02  0.243800E-01
   0.168909E+02  0.242515E-01
   0.169051E+02  0.239761E-01
   0.169195E+02  0.235830E-01
   0.169481E+02  0.227367E-01
   0.169769E+02  0.219896E-01
   0.169913E+02  0.217851E-01
   0.170058E+02  0.217251E-01
   0.170203E+02  0.217680E-01
   0.170347E+02  0.219485E-01
   0.170493E+02  0.224727E-01
   0.170638E+02  0.235153E-01
   0.170930E+02  0.268792E-01
   0.171223E+02  0.310260E-01
   0.171516E+02  0.357837E-01
   0.171811E+02  0.404158E-01
   0.172107E+02  0.443191E-01
   0.172403E+02  0.465104E-01
   0.172701E+02  0.477264E-01
   0.173000E+02  0.481707E-01
   0.173300E+02  0.480431E-01
   0.173601E+02  0.473381E-01
   0.173903E+02  0.458725E-01
   0.174205E+02  0.438235E-01
   0.174510E+02  0.415911E-01
   0.174815E+02  0.394165E-01
   0.175121E+02  0.372405E-01
   0.175428E+02  0.353402E-01
   0.175736E+02  0.338839E-01
   0.176046E+02  0.327022E-01
   0.176356E+02  0.318566E-01
   0.176668E+02  0.312324E-01
   0.176980E+02  0.307990E-01
   0.177294E+02  0.306507E-01
   0.177609E+02  0.309744E-01
   0.177925E+02  0.317556E-01
   0.178242E+02  0.332393E-01
   0.178561E+02  0.352989E-01
   0.178880E+02  0.379754E-01
   0.179201E+02  0.410210E-01
   0.179522E+02  0.444814E-01
   0.179845E+02  0.482162E-01
   0.180169E+02  0.522670E-01
   0.180505E+02  0.569720E-01
   0.181159E+02  0.677864E-01
   0.181818E+02  0.792637E-01
   0.182482E+02  0.911044E-01
   0.183150E+02  0.103726E+00
   0.183823E+02  0.117674E+00
   0.184502E+02  0.132550E+00
   0.185185E+02  0.149556E+00
   0.185529E+02  0.159460E+00
   0.185874E+02  0.170968E+00
   0.186220E+02  0.184314E+00
   0.186567E+02  0.199114E+00
   0.186916E+02  0.215710E+00
   0.187266E+02  0.234338E+00
   0.187617E+02  0.253390E+00
   0.187970E+02  0.272944E+00
   0.188324E+02  0.293666E+00
   0.188679E+02  0.312439E+00
   0.189036E+02  0.330950E+00
   0.189394E+02  0.349857E+00
   0.189753E+02  0.366175E+00
   0.190114E+02  0.380620E+00
   0.190476E+02  0.396807E+00
   0.190840E+02  0.409927E+00
   0.191205E+02  0.419390E+00
   0.191571E+02  0.434684E+00
   0.191939E+02  0.445299E+00
   0.192308E+02  0.450738E+00
   0.192678E+02  0.463479E+00
   0.193050E+02  0.476850E+00
   0.193424E+02  0.480872E+00
   0.193798E+02  0.485209E+00
   0.194175E+02  0.499615E+00
   0.194552E+02  0.507818E+00
   0.195313E+02  0.515332E+00
   0.196078E+02  0.533900E+00
   0.196850E+02  0.542492E+00
   0.197629E+02  0.558238E+00
   0.198413E+02  0.565317E+00
   0.199203E+02  0.581089E+00
   0.200000E+02  0.587037E+00
   0.202020E+02  0.617292E+00
   0.204082E+02  0.642765E+00
   0.206186E+02  0.666542E+00
   0.208333E+02  0.678515E+00
   0.210526E+02  0.703781E+00
   0.212766E+02  0.721942E+00
   0.215054E+02  0.734664E+00
   0.217391E+02  0.750026E+00
   0.219780E+02  0.771201E+00
   0.222222E+02  0.787867E+00
   0.224719E+02  0.802228E+00
   0.227273E+02  0.815617E+00
   0.229885E+02  0.825190E+00
   0.232558E+02  0.841863E+00
   0.235294E+02  0.848509E+00
   0.238095E+02  0.854741E+00
   0.240964E+02  0.857883E+00
   0.243902E+02  0.858549E+00
   0.246914E+02  0.860007E+00
   0.250000E+02  0.857249E+00
   0.253165E+02  0.853966E+00
   0.256410E+02  0.847514E+00
   0.259740E+02  0.832020E+00
   0.263158E+02  0.823287E+00
   0.266667E+02  0.826357E+00
   0.270270E+02  0.810728E+00
   0.273973E+02  0.811172E+00
   0.277778E+02  0.800021E+00
   0.281690E+02  0.786665E+00
   0.285714E+02  0.778800E+00
   0.289855E+02  0.765277E+00
   0.294118E+02  0.751054E+00
   0.298508E+02  0.730628E+00
   0.303030E+02  0.722718E+00
   0.307692E+02  0.700646E+00
   0.312500E+02  0.693246E+00
   0.317460E+02  0.678314E+00
   0.322581E+02  0.660686E+00
   0.327869E+02  0.646943E+00
   0.333333E+02  0.624843E+00
   0.338983E+02  0.612955E+00
   0.344828E+02  0.596989E+00
   0.350877E+02  0.578135E+00
   0.357143E+02  0.561195E+00
   0.363636E+02  0.545110E+00
   0.370370E+02  0.527449E+00
   0.377358E+02  0.510416E+00
   0.384615E+02  0.493149E+00
   0.392157E+02  0.474327E+00
   0.400000E+02  0.453163E+00
   0.408163E+02  0.434984E+00
   0.416667E+02  0.416703E+00
   0.425532E+02  0.392547E+00
   0.434783E+02  0.366009E+00
   0.444444E+02  0.338799E+00
   0.454545E+02  0.313403E+00
   0.465116E+02  0.291019E+00
   0.476191E+02  0.272304E+00
   0.487805E+02  0.255801E+00
   0.500000E+02  0.241098E+00
   0.512820E+02  0.226331E+00
   0.526316E+02  0.211089E+00
   0.540540E+02  0.195895E+00
   0.555556E+02  0.180505E+00
   0.571429E+02  0.165056E+00
   0.588235E+02  0.149545E+00
   0.602410E+02  0.137204E+00
   0.617284E+02  0.125265E+00
   0.632911E+02  0.113984E+00
   0.649351E+02  0.104338E+00
   0.666667E+02  0.963863E-01
   0.675676E+02  0.927548E-01
   0.684932E+02  0.890327E-01
   0.694444E+02  0.849058E-01
   0.704225E+02  0.804604E-01
   0.714286E+02  0.756940E-01
   0.735294E+02  0.668189E-01
   0.813008E+02  0.435529E-01
   0.833333E+02  0.393777E-01
   0.862069E+02  0.343216E-01
   0.877193E+02  0.318794E-01
   0.892857E+02  0.292727E-01
   0.900901E+02  0.278154E-01
   0.909091E+02  0.261532E-01
   0.917431E+02  0.244607E-01
   0.925926E+02  0.229348E-01
   0.934579E+02  0.216690E-01
   0.943396E+02  0.207167E-01
   0.952381E+02  0.202913E-01
   0.961539E+02  0.202916E-01
   0.970874E+02  0.205781E-01
   0.980392E+02  0.212366E-01
   0.990099E+02  0.224798E-01
   0.100000E+03  0.240722E-01
   0.102041E+03  0.280772E-01
   0.106383E+03  0.386681E-01
   0.111111E+03  0.531173E-01
   0.113636E+03  0.621213E-01
   0.116279E+03  0.719830E-01
   0.119048E+03  0.818115E-01
   0.121951E+03  0.911945E-01
   0.123457E+03  0.952107E-01
   0.125000E+03  0.987591E-01
   0.126582E+03  0.101431E+00
   0.128205E+03  0.103570E+00
   0.129870E+03  0.104403E+00
   0.131579E+03  0.102685E+00
   0.133333E+03  0.982939E-01
   0.135135E+03  0.908217E-01
   0.138889E+03  0.715530E-01
   0.142857E+03  0.535584E-01
   0.144928E+03  0.472326E-01
   0.147059E+03  0.428012E-01
   0.149254E+03  0.397055E-01
   0.151515E+03  0.381687E-01
   0.153846E+03  0.385186E-01
   0.156250E+03  0.398370E-01
   0.158730E+03  0.423211E-01
   0.161290E+03  0.456548E-01
   0.166667E+03  0.547865E-01
   0.172414E+03  0.679095E-01
   0.178571E+03  0.850595E-01
   0.181818E+03  0.969747E-01
   0.185185E+03  0.114801E+00
   0.188679E+03  0.143901E+00
   0.192308E+03  0.191034E+00
   0.196078E+03  0.230082E+00
   0.200000E+03  0.258644E+00
